X1,X2,X3,X4,X5,X6,X7,X8,X9,X10,X11,X12,X13,X14,X15,y
0.37648806746680147,0.4287037651124243,0.4506904612595359,0.41617437744901664,0.5111376994761898,-0.13300234929860344,-0.09308097831195794,-0.1652758226369865,-0.19026007047933927,-0.07261038323334082,0.2515017147741304,0.2397028485106243,0.24374373546508715,0.8793072927089763,-0.3398211683082972,4.501896604597202
1.403859113048649,1.44531818914067,1.4242076581684313,1.4153318219007347,1.357994315469114,-0.247628219005949,-0.16877507086664692,-0.23772067913985181,-0.20080318586117046,-0.31639475322486055,0.9285854697722824,0.8916718012465535,0.900580741992267,0.039309198743465314,0.18213487101117645,6.66124701361657
1.4795718980609396,1.5011530183342443,1.410470016100521,1.4531491655533095,1.5359894572264692,0.7204442448225802,0.7539974883020405,0.6991939396430061,0.7846006513159954,0.7126732399013902,1.5621031428679517,1.7544246530000582,1.6458680251915891,-0.9123255140663579,1.3597718933283136,8.22558955733151
0.609816424273676,0.5390635586988367,0.49892753182159455,0.4880322504696095,0.5037458385140802,-0.40451022179595414,-0.5373716927199277,-0.4347259058245332,-0.40248755948164194,-0.4423298093409059,0.009404737019143974,0.09586519073801669,0.10274271862376066,-0.4624991531999693,-0.04470875675958535,2.7728929085524436
0.25769181421442033,0.1615212398236911,0.2665056120788197,0.21915664245217298,0.26523704353095146,-1.753723399673382,-1.825387354051296,-1.7577573058518123,-1.7633923561820435,-1.8168207995049264,-1.1773315078391462,-1.0458900352886276,-1.2072834465885718,0.34285346578164794,-0.8861126513476503,11.955804450283505
-0.6009472312339187,-0.5045447890865575,-0.5978847587327638,-0.4923154284623549,-0.49532656816118265,-0.9336651977745238,-1.0199749430635483,-1.0007416721747628,-0.9727840408776146,-0.9531647615137985,-1.1469163064369963,-1.1274312113488025,-1.1449004042784106,1.818464378381593,-1.6196898655166265,-0.6150854145078719
-0.8383210572742684,-0.9978424533252891,-0.8101987391926206,-0.8786808236804354,-0.7822271186891924,-1.3366023558449383,-1.3518188049144304,-1.2916474913801061,-1.365019464677309,-1.3111665252780522,-1.665009032360509,-1.6284777736439588,-1.5623984566924027,-0.48401962319627845,0.5130478674102508,-4.620640310253958
-0.29185268490912714,-0.24598171308039937,-0.19009874440799196,-0.29376877080068853,-0.1468148030811487,0.13905238296874903,0.11315200626022234,0.02506819083618326,0.027306726841937697,0.0623814225012601,-0.12826680021285014,-0.17737995532286066,-0.1339059041530932,0.8047874435273991,0.2472881256277393,-5.105177310145872
-0.4630290356045698,-0.5415772804215008,-0.5538752543974754,-0.46016019597416546,-0.4498350051684087,0.08973463657179667,0.12063400201812141,0.06299509959952856,0.102581636893693,0.08697354611718874,-0.27094302778841295,-0.34390043447520025,-0.36657386204957493,-0.32805645067676004,-0.6459081732622967,-4.47316933266343
0.33335688483749437,0.38857945873195027,0.34983663556149597,0.31505861074763636,0.42909663338670023,-0.5190607885045193,-0.513202212102993,-0.529677024505704,-0.5745362952213057,-0.5909862226558494,-0.17459435894510034,-0.06236281266806808,-0.18171496720618663,0.11046875588613572,1.0260141257072977,9.186730274146633
-0.5763030910548855,-0.5704897389840836,-0.49170519123587536,-0.5745573029731584,-0.5570523323771297,1.7452611353659269,1.7767519713191677,1.8057610941838715,1.7699981567104466,1.729088485181573,0.9293214103193257,0.8492983861035905,0.8588974638334783,1.5153967492635925,-0.42177686438763046,-7.605456682183343
-0.9385355501309958,-1.0751035352009195,-0.968147991832812,-0.9824985571610697,-1.0032161281562633,0.8029688143985743,0.7165013695145844,0.8239881633361623,0.7749527936462541,0.8207948327143728,-0.21450410092986563,-0.06865214678967492,-0.08686807541060965,0.7642925814204332,-0.1346440918247952,-3.401318868013595
0.1340622368253051,0.14917075896366686,0.19885959799942501,0.20840093617465677,0.24206126941343434,-1.8673647459253093,-1.9877289680144234,-1.9274764880966937,-1.8683680041721253,-1.8940130416596124,-1.2881606832361867,-1.2877326832465086,-1.1793232595936771,-1.2412992727409569,-0.016664133297943518,14.922348449480847
0.11716226482001778,0.19695217455303768,0.17513400822761813,0.24172715145174112,0.22362222164731846,0.6987506418629993,0.7089836890796194,0.6782457020920373,0.6627085483470326,0.7438818064460521,0.7510467413912305,0.6020560194015099,0.7121055019367859,-0.5724750238115909,-0.3509527421380881,-3.9308624562026875
-0.13904583458612874,-0.1138192353620563,-0.10603541474624552,-0.08591571109919055,-0.1253191801057415,-0.3049178366829349,-0.2967448341273826,-0.24489908120965828,-0.23896756013224982,-0.2850985566968308,-0.3246242909675461,-0.3087879456354416,-0.2507277024669312,1.2562213444413588,0.23586506574957086,-0.23910715792023263
-0.6319330554240074,-0.7128082034567605,-0.7094401758720884,-0.7269174769598286,-0.6636108275345598,-0.3703641308527634,-0.4864541193808922,-0.43552974038360337,-0.43378092929961254,-0.4636695727546046,-0.8918836859017553,-0.8295255816321061,-0.7790259019673815,0.14187804262849532,1.151515145933001,-3.759132284272014
0.2504700713161962,0.30239568561443936,0.2211998998040876,0.4353654837896214,0.3246825517508086,-1.711534449500024,-1.759919510077166,-1.7285727899044703,-1.6836103443088613,-1.6439677868073903,-1.0806980031445823,-0.9474409414334843,-1.0279994123850067,-1.1488401196158635,-1.1424818981184228,6.413752696246947
-0.5074359463010292,-0.33101976653753623,-0.2637192708687641,-0.35611149322858904,-0.40852481181850353,-0.6800875129180962,-0.6798130609642962,-0.6201600033343887,-0.680447362953121,-0.6794485965268167,-0.6896478238151457,-0.7208644756462793,-0.7533331042732668,-0.8189524449737209,0.48852013847400877,-6.384223005423025
0.9568916034507033,0.9535649177276926,0.9872157963311234,0.972082535040078,1.043972583439971,0.990765791452644,0.8749915389171498,0.8489757502108151,0.8181204576408343,0.9166253151967992,1.3565305233955014,1.352779986261303,1.324099983477327,0.7034935227111718,0.17215866960644105,1.801810095762597
-0.26616471706310785,-0.29815631926010755,-0.273844393802527,-0.2455554859058753,-0.2909917949321494,0.3635926380661023,0.34799415101870523,0.40442650225299637,0.3800984694608529,0.325336565892975,0.002750252133324615,0.008769948560739226,0.004911337359792871,0.9944102812176302,0.15376382954470624,-7.746323971449152
-0.395202438466084,-0.3467186965489983,-0.4581109134468709,-0.44274297865652185,-0.3527801130680829,-0.2956317127652781,-0.16694447375222726,-0.09913395470971333,-0.1486440924240359,-0.2061922622852223,-0.4733433357357069,-0.48133639614560997,-0.4311780006096379,0.017855301482174405,0.8718445698740908,-1.5156186457176326
-1.1595543609809071,-1.2075804247208333,-1.1731521329128665,-1.1164348832296707,-1.2176709063866287,0.7436365943139679,0.8523028936331245,0.8021044025922665,0.6907036391459898,0.798331272041216,-0.2179294169470419,-0.31430924794681747,-0.26184739693991865,2.475313800936102,0.0492974252171587,-2.6779279871850044
-0.08898094585711727,-0.16100175208005008,-0.07770583954875568,0.0561995844287172,-0.09624855414348546,0.8627567861193202,0.9015760501951532,1.0214065882359116,0.9915133680329057,0.9806857392818549,0.6430894517193871,0.6076677965881021,0.7176399843661979,0.8241523634556386,0.4802292619057029,-5.975921045579394
-0.5551687301620807,-0.5736842836349376,-0.6928335049845835,-0.6266198382876204,-0.6112318250403244,0.29579129056223047,0.3873787698358649,0.34656539273916226,0.3894498837446487,0.4012018055234911,-0.08140421542606592,-0.14721270979602674,-0.2556776939790582,-0.2434810696329004,0.7158646295711472,-4.276971120599037
-0.127521822139225,-0.06796689021915912,0.07981958774821127,-0.049922781855323756,0.022834317726991744,1.3294857397116038,1.4887764101797423,1.5246833477420565,1.4926302791383523,1.5347188236437705,1.0768603603955498,0.9787640852964812,1.0951842492277502,-0.8157060480993442,-0.5043652003806066,-2.5804449341842823
0.7613813403973121,0.7648955027693316,0.7190817792353428,0.7866363047570858,0.8007808477865719,0.07584523594156553,0.11742817103219189,0.15658072959136637,0.1626002596138506,0.10725841586257678,0.6893539391772925,0.7171326357016292,0.5738495607359105,-0.9748843046390414,0.2991834608137983,5.161165082288213
0.09669393220498006,0.04811491880217146,0.0355744235163682,0.1407485344877791,0.10269637541776475,-1.9452875598289137,-1.9100162120341253,-1.8759155347811325,-1.877354486764704,-1.9445700164312862,-1.2868037037505529,-1.3442154079258848,-1.3223568731870912,0.3354213204803695,-0.2507876072106319,9.949502913622469
0.3617178790004108,0.3262669358977835,0.31724398271683907,0.2639302414266391,0.28289375330845173,1.4069946053442621,1.4575833611989697,1.391239983928726,1.3331581661069807,1.526428691913143,1.282682265364382,1.2458792010576758,1.3215213025051078,-0.48877704491340684,-0.1326817797198955,-5.242221033554373
-0.7935592574080723,-0.6881420171437111,-0.7036651365059093,-0.8663467173223535,-0.8259159926100018,-0.557925254349436,-0.46190795348804753,-0.5619002893141655,-0.4584107413528936,-0.5468500019589002,-0.9465240018354301,-0.8801874879995435,-0.9279005808756179,1.6737437539834248,-0.32206139647833193,-3.215955443076528
0.31403560476199227,0.3524199771076062,0.31303900413983293,0.2829577906456928,0.32843878719119546,-0.4991266009200848,-0.5372444428245743,-0.5074288698647615,-0.4910273284930503,-0.45580903486457136,-0.12410816944682035,-0.06644553666779217,-0.11315003567080024,1.4663118029178595,0.4710804040968864,0.5155023276849215
-0.03219269579001112,0.13533484747498722,0.030416882079115234,0.01052752392767399,0.024018372189720444,0.8994669271002284,0.9196115395605853,0.9613839002343603,0.890047898567337,0.9417769318505597,0.7715107144770144,0.8018873999968485,0.698019161175004,0.6330665474972272,0.08164470901825371,-1.4320570096943297
-0.3441914598845722,-0.3820903920575121,-0.2485621212300128,-0.3325206066441617,-0.33787292678234626,-0.29740509721611996,-0.3844805384224047,-0.3252210740971683,-0.3438248036316785,-0.4312098640996055,-0.5324685122172744,-0.47874660734295355,-0.5870237087207673,-1.1789961729568956,0.39454403431667434,-6.614934554905769
0.3039896988390706,0.22375657638370378,0.3178642945506213,0.30643924801781175,0.3063601296656401,0.3185703516581761,0.2724614261027845,0.2732207618568153,0.16461924526135174,0.24178746162696987,0.39833982776865856,0.4443660589572176,0.41787436559551594,-0.672218872552405,-0.017517362895748446,4.164919986126009
-0.27197247841912353,-0.3648117096806609,-0.19593602884556693,-0.2673952198840027,-0.27197399032022834,-1.3053349247973793,-1.403591042416619,-1.3716671596960053,-1.295073863575754,-1.3485398492601255,-1.0931602638849132,-1.2407953916550862,-1.0677700010941062,1.2556775257411008,-1.604121012470325,-0.4939293552693531
-0.3226295796209511,-0.3660478317545687,-0.289792078641889,-0.39692011953949813,-0.24531099258234068,-0.7784940947935985,-0.7636309908663226,-0.8610044842079174,-0.8060694909408105,-0.6968842699700117,-0.6979968630703878,-0.8275857770982792,-0.8512964970323663,-0.563066199795102,0.031368416099708474,5.425130893986523
0.40619193901394635,0.4316834732930944,0.503566409002934,0.3873151720595789,0.445045131185706,1.8911456259130182,1.81164196878247,1.767115851249767,1.742629299894152,1.756211061135993,1.645884196635019,1.5576072276163058,1.6642754396228878,1.1221417339195243,0.063537955156817,-6.598114237441448
0.22754541114373789,0.27052019697404467,0.35392761593843175,0.2878000454173847,0.16610187126971113,-0.1483753838698499,-0.06907245461820719,-0.08594086353055642,-0.0764148585932327,-0.08382087029907655,0.22131111678863208,0.18940506903037674,0.13034430291043853,0.474603923034761,0.2425959371534602,-2.2808169271118612
-0.01666499312692749,-0.03626384482436223,-0.0595239488269208,-0.10993685360258666,-0.07180674383585539,-0.01295923203420802,0.1245657616634249,0.041572251084474404,0.07886734584615689,-0.059584780807088046,-0.007867276416056102,0.004427533198072351,-0.043183141940387124,0.05171788481318731,-0.593729193685742,1.9561966541101492
-0.23087954480629702,-0.18385793072796905,-0.10154866690150878,-0.1417312966267672,-0.2970317787668139,0.28228082022247863,0.3251711139204845,0.31739779306582805,0.2946661783966033,0.37320811487311073,0.11152457688970763,0.11870079212584572,0.01985519921913481,-0.7028328129354411,-1.195469716665512,0.6344664568550265
-1.1205746997233577,-1.1446884128673256,-1.0910857262506102,-1.069378825551639,-1.149373703865962,1.1983835792353252,1.085307633952232,1.1849654943400114,1.0485487155006505,1.0321582616382659,0.04882731925590564,0.008694190951273918,-0.017309417505125477,-0.0942438435247516,0.624606644894278,-13.5400487779111
0.7819911581703556,0.7617182938109837,0.776435140497782,0.7991846047987259,0.7897997735195145,-0.8740350273985064,-0.8530836271801183,-0.8577416219629473,-0.8892225466145964,-0.8475725388430433,-0.12766552207478427,-0.12596420223436852,-0.10307196982238966,0.18964795487489794,-0.2736065565341689,11.065499984988591
-1.323909861604245,-1.293464595678636,-1.4163720512348332,-1.2708344989090825,-1.3524532567664096,0.5483519769497927,0.5722975166843568,0.5466776496524337,0.5008621217413837,0.5524438476241635,-0.5947752838966578,-0.5998436887932216,-0.6361414271323192,1.0325388983011217,0.17124404768499576,-18.671607623550525
-0.9703360723523506,-1.0218038482446776,-0.9495287971435638,-0.8309088126411731,-0.9179696466933556,-0.6100783609282238,-0.5178178629142921,-0.550943933772838,-0.5492168382041268,-0.5428828914618004,-1.0028886002216597,-1.0250929537726858,-1.1744858023746925,-0.8857356006337547,-0.28146007988829563,-7.353432788465577
-0.46709105119584954,-0.4633194870185218,-0.5189430509272175,-0.496106473841342,-0.5544185873244765,-1.425833780249307,-1.5644131592960564,-1.4669110211674403,-1.4193791987872804,-1.4326371602692822,-1.4866523024169793,-1.476671492061853,-1.4802333260239577,-0.26281684252611515,-0.0060618257735948035,7.243937397761668
-0.9734580385079687,-0.9625667844920662,-0.9677855872951342,-1.0037099490359067,-0.9692897653107043,0.4975716218198902,0.4348364943149551,0.40849812108600253,0.44969966222122865,0.5334759321186042,-0.4791543997964319,-0.40585451765387237,-0.4024074477470904,0.04482313193228475,-0.44928534793580827,-8.739720059686697
1.3699406208377887,1.451682670318494,1.5259917097868028,1.4516157631042612,1.444682223370245,-0.7046368676494298,-0.8183125811290966,-0.7380806997821225,-0.7011199149814525,-0.7315159442223257,0.6130758575588872,0.49754971456058933,0.5363567412467547,0.6626783576861647,-0.9680835891538281,4.892938441015263
0.8307950597489812,0.8078763871072154,0.6691170389503707,0.7729401987389768,0.7734498406153315,-1.2007821342546257,-1.1054070532392832,-1.1467804837956674,-1.0965510337259479,-1.1365671997307312,-0.23230480809597792,-0.30784057869079284,-0.31720486722000374,-0.9084643375227769,0.47373166076865714,7.299633740295063
1.224972879634253,1.3825183387919342,1.240683873368093,1.3184292843501222,1.2371418914986538,-1.5624444112518163,-1.5301515488333124,-1.5166247696544415,-1.5565099987850144,-1.5106644959968138,-0.18863232399597105,-0.2125464333936581,-0.20014397648058538,-1.316569792887215,-0.6031200882261201,10.342932375188196
0.26816315119801387,0.24167151488665775,0.30298172977571497,0.1796379303394689,0.18331122849138815,0.6780756156681963,0.7330646807044636,0.7656088248886839,0.7334030655356766,0.7936082993849761,0.7269084284857223,0.6900506407031392,0.7811953022111481,0.6739651517100497,0.16395148089481063,-2.009982541450619
-1.194571436247801,-1.2347684299297963,-1.2637677305457347,-1.2974862660383413,-1.3120879990170515,0.5000381124240995,0.5406843539377145,0.5175318678034795,0.6044041303891775,0.4726986683617364,-0.5808867585074141,-0.6069828809263591,-0.5392542077054576,-1.5179491149467033,0.41046022190207787,-10.950268167058455
0.1693845229670594,0.20106535364551312,0.2744213900787009,0.3068272546538108,0.286357931278754,0.2751054325582018,0.35024203889462063,0.24053096490980472,0.40134296962112415,0.38289532674294763,0.43195618558044907,0.43217240872886864,0.41179330832051747,1.2849797147621682,-0.5868127156030817,1.174751568865203
0.18516896218157602,0.22970357043305586,0.23819928568430757,0.27164283764805786,0.24059062017803814,0.21954802437128276,0.22198712391478684,0.31026235755351733,0.19479862334312956,0.3339438429161164,0.4467186671918568,0.3254914488822205,0.4141319196548137,-0.15592609748290798,-1.203885634372985,-0.09161185912604947
1.7580583507937335,1.795499366836634,1.78956879718515,1.7543292032466649,1.82498823766519,0.42895673902066433,0.4465960067398297,0.4165905325830755,0.4694986906692435,0.5042681253003436,1.6496535087466846,1.597192324654647,1.589732687328766,-1.5475310822744464,2.426085613853053,13.66898344707186
0.5845382521459168,0.6334680452156451,0.6101601792987233,0.6664460282581742,0.6399588399772641,-0.9504053954751661,-0.9427059353772745,-0.9807395448661532,-0.9259195870989706,-0.9589549800827791,-0.1143416797530959,-0.26964230030054276,-0.23393562009321178,-0.4804202194034942,-0.5277718759454261,9.208955507169126
1.1874126288488742,1.049681034071591,1.0398367598502483,1.1177265921816355,1.1078153317974946,-0.8065471288752226,-0.8668748468644276,-0.8348707938268747,-0.7383255468911868,-0.7880650841459844,0.19164218317697396,0.23264388014241955,0.22648488567896707,0.3791236330692372,0.6234171586011584,11.999135245438604
0.3493032758983337,0.4024599691559459,0.336065373218422,0.46715561103972275,0.305841349656335,0.8042793818367785,0.7464433403329053,0.8026342325183919,0.7437082136205126,0.7929305014337872,0.8634047231352784,0.9115738425716838,0.8025410979295495,-0.5327010875549777,1.939463549570124,2.2532284710606127
-0.26089604917707027,-0.1600089132668451,-0.1976510844799611,-0.22939323051138832,-0.24663704504078543,-0.7120969660321012,-0.7252263722404384,-0.7271781025008577,-0.7580297747416487,-0.7845914583810654,-0.7180399296354477,-0.6240605644366386,-0.7203807043664698,0.020029748824347503,0.7899077468538932,-0.015378285934996239
-0.7648003191370175,-0.75258798249144,-0.7740468579412222,-0.7237381650235372,-0.7763889867373536,-0.08765442546895487,-0.07899417051799111,-0.15734506314266952,-0.10705015970807946,0.006499386460901757,-0.6792954732237964,-0.6613343003653687,-0.7287863801104448,0.7400783657052865,-0.30044280882755153,-8.586320807416724
0.20274878305971364,0.31095561881711015,0.25593064713315683,0.39495685488814913,0.3605116192771468,0.7949747329997966,0.7117125154003571,0.8097259773438367,0.7572276592743009,0.7852102599091138,0.7650576472057472,0.8802273735227906,0.8683207362393777,-0.20219033538761957,-0.06711638753511132,2.0569400513388976
1.3610733377116377,1.3690067747988195,1.3596628711833332,1.4107623310518242,1.4152052049043848,-0.3010003436312899,-0.1938407124236845,-0.32340439811599964,-0.21065778323560755,-0.2372275971958222,0.8530805358265746,0.7819788277082128,0.785343381321737,-0.9370576764661336,-0.8326072197388483,10.321936588202798
0.6102566434392647,0.6318789923479414,0.5791245381027182,0.5968503886664981,0.6711870394622323,-0.8090357473999845,-0.8194048315400403,-0.8073086106695578,-0.8733597372529124,-0.8431499005818285,-0.135831637058292,-0.1078657198895,-0.08273743948482788,-0.298983997371841,0.8816964269577422,7.633558491254059
0.44170577426190044,0.4723121863918523,0.510694384205433,0.49447114374207496,0.4882256797757624,-0.20475952141732667,-0.2104119922265302,-0.20036469977590565,-0.2434203410575243,-0.27863352402790953,0.28982934988936193,0.14522191824136196,0.1832109662281087,1.41484013645926,0.5662707080586883,1.4997390406827007
0.44490640039987017,0.402030206860506,0.43281353925146626,0.4313117004346734,0.41401058199739366,-0.14433980999190316,-0.04915538510703729,-0.024908612939276882,-0.1586380865491012,-0.09938896129776768,0.3035094718278484,0.23673993484816988,0.30852930494946834,1.685064345333184,-0.5144258182617432,1.1336456838862237
-1.4655714690739898,-1.4231788132116276,-1.5061580991166497,-1.3197064781753347,-1.4332486526440786,-0.37440451674515185,-0.46359301715885354,-0.3351049651403274,-0.3738333132930513,-0.41322899508199057,-1.315446683543039,-1.4101913315662393,-1.3973935136445663,-2.019926173942275,-1.0421748070984445,-4.6219498217931045
0.1276655414646554,0.1538042237516782,0.2405716457007024,0.2123926088084928,0.2152002392369054,-1.2275235250377383,-1.1606340411197535,-1.2516856560714156,-1.1199003348048315,-1.149780399138704,-0.7188468118923,-0.7247739091897047,-0.7117550396091651,1.091027909191477,-1.3212337376636916,10.121294469530719
0.38213117130935687,0.33440749699815536,0.3558076775491591,0.3524048447311193,0.31909373225386084,-0.8351490744307546,-0.8580182966919855,-0.8422882571942287,-0.8560182359342656,-0.8315749873609403,-0.2650752595079776,-0.31997943097892684,-0.31645355753118554,0.25014771603535624,0.9865140038042008,8.506533860995704
0.14304493610606198,0.06476469788831861,0.05686807580033872,0.01351383227269809,0.03607891369405384,-1.0276011959123283,-1.1306510599714514,-1.0996385476913029,-1.100719251179753,-1.0684855821269945,-0.6394106412898327,-0.7258397036739951,-0.7261054848495271,0.9239826791201501,0.12037312895556077,7.713528498964223
0.5336653815889946,0.5476075137188289,0.6131242153697982,0.5876063096301446,0.5224569503659641,1.0751825189022066,1.057571055684283,1.0505861653145612,1.0515597761306579,1.0120473622824442,1.1772392952292554,1.1034857879130635,1.1894237081841759,-0.5504882602676295,0.21498453633275158,0.6955856770140478
-1.2975226936968591,-1.368247522813093,-1.309813927426762,-1.2654265289178497,-1.2285049079309807,-0.8892171184909249,-0.8163500949792762,-0.8801503493726857,-0.8172096875504539,-0.8661213596070952,-1.6704790362831285,-1.670329049886113,-1.6392627210125084,-1.768263509501486,-0.8229486258623573,-2.9478969599064655
0.5227327911224413,0.5407959419257422,0.5025558370225346,0.46322893479589367,0.38405962709704944,0.4711703518466421,0.5255367706650371,0.4716679898539145,0.5097258393689413,0.5634369453100408,0.6927432949139213,0.6743516113846023,0.6961655624282119,0.5844887886474618,-1.4635031033044061,0.07468952275685936
0.4788794603311737,0.5709462990735322,0.4833998105935924,0.5711685524146297,0.6026369061943108,1.1261629536003475,1.1249362364285906,1.0567422487410263,1.0439102610478133,1.1140268302935183,1.2086160207718941,1.1889515854923605,1.114810489348256,-0.940977261282717,0.9626135747116324,2.449752648351452
0.7039474216469883,0.5835852669599638,0.6078382161229601,0.5433938903298652,0.5719819269925389,-0.2657710335178973,-0.32553731273644326,-0.3553283251675307,-0.3804469110076503,-0.2590286879956813,0.258110306428349,0.22477762445627292,0.2614463552246635,-1.3882924314848524,0.04203903699723074,3.8852455374557855
-0.724067513989553,-0.8110631936331519,-0.703707651550263,-0.7249354250570353,-0.8027879131741739,-0.25589592740521494,-0.30485866286143126,-0.17558459728268294,-0.2807339895361828,-0.21027685643767688,-0.6718294181750878,-0.7542594479977962,-0.6526317393281343,-1.3184013824734664,0.9072346600576203,-2.072387875348312
0.1593732773714619,0.07053520346293486,1.174572494430648e-05,0.10041825002084115,0.13677753891892963,2.1591809559897484,2.273432514444825,2.2218858474198093,2.202586610855456,2.123767884859853,1.700582778303384,1.6910530789450442,1.7583719782377785,0.6009137824153344,-0.3859331265155641,-11.181907412825012
0.6152955310795882,0.6296499951627297,0.6619894355115732,0.7373136713337489,0.6885420843175067,-1.635697836714969,-1.429354333159931,-1.4861916677404121,-1.5648464537902087,-1.5843134041617313,-0.6481697307577998,-0.5353905361538308,-0.6332603448415713,0.13945246602919717,-0.23681784303685838,8.847536954833917
1.1254061632468888,1.0401600899716488,1.039542620751238,0.9959621269825631,1.097229002238057,0.06876761022486899,0.13820635682917373,0.04554621131691394,0.07081440344022756,0.0838098081738818,0.7754515091838736,0.7820256581522225,0.7689374425985516,0.7824660218746737,0.7132981766206321,5.81004219645475
-0.6407807490952306,-0.6976943568547481,-0.6774741510175978,-0.743456155237086,-0.6395034264196909,0.641482974237022,0.6288285645389545,0.6127760880532205,0.6179716606761303,0.6450709088899377,-0.004937259164493196,-0.04666976328788135,-0.10984897939217744,0.6690752544963648,0.7323480796505246,-9.279185936221932
0.23328766439549403,0.10526281706562562,0.2574936050357883,0.16086426205662402,0.3086279101897462,0.10010281664075021,-0.014438469027819124,-0.010622505422838303,-0.00961407365609749,0.0652853922322645,0.27617066851408484,0.21140437915627047,0.23550463729421955,-0.42093356458376585,0.7975656226859541,4.466610827007141
2.048448107576717,2.0173295379440015,2.0534688106014856,1.9699184598433133,2.0646830767062836,0.620175825876129,0.5489389363111323,0.6201689503891435,0.543371489629457,0.6860442420943142,1.9955006084217233,1.9165633635634958,1.8546903498114589,-0.07047357387745573,-0.2952012531026962,4.933522969197048
0.1647051681272338,0.1618506434775406,0.2510351939487785,0.24396446691890544,0.16930773022479834,-0.561985681821334,-0.712883769910671,-0.6806868027563803,-0.5505794160613071,-0.5923953415685019,-0.3059973075174623,-0.29928428091336307,-0.34976270888646055,-0.5114375287825396,0.6145472376508678,3.9035625510537852
-0.692868118587372,-0.7212116502723627,-0.8025741772907674,-0.6754627367598638,-0.7357483826449985,-0.1438678307893626,-0.11436855031405632,-0.01656646594522654,-0.0645502319343719,-0.04605530910641298,-0.5836016797385821,-0.6710071612686717,-0.646295367326902,-0.21032777286549081,1.1090994654767188,-3.5486461739850714
0.8294854279540178,0.787557450731063,0.8292636628225328,0.8384782633590568,0.8846408908789136,-1.0833740701546064,-1.0599976887988647,-1.2056637157576595,-1.0537556891115896,-1.135547517229451,-0.25273205046500097,-0.14257286864109325,-0.2376516059125093,-0.967254737981066,-0.10477201168153431,3.876156566293327
-0.5495515307822659,-0.36726431193428,-0.44697470628341096,-0.3901332983186509,-0.49016681186591415,-0.6471085899002591,-0.6277459025386385,-0.6069797649844012,-0.5936652259072712,-0.6610235548192483,-0.8152054379184336,-0.7725534319846529,-0.7880020506124756,0.3904842938743351,-0.5134883637740536,-2.295241178052173
0.3288733023275576,0.2891505978803199,0.3312699007251537,0.39143054444191955,0.3521381962863387,-1.1589599535286792,-1.182723611600879,-1.1194970212576034,-1.2193393270490347,-1.2007330645790097,-0.6365208255801618,-0.6301327178156982,-0.5922241925434839,1.0751207489817565,1.3427476033167658,7.947971046510494
2.0067560995523643,2.081606762052133,2.063863137266569,2.0112928047769634,2.0006003864321062,0.9079040778970549,1.0496218457387998,1.01079648548678,1.0470090436480863,0.9406044068376326,2.2019706891561737,2.178800435321182,2.0874668571907193,-0.8166130298209866,-0.6544457335513071,9.59764937708362
-0.44452242006466103,-0.471238317766844,-0.34378870393029787,-0.47667425017562687,-0.5652515091612054,1.215322356695601,1.1833608261356716,1.2123492773518805,1.2019121916592033,1.281480339565914,0.5267736585888059,0.5221839657888582,0.5486067489177663,1.2812696454013426,0.629476497114477,-8.683514737576878
0.4187990322939222,0.4646077003560948,0.42077815301472543,0.40610890717003867,0.4285323771597943,0.6366679536855744,0.8376789235938497,0.6874781684097752,0.7469444392723875,0.7754219045846434,0.9133311741355026,0.9215549204153393,0.7414386583973017,0.11352149647794171,-0.058422310519861353,2.328611760093077
0.0043994512309730935,-0.052559014055773415,-0.03129803384502172,-0.13393916607416165,-0.15085552345626138,-3.0925608473627064,-2.979599252690746,-3.1482924324940043,-3.081345192019395,-3.053178348234205,-2.3343210581757203,-2.3739924376716752,-2.273943983637061,0.24107897640581327,-1.8415656164845604,12.912387485051513
-0.33749483702543354,-0.1829619670222288,-0.23571382003273592,-0.22672700564313533,-0.23728677817687133,-1.1633763231727112,-1.191949589800631,-1.1468915174207277,-1.3327392338308077,-1.1235968627552018,-1.0903820191618527,-1.0836430168735822,-1.0780021911407875,-1.6994295196075182,1.1285940674785802,2.952726850159559
-1.351454912237343,-1.3780024072902415,-1.3943135425579598,-1.3606510045733031,-1.3153698212558385,-0.44409068992368933,-0.4469189755630952,-0.3427349003233872,-0.3378055117473919,-0.5190450830882958,-1.2120012463188,-1.3372131331066028,-1.416981941521499,-1.807262309565734,-2.757853629547368,-5.412423028030495
1.2783106633434518,1.3142786033539189,1.2781716107227088,1.4064776608167033,1.3453658015806178,-1.4165909250582658,-1.3292071413009519,-1.386011543144376,-1.3395188463225798,-1.3346621460533346,-0.018780965033393777,0.0030033981828265057,-0.03692243734859539,0.14411636277968193,-1.9841280667576089,17.200358331573476
0.047707022742816116,0.08074662233216086,-0.025567266186160564,0.01439758279053818,0.09357720147795125,-0.8901272950307567,-0.9498094656214963,-0.9893862938763709,-0.9159420654521279,-0.997965507710772,-0.6722164901573372,-0.6934483976521945,-0.7083966799790875,0.7897321246320076,0.5273300794806717,1.6468645686956727
0.18438377507269638,0.18343267850068945,0.11950879174720995,0.18097152571634192,0.11608166582387212,-0.5753791727932012,-0.6280337941542218,-0.6931145048283058,-0.573294836414383,-0.570568818224138,-0.25824388587255664,-0.3553714186792504,-0.22127504623197702,-0.6713804436449524,0.5270711986781154,1.6194059465158845
-0.34506741841746624,-0.35496999333746165,-0.2808428131157163,-0.4096075685190537,-0.30648488293708054,0.08336294563715206,0.17190341066483467,0.058803235805558754,0.11601286900799218,0.09225609836532492,-0.24709203207339925,-0.21024851030713188,-0.18042548903984623,1.6700939005830893,-0.6375798578775357,-4.237746358129053
1.463521827308596,1.568453571040324,1.5009604906419223,1.5103236371791724,1.5404728281584303,-1.1738299278277928,-1.1151023545216525,-1.1816075660104586,-1.205788670677819,-1.1428378932806593,0.30551511059810554,0.23876338796370364,0.2609631693404811,0.7349359742543154,0.14782209030324492,12.754551100177165
-1.7905101629634892,-1.9060811716510984,-1.8717793759987353,-1.8175715480055685,-1.9402850719619111,-0.012362383186524717,-0.1364202600956261,-0.06423967824196743,-0.11336687266844059,-0.13278647583575637,-1.440855074170098,-1.5041159179446486,-1.4136499444796295,-0.9083412517079852,-2.531430045778005,-6.100818678694858
0.3190285075512236,0.29671681923024384,0.3113999655876713,0.20977532479408795,0.40248198930030765,-0.5338894013404868,-0.654707781515973,-0.5579078592179156,-0.6569194610495206,-0.5243086851489747,-0.1612761558658537,-0.20485658200750956,-0.24400257085611726,0.030848667053507126,0.7069754644705992,6.325410552016012
-0.43917367277529673,-0.4978456257490357,-0.5244384430686855,-0.4639772002418542,-0.47153815220108947,-0.5017678356876089,-0.6213728316578702,-0.5446422488616632,-0.5505930974734735,-0.5899913771436316,-0.7916170809830361,-0.7116855626844487,-0.7199465860705109,2.476929133723412,0.24972548705359698,-4.703194028115998
0.3326888493236229,0.3325562438845764,0.30082150976656735,0.35081685924326916,0.29529051055901334,-0.6364867995480032,-0.6529026510766638,-0.678270098562678,-0.6301854419690662,-0.6228083960159573,-0.23016958688311678,-0.23904521149339444,-0.2009328208103252,-1.2425640027997056,-0.045642853333795405,2.4824409434570787
0.3209274090975355,0.2955484931019933,0.29533815829520993,0.25603130565186566,0.22158018509357802,0.7805432765258693,0.7472254611717604,0.7430607270342142,0.7622855562058668,0.7803301737419536,0.7860809355506082,0.795640227143435,0.7197896731224278,0.5282699389151054,0.02084148213777202,-0.3984419841651454
-0.8228898887753361,-0.8625563534483154,-0.7361068108047946,-0.8169380756213687,-0.7985461617589523,-0.6519761026036419,-0.5492266347942015,-0.4618896083117229,-0.5136285985635698,-0.6139365016906987,-0.9592288110658282,-1.080476035650793,-0.8987740569018379,-0.3227445527233424,0.49325417619303186,-5.014454576496694
0.6226295351128271,0.5409099000207698,0.604936004420231,0.5913822946001023,0.5734814085422936,-0.05380553158909733,0.031241643487059448,-0.009819587228021252,-0.06942323387765324,-0.06578733719209237,0.33989733259966365,0.3915729314204301,0.34161298102498694,0.7068962909185121,-0.028901523497860945,1.613711020339918
1.2962556957151996,1.2813352956196606,1.2261979081247978,1.1571106000843725,1.2189139274259868,-0.5860215400541622,-0.5253338535229105,-0.6671228539900895,-0.6102841579388366,-0.5694867210701469,0.4858072738014276,0.530506539454712,0.5261337873407088,1.2672736463183818,-1.8740555027312202,14.917194992771531
-0.13855249181324003,-0.14777346038295958,-0.18817713305039854,-0.17458683404972974,-0.20697282762339736,-0.30054174626823593,-0.1378900090409786,-0.2404741254607214,-0.1949612870145396,-0.15118252057127285,-0.3652348945339673,-0.3150835281217439,-0.36976535080806167,-0.3862370887113674,2.1963322345225227,-1.7656676051105404
0.7476654080482579,0.7810135526722666,0.8041573243149671,0.7393778128556683,0.815806797044383,0.7149633646898348,0.7233029930317436,0.7299233526120252,0.8067616369316591,0.7960203070784623,1.1651648930519138,1.1103851056724698,1.1773100288996514,1.1189122717071738,1.2008008194284512,4.971670566121105
0.03802451541477624,0.03210982247676575,0.03003629480758383,0.07309633420278192,0.0005721579179587787,0.5488134991840841,0.6306957442958802,0.6205421222713425,0.5541120399551301,0.58948028153618,0.38563731282348,0.6059542153509526,0.5851655129569147,2.221203394271961,-1.2849446619548281,2.1849069792965103
0.24330095767608761,0.29324590958219715,0.2564594211251732,0.424849422133435,0.21120982900199647,-0.12555209343416898,-0.08568681687629472,-0.09549036863504609,-0.09753486989376203,-0.13065171305165835,0.04323696697000093,0.22677016819432053,0.1251673758570197,0.06627473734423478,-0.34513723047659045,-0.7800026818615384
0.5940186897238517,0.6332283434564671,0.5677031352467254,0.5223613340799769,0.5579310993825859,-0.7363713505293581,-0.7549057320211543,-0.7826818931615114,-0.8044697240906158,-0.6764193266321474,-0.1152171246355913,-0.13276581483348338,-0.16896234260024856,0.7848886874941853,-0.23603419015604085,3.3506447661428713
-0.93318634178159,-0.965734141314425,-1.0094009453706045,-0.9290061193059832,-1.074090395093381,-1.098140456217129,-1.0768601630189643,-1.1573224524985286,-1.163119486513716,-1.1479180154063024,-1.581486118760943,-1.4971986654272016,-1.5236221960353615,-0.5904407702032749,1.0788495665089635,-2.193819582480102
0.6585887422881809,0.7636716638715315,0.7561336864098303,0.7157424640206881,0.7697680908093586,0.6136530493035094,0.6139406614947508,0.6585874842658092,0.5259379300212955,0.5765475474459276,0.9416548540289515,0.8797509868126597,0.9745779349124365,0.019259309031212417,-2.159268935319768,-2.368069258857422
-0.06972362640018709,0.045667073002534364,-0.03566683127898096,0.04041327448532059,-0.060599445718700656,-0.9005614699714684,-0.7599861977062623,-0.8872147074008744,-0.8949725149208754,-0.8278046708737289,-0.5731085199791448,-0.6760283730643576,-0.5457368658457812,-0.17667509270824255,-0.4990082644297892,3.843464591077083
-0.6574605707736944,-0.6821722001788013,-0.516334544797363,-0.7065665463907668,-0.635135608190716,0.8297604888208655,0.9533646368330205,1.019573723041231,0.9746700130233791,0.964533400725962,0.2249519262003684,0.1850727216752901,0.21818022780688245,0.7969359256585957,-1.7606364433375037,-7.820690088023451
-0.7992653243099272,-0.7062828777280412,-0.7862170561404715,-0.7601929990315003,-0.7185185878766557,-0.3931599845404189,-0.25220817719091077,-0.3388819291388981,-0.3036733808713331,-0.32812496694434673,-0.7592136171351642,-0.8146171318552007,-0.8188266023228897,1.2046759357569254,-0.28509551582833836,-1.709348525070575
-0.5960121719347162,-0.6120613956509449,-0.6057503034768554,-0.5791877735082436,-0.582975759927176,-0.8445585046508347,-0.7972851231273327,-0.7766494659574812,-0.8002482958735877,-0.7559806370695379,-0.9784735674753258,-0.9946586649079824,-0.9971757402540684,-0.10965484911745936,-0.4725008930849044,4.988077318778206
0.2521671790208958,0.3142003491089266,0.2260092320194404,0.2223690130983682,0.28578105547889254,-0.526039001504357,-0.4808816560083738,-0.4956561963727116,-0.48742043423412496,-0.4980404914361137,-0.0494021882886847,-0.3108849375595022,-0.23003104649233588,1.5336228457329233,0.07969406738271223,6.490124521607475
0.2330211209367801,0.20181366129215575,0.2464153777716489,0.16889617673238913,0.19877796215544682,-1.3836675493220372,-1.3301329042304841,-1.3695091677474098,-1.351219533189243,-1.339713744330986,-0.8814497759257711,-0.8319228519623534,-0.8826118322356559,1.530047441561629,-0.6048743990091834,9.181802879496821
-0.6922354667887402,-0.6946569475810782,-0.598853812882188,-0.6414044866450265,-0.5948622700865349,-0.2534830050326033,-0.12212588559660215,-0.18054519437259842,-0.18075006931808799,-0.1942901362276907,-0.5650991836070038,-0.6251412546609679,-0.669857630757928,0.8468537431799008,-0.7510233913905242,-9.279130237149788
1.363798831094156,1.3070878975429272,1.3721157861051383,1.359739388380095,1.3833307754421635,0.8317254367253314,0.851238489507456,0.8364684040463621,0.8110252920220783,0.8388750333945629,1.6300427861011042,1.713206027685599,1.608729134431171,-0.5160265317217283,0.6196566917631479,6.466554798391497
0.03436995881327379,-0.04080513337643903,-0.0971867962087364,0.009532815459036992,-0.060090046782888956,-0.964016571545892,-0.9565614850026494,-0.9900587629369474,-0.897754940861085,-0.9903620737142935,-0.7978074205239856,-0.7544973640170964,-0.7479906644852035,-0.6118288167399027,0.4546727409425804,10.093314858903767
-0.19145535131971664,-0.3262160335254756,-0.23338385640258233,-0.29143060838724805,-0.23986378445436699,0.3071099179082363,0.37544938379760207,0.25043689844880646,0.3551057641665183,0.26551831311754204,0.04798438227997125,-0.0196662128964293,0.1287840065101878,-0.8123813546900387,0.5513983427782422,-12.545827369606277
0.4692011143367868,0.46299687126044003,0.4243492532341311,0.48765556993917053,0.4715897020479319,1.513114494986009,1.3465030345384545,1.5812605568977343,1.4767705688089685,1.5033768325854184,1.4521979271433831,1.3024605747724014,1.3849550452461505,0.9491660702381609,-0.17690009049084265,-1.817481613196633
0.35101779013625334,0.3747605877045504,0.3598183639186201,0.3890139313640008,0.33955366028754397,0.5966252054155383,0.5845250670502131,0.6314375751455291,0.6583673812710603,0.6516669730562821,0.7117329089550762,0.7496206578374934,0.7716306290493464,-1.2117682074893643,-0.5717385822251894,-1.1994899429408048
0.23744824099049575,0.26077743844354123,0.20000683344434622,0.1747966241369535,0.18899586518470637,0.032898009657323535,0.04604449192612457,0.046923402676304446,0.04482883549868207,0.026214517847673195,0.11956845395781238,0.2107350068676567,0.1953054683025917,0.6768376541110072,-0.11885248202077078,-2.010620086428788
-0.7522607636500425,-0.7239791270926619,-0.7378409673276985,-0.7238409389856487,-0.7365896212718432,0.022586004122191913,0.023990083358651822,-0.05709739998016426,0.03899803663605475,0.007964894191669599,-0.5251846088718163,-0.5545381198272027,-0.49244432693838003,-1.081109347824113,0.5011620700684521,-1.6764188800870556
1.3716165673721277,1.3939702600753452,1.4130446502590062,1.45510315562301,1.445695433967532,0.8946329707324617,0.9415829673371547,0.8973266487857127,0.9643472883712438,0.9562436234816287,1.704777494478573,1.7944623446433563,1.6843597499270502,0.8235461198419735,-2.1767797009718484,10.70336853746452
-0.6919975271574135,-0.7837561541859251,-0.7631618988579664,-0.7678849240352827,-0.8256845720166259,0.8729674209279423,0.8319249810062413,0.8223446356855221,0.8736826737215596,0.7983141058831613,-0.05005201246112996,0.06065140989336391,0.0614460230904746,0.017219582730560564,0.394111930370858,-5.441218257638768
1.984844982181424,2.0362750820766524,2.0666263239484506,2.138903293720481,2.08146681950431,-0.7239326633595435,-0.7393360863572003,-0.7442426175910023,-0.8187960661582804,-0.774663433082438,1.0197093261299546,0.9744028677181923,0.9896306280657398,1.3336385618598274,0.3091381873347979,14.042873104493477
-0.5035078969291875,-0.47948676225425535,-0.5701365308192904,-0.49451813149743173,-0.5381778334391188,-2.065025477893738,-2.058421079143976,-2.1538236451439134,-2.071999096631402,-1.9784012974591598,-1.9310267575184292,-1.97445701285676,-1.8929757763287702,1.141454578321271,0.06215090608572699,2.3748079208719277
-0.717542002259546,-0.7579360802141754,-0.7136961306000736,-0.7619837779274152,-0.7115035997264232,0.13376606795950102,0.17139840145638177,0.15118112780631376,0.10781161993219343,0.20152248211061052,-0.49270458677415196,-0.4117561952954792,-0.43906515429261883,1.4350654120021116,-0.14931342187167515,-4.161222668660977
1.761787640026983,1.8651727098579567,1.787253655990488,1.7096095670005642,1.8478555557267686,0.916963230405951,0.9526233726871269,0.8454155735083531,0.9517095807800937,0.8767146817254134,2.025669601753952,1.8796502844387208,1.9005223455951339,1.4608187182891128,-2.5661193859324136,9.84400358232961
-0.8579556454920124,-0.8656469977249833,-0.831693649019811,-0.8383958927723517,-0.8572112042688662,0.4536728755300512,0.528350743127742,0.4835404984909266,0.38850776309261814,0.5653074120289745,-0.2857277488602194,-0.24986195213863932,-0.30794303600595896,0.1436308339881977,-0.4398532631004059,-8.262810768018195
1.738007295312662,1.7400002243688113,1.7820778030437228,1.7125154514232923,1.7306582554523386,1.1497191812996126,1.2211458294176576,1.0686516548433145,1.1402059841406222,1.1361301993699036,2.1684375094420614,2.143850629414719,2.0503017124175758,-1.1587930664246047,1.7894387110773733,4.837839563417438
-1.7140378678085797,-1.573959544624837,-1.607846096853785,-1.5340476416781834,-1.5978613252856664,1.300238356352656,1.2983836776322615,1.243404620660863,1.3043059100117902,1.2340323423667052,-0.22958589529883752,-0.18351893723099977,-0.2848414859511416,-1.0525230549973785,0.01290129556830568,-5.775924974116439
1.2506724077474505,1.2395201174717216,1.1986047725502496,1.1776658733997802,1.1808911871223562,-1.4230782138368478,-1.5010107215122896,-1.528387656374312,-1.456573872920339,-1.4962536734251501,-0.24970366792203594,-0.30062637871301806,-0.24796678084878565,-2.0868485293159376,-0.3072898386747181,17.131764824155507
0.00704779634580493,-0.0005591132816803674,-0.07412964360504988,-0.035128455669484956,-0.014538922181749545,-0.03188239271998443,-0.03152705913218744,-0.007984909403654816,0.05364849860969933,0.02548160335233207,0.02892050818903985,0.04458511135291862,0.05449381263787847,-1.0836658334280935,0.01690619559011259,3.9214470665910746
0.6138575422524926,0.5722952830540468,0.5942188206884078,0.5343494601795382,0.6175146377094427,-1.0203612074008346,-1.0408099779703859,-1.0380161302502324,-1.0813998774426596,-0.9925359835543058,-0.28720370989676003,-0.2831485199552417,-0.2223167103599466,0.06882365770464906,0.35477286862800855,3.0579214837777133
0.16185833865500604,0.11148482770019326,0.13825622752638433,0.16877609808084543,0.08165443546547166,0.443291766780202,0.4790627886554809,0.4290481039286458,0.4407491443234054,0.48657407997279467,0.423637563098987,0.46642820795596895,0.41744380709426276,-0.5596541808251622,0.6588202446894643,-3.4362940049168973
-1.1194681101239907,-1.05151211083437,-1.0319629275174533,-1.096969185950185,-1.0989688448469421,-1.4272030894268888,-1.4048924845850232,-1.5490669847837775,-1.5165082382937323,-1.4536947776893339,-1.903758013238769,-1.9043943475581866,-1.8223981020376865,-0.18013560440985132,-0.22888016315794182,-0.01205866195853783
0.33937190633237346,0.3602634957240998,0.28108077266892234,0.31788975135363345,0.2892986102923314,-0.7919208042310031,-0.7416122659332074,-0.660164357107258,-0.737959408045383,-0.7566418785580332,-0.26082531107114115,-0.4109198616816804,-0.2760227659819815,0.49271541946140096,0.4249196023936837,1.4318966302125844
0.09650884803327604,0.11010239552792331,0.07693893883378347,0.15768103983383977,0.1775443605865361,1.1376479603718794,1.1601493258480768,1.0555298902194388,1.1111872464894388,1.1698353863964532,0.899255880777458,0.9238282876939036,0.971280156381669,-0.304065258065758,1.6766508027613596,1.6279770103696762
2.0000490673987126,1.9886548435390454,1.9290054948737079,1.9334976110413462,1.796659710838602,1.636071378753627,1.667492714472875,1.658639755940645,1.6093017240099912,1.6097674319634925,2.6729405195310845,2.663637153212138,2.7000735731074155,-1.1218288004125843,1.0062507994327152,9.175602923836795
0.8166310323890628,1.0049103900201846,0.9498130984012048,0.9206959619696296,0.9427723451447847,0.5763990587998394,0.6042487463501521,0.6507517061805794,0.6866402516385046,0.5576689073356405,1.1863318221853825,1.10352930072958,1.0814387590133363,-0.05323366756343213,2.3403002158569794,0.5281275220547681
-0.9216320025631627,-0.89761180693786,-0.8649832348048888,-0.9175057080422252,-0.9149636968410881,0.5794239768214829,0.6641935854551801,0.6210016818727151,0.5854848184008953,0.6701169044558917,-0.2009042307939527,-0.15701313222139232,-0.2813627018717272,-0.8984904867728449,-0.6567703583517164,-1.6053444925366307
-1.7009435448911565,-1.6552198693017195,-1.6911755174665386,-1.636636286526154,-1.7548460350638646,-1.1473493843425366,-1.1436534056451284,-1.165353882019763,-1.0567904158393622,-1.0439533746735878,-2.058646903085133,-2.061644576269944,-2.043835514378847,-0.2707864969790631,1.6761895075020152,-5.5444614684996125
-0.2343233451906221,-0.33188203397683325,-0.21053837704097744,-0.22639927594681358,-0.24045015376552978,0.7358901695207105,0.660213280601531,0.6929770474395353,0.7409232945781312,0.6640354881529439,0.2837123193734366,0.2477350423075932,0.28727224505096366,1.3427769644230034,-0.7906736399225947,4.801023458087766
0.09389225076719653,-0.06114646544266676,0.07656403185701613,0.059384354836045,0.09417764099036302,1.545925334116253,1.4619454730032213,1.6030814594290848,1.5920998957771788,1.5822333844279255,1.2134342248928396,1.0953246137389359,1.1428815408962172,-0.2705053040961747,0.3535661467404633,-5.348393592919672
-1.6535946121284983,-1.5987945309258884,-1.6244276062455187,-1.615030864312571,-1.5887313558195268,-0.02138629305806411,-0.06516802431818232,-0.11123607720611128,-0.08745864432662537,0.000896694891389431,-1.213759701142237,-1.2876992600328996,-1.2946299820028953,1.770957553347745,0.7324765292380994,-7.663058838100358
-0.06666870389819063,-0.03580122225343207,-0.041629222180286904,-0.049648961265562876,-0.16365141384163592,-1.8808379039395688,-1.988068402345319,-1.9715773866387545,-1.9469474510790374,-1.923335773173179,-1.4250570371042508,-1.3504451789554393,-1.4620470188144208,1.4316359869379698,-0.5107771919044725,12.199737268399257
-1.2447792939074769,-1.2649851592253476,-1.2019154572495026,-1.3131266458255828,-1.1709265548868886,0.6493767006296653,0.6103898719210826,0.5495641916401701,0.5723203647110057,0.6206285069298525,-0.47331430802271407,-0.40821902747573163,-0.368972481206702,-0.5793053085790432,0.0879642774742757,-5.288151655741916
-0.9377179083767478,-0.8807092868016703,-0.876606906171634,-0.880005754141081,-0.9297726322452295,-0.5161135500729759,-0.4673299183403568,-0.5078336216539684,-0.4426282197181714,-0.5427259073295626,-1.0405135410443433,-1.0081920754660836,-1.0380563098501363,-1.1111237664157756,0.9104611024518411,-1.55971040276547
-0.017445957636906928,-0.0625653288693587,0.054246128972868596,0.03506444563214012,-0.025216755071854474,0.9307478152353158,0.9403168021157018,0.9090954387030801,0.9036859653993629,0.7970078261926086,0.6643311262169199,0.6156412099003562,0.6542377718134126,-0.05255416192019341,-0.7102708983119079,-4.228934594334751
0.4603838297195798,0.535233202273647,0.4362329575920859,0.434658232707399,0.5158978787760664,-0.5309595447695333,-0.49213501222170236,-0.5464759695415721,-0.524210748183153,-0.5168867624269384,-0.005737121830074295,-0.030717418995589253,-0.023461089509097092,1.153327763396889,1.669383459547647,6.79466426339921
-0.24702825292291203,-0.09737329854388103,-0.07577375685533114,-0.14033032743696508,-0.1455136962377946,-1.0087013404632639,-0.9337094467759317,-1.006329797989667,-1.0446674486312189,-0.9245758378702966,-0.844901783971387,-0.7412310784937975,-0.8640599821169219,-0.4901909062286882,-1.384596624727349,0.3532042257080463
-1.1567251007904962,-1.1753301622129144,-1.1644440484499816,-1.181520386541593,-1.1049610003418284,1.7904942362896206,1.895266972562088,1.7960775378551972,1.742613570339119,1.810280577032473,0.6021207716160035,0.5122632811341069,0.5735336354047994,0.908090298262139,1.9396914427283842,-13.706399627861288
-0.716666423635155,-0.6152309206449919,-0.7082035819423885,-0.6285096436568002,-0.6840138946385742,0.24959378975173052,0.1885281057072288,0.20713484576658558,0.15135387234572312,0.2382914075734492,-0.42494444650086705,-0.3111758975466398,-0.394756520282223,1.2084399891360882,1.001326134799592,-9.537443039646007
-0.2914849103296091,-0.22077767330387194,-0.21046447640831042,-0.1874968468467398,-0.3134899785234697,0.5641582362587819,0.560315550755535,0.6362430774854114,0.6390982748218993,0.5359507385386603,0.31445220802032914,0.2578165728425618,0.27631930188681975,-0.7740256503626058,-0.0897255763277786,-10.656253152754314
-0.5658474221411297,-0.47764925604638575,-0.49710846625964933,-0.5119029748508239,-0.4455889939536122,-0.5379224163216528,-0.5313862167741037,-0.6018845221009691,-0.5671690000361862,-0.5417236997931041,-0.837684173578555,-0.6774157401868921,-0.7914995925289104,-0.6760510882885871,-0.40266821123673147,-0.5533911857431033
-2.1813546829071573,-2.210695641808446,-2.040916428745801,-2.2327260595807537,-2.2255773546496176,-1.4912296055189564,-1.4107431535935295,-1.4705650974162436,-1.4478979519443769,-1.4040419283808736,-2.5776891330296197,-2.6348641334749807,-2.6273246871256113,0.7126620321270069,-0.5070282627910236,-1.8129704107640867
1.629151369238631,1.5302279835513477,1.5535120370420594,1.5673381674082156,1.5199946546893168,-0.21478685609278578,-0.16669202222698448,-0.2114569252558503,-0.20380651966413676,-0.2695590094204808,0.8999221854161525,1.0394300124956148,0.9242446221378993,0.1518475496415706,-0.13579564025701485,13.85866711020821
0.3113468705096083,0.2998960583256441,0.23917871034212512,0.21745654044956908,0.27553435341452315,2.8868397061257216,2.9844954202794804,2.9855413039986125,3.015220211938289,2.9334610020673213,2.430704206692779,2.3438711853647294,2.3926351694892394,-0.6860615265436788,-0.048495861548826256,-11.062154105246357
-0.15184688131751517,-0.12088027972954395,-0.10787117603200891,-0.11435038356385353,-0.1079098756403588,-0.9148488546554956,-0.9348370688957629,-0.982422909180851,-0.8415131858231225,-0.9285179854066709,-0.7625023404573967,-0.7055138168284634,-0.8004104928242696,-0.3521804481195873,1.2552262466345816,9.352256775080217
0.21608566383239708,0.2172818058422036,0.08955845219654353,0.23686667337825865,0.19042693353275683,-0.6746419064581318,-0.7236335220264513,-0.7269724448908856,-0.7671499582108976,-0.6832757750731793,-0.4053511050838933,-0.40264984786169067,-0.41257623720839537,-0.07051955272741914,1.9686541003845839,1.8044903338207823
-0.6371987555413499,-0.6276765276958873,-0.6188420791606135,-0.6768041968620842,-0.5868408937950417,-0.9879326378220487,-0.9939197131877866,-1.0133140623176988,-1.1245991320055455,-1.0157047450094432,-1.2004147886764571,-1.2041828803032026,-1.3914446328768502,-1.5648544249554606,0.19937992065400773,-6.090146614814031
0.8028277506438207,0.7457397799134581,0.838359033216736,0.7609318552604948,0.770583300775545,-0.008675512876633526,0.0458258796521621,-0.0126768287822289,0.11040670370421868,-0.004748625529323133,0.6431619979008739,0.6933193644739561,0.7161719095238787,0.7656431064826952,-0.8456284879894043,-2.474975412399526
0.015781758853588165,0.05186119808581795,0.11322991141249795,0.15247178684998036,0.03638057374370065,-0.9066265428971864,-0.7712715178266107,-0.9420595946057048,-0.7047704106788777,-0.7403024932547515,-0.5939611506929952,-0.6008798784142727,-0.5212132789351401,-0.4786921889391912,-0.545726040636194,0.37264472746571364
0.4243731011628397,0.5516554648576165,0.5606456539718181,0.4813765595251964,0.506164687884349,-0.8357433181071015,-0.9885777382517009,-0.960329346144695,-0.9759611667886694,-0.9522685394917184,-0.38962466370768695,-0.33867289088398833,-0.3872026517461666,-2.783716223798099,-0.18309078461128447,9.0572753556891
-0.8513335260434916,-0.8467061446776746,-0.8570158216609052,-0.7750399484183282,-0.736942976082584,-1.2263667959024622,-1.3763608770375448,-1.2376929268615868,-1.37718415669521,-1.3481773377224335,-1.548412345788721,-1.5589923261184289,-1.637125373461015,-0.023870968309452716,-1.0301221052967755,-2.0232643765011256
1.8218484829426305,1.8016266383208963,1.8064151077151271,1.8062459251867322,1.8082551815259358,-1.2925054538837693,-1.3785860139404638,-1.322806107569709,-1.2804778684334872,-1.3329323901680723,0.27222719897321235,0.38359456569573286,0.3328119090117253,-0.7415712588935076,-1.1789414021073787,17.976012766235076
-0.6229416241664801,-0.5687916153704388,-0.6564164821962691,-0.626208181512802,-0.563849327482654,-0.5004293036560098,-0.4491374388604905,-0.5143244172411744,-0.46816829887709177,-0.4665640538304443,-0.8256490216801704,-0.8189767916752394,-0.7605935902795935,1.6888221923026767,2.097127212373027,4.2078477515010775
-0.8415895775931931,-0.8563898925587713,-0.8771943589362099,-0.798870596220993,-0.8188634727566093,0.0404159384624874,0.06320682551880291,0.020439184229371483,0.04044649039225511,0.050111525178846233,-0.41879405150652016,-0.46651519417408815,-0.6654326454937385,-0.5854450209199682,0.30261352594625407,-8.961157974706204
0.20964668145600782,0.17979382357870188,0.2724287234598786,0.21273404165352483,0.23275105261896845,-0.07489722546550595,-0.10266017264839936,0.04076944940609955,-0.0030032618214236445,0.07849925985369466,0.10575245320202725,0.08940650716447829,0.1470738804667744,-1.097643363578611,-0.8331331336803468,3.32171453145779
-0.8317731693552695,-0.8702170349157926,-0.9258647563693478,-0.8555606217647357,-0.8745217001452399,-0.48473996708509665,-0.5457042834954525,-0.5024346369968882,-0.5312140266962512,-0.5293901694043662,-0.9816443552389638,-0.966090225395328,-0.9505024012038178,0.5079326699620159,0.8166035703577127,-1.3388856607934372
0.41001473224583246,0.4516626306807248,0.45513998321456856,0.45679685750195703,0.46745034264171764,-0.9155523380160318,-0.8971162647100344,-0.8966761516394071,-0.9879682281093707,-1.0304726110638622,-0.36294417845760985,-0.2728933597423373,-0.3903439568203094,-0.6604473680075832,-1.1783461248068456,3.5266278125095125
0.7526191628953733,0.6655054512155368,0.6640590692082377,0.647793095032948,0.7440000541512365,-1.6251432099832948,-1.6434963499406603,-1.5681143878885841,-1.6021721138194018,-1.6130749656511514,-0.6171604531848506,-0.5475682709445235,-0.638593458486525,-0.7794562012522323,-1.0960120478710536,16.161851289402165
-0.6796034219448905,-0.6382614937934888,-0.6020084116840413,-0.6126184672622343,-0.5607620076197265,0.5185309802072622,0.597318595253722,0.5090118795539527,0.5751263815965686,0.4454501307887109,-0.03169977871707026,-0.14382891818227217,0.04574792751600676,0.5095013828244059,-0.8030424010642451,-6.733753809617152
-1.7522597574989447,-1.6900627132689539,-1.6245664906679684,-1.7278033859751887,-1.6966539532469769,-1.4901059088605093,-1.5650418734169957,-1.556193875021793,-1.5206527048687537,-1.5626552288412965,-2.34624934022423,-2.4461387513778625,-2.3710895954988387,-1.040467307889566,1.6545132808650334,-5.2117912350832984
0.1733971171046239,0.24627194855701698,0.18165697749524118,0.23888513521317237,0.30609026057249555,-0.7790959015081642,-0.7962201382203555,-0.8629969306331139,-0.8459999651312643,-0.9584663053355096,-0.4612285777086874,-0.3766187334099666,-0.4449196953437759,-1.457273658199453,-0.2528800657783739,12.061581893873065
-1.6035141664997936,-1.5630950055211998,-1.6710949833003903,-1.6389521063262196,-1.6266835460369962,0.013640769459361546,-0.08944843100374576,-0.03529709291172854,-0.016104660991157524,-0.10635533226837214,-1.1098756707036508,-1.3031718603729088,-1.1839880798959432,1.725998002094337,-2.4417069869024868,-8.348074202086934
-0.5704786794881522,-0.52857391748628,-0.6254886466795546,-0.539674284023911,-0.6399758278527528,0.0828803410032922,-0.0063025363936156376,0.1204746824639385,0.026942888359730088,-0.031007338731112687,-0.45257303376928054,-0.5034291505920423,-0.44314947229050666,0.5794987376006449,1.2100659331755932,-1.279459218845667
-0.33954636259613624,-0.3824717100962123,-0.36454287722044615,-0.3214920576990283,-0.40154289372871743,0.9433469253135865,0.9330713192616324,1.0118950755933749,0.964911657514672,0.9751861776520924,0.44692710616920855,0.410800696153656,0.5001976497544026,-0.26420928499436513,-0.30638136416235745,-1.593724740414583
0.8428286120632864,0.8078249381941182,0.8048404717997496,0.8421153006704836,0.8096297360056273,-1.2352972031911933,-1.0779789180786032,-1.1441907297145393,-1.2420004669336173,-1.0731945437932933,-0.19354647320385304,-0.19621063038362002,-0.225776820959744,-0.003477209701936022,-1.8494080058784057,8.170681445672063
1.3955973169217022,1.3440295214950486,1.3471741638632881,1.3542179545029212,1.3515422703660347,-2.3332042739305137,-2.3674862704594988,-2.3368625266758722,-2.3705447848130654,-2.332914159745988,-0.777151521626043,-0.6414418619461335,-0.8190121960653711,0.505864358116156,-0.3166834879634098,22.646021242683226
0.49303502939499455,0.5059005348271643,0.5381865558802414,0.461759376346342,0.5847071676732227,-0.19298455468304807,-0.20369318781949872,-0.1560549494824482,-0.15469797131206084,-0.19812068616926937,0.24752510604732708,0.2525554230497652,0.2422535635992601,0.9733374496134207,0.5210038966049031,2.2863897654164558
-0.5903253885964074,-0.603031310050918,-0.5554104068529995,-0.476140058255554,-0.6203360129616516,0.08925940291532261,0.09895855558306443,0.1132033146064867,0.0627405747433978,0.012545410589034023,-0.3541011045081241,-0.3925887368732714,-0.41051350596387964,-0.7559752913150118,0.4040491665329693,-5.813924056153409
1.0703830021209437,1.0854550300007326,1.1614145032090588,1.1063380831765235,1.1115445072428811,0.24439466848781277,0.23314083264633248,0.21023811296678147,0.21838843155029683,0.2673758695988892,0.9739359813162434,1.0111115303575358,0.9814823328628428,0.36614652596568237,1.7984149791648192,4.756686333911325
-0.324754372614392,-0.37330932793898775,-0.48903555633225815,-0.42872310761734667,-0.3569402222657312,-0.5295390209663267,-0.4665315325664692,-0.31752045208045077,-0.5152985604576098,-0.36711468485539617,-0.5075920348636458,-0.6061584089717525,-0.6425924360905041,-0.5067041762102386,-0.8527678625699305,-2.441671979645948
0.3148901029380664,0.4921833245944198,0.35628256330780883,0.3955696139835377,0.27146439650735144,-0.3720648289366905,-0.4853965767393796,-0.46378948489580574,-0.3497669621427925,-0.37947462784892244,-0.06050382058935281,0.00348935419913729,0.0412985230808691,-0.1889812445126243,0.0467201202649723,5.657885537312241
2.0163156431826224,1.9358285868993748,1.9823211984102198,2.0299867981133315,2.077712324079677,0.8591792839617002,0.8471533690606313,0.7734090459268051,0.8549916319371362,0.8062722382942293,2.1215390748610132,2.0536685410564246,2.0973324877872113,0.1606928674649046,-0.6995692785784219,9.849903457480318
1.185800919561186,1.1203219607749744,1.0952544208252109,1.1400006982514743,1.1269956318117538,-0.35355466526749085,-0.3921317692550572,-0.375991850307395,-0.34640087447931955,-0.4590749631757461,0.5980199750571147,0.45744267870376787,0.5683602587784452,-0.006678573052672211,-1.542192894187223,6.705432097617635
-0.8662009852857295,-0.9608381460270963,-0.8711235137831689,-0.8937532369745651,-1.0589339910553426,-1.7299234747958936,-1.6967376759504194,-1.6714121722263702,-1.8635630230724574,-1.8226556735125612,-2.0159078690854955,-2.0610955618155984,-2.0153620329269115,0.7355668983025718,0.8855273723059548,4.304008623057994
-0.002986869401400756,0.037287402665561464,-0.014273033781362743,0.07164745715591754,0.025402155158913413,1.6228180289075997,1.5456371882988207,1.55080570412631,1.584592944498237,1.6152674294901215,1.1431385313327715,1.257412538288757,1.1334560835824843,0.48708655911559395,0.46326956914752015,-8.067925057677861
-0.17252939438941292,-0.19496796177068176,-0.21021013671878516,-0.26196456173852395,-0.20647332896976348,0.7674338315473692,0.697520535699339,0.7746438838419651,0.7739297517368144,0.8415912034642835,0.38880077064264895,0.43656698356106743,0.31815477477895354,-1.5081692093721777,0.2836784496988527,-5.753691497822907
0.33791642203007977,0.28803861990054347,0.25163493504525214,0.1901443249201638,0.21973911122451298,0.728780091796814,0.7632253588891206,0.7861866178434032,0.7182933488626908,0.7453652429287173,0.6786374614360473,0.68840972044152,0.710193826966512,-1.3578232070654421,0.42679019325864453,-1.3659668205150584
1.055684257199898,0.9652467375198223,1.0570021016064879,1.134443199210571,1.136125896692916,0.32612783048236227,0.33889793803534346,0.32067847937530675,0.2907702099337956,0.3615659516049926,0.948288251393627,1.093483742909639,1.0773073756696232,-0.36971668475929287,-0.6854728526884201,7.150367012431447
0.5243907604243526,0.48179627929118696,0.5088141204107497,0.4655121446104487,0.6385150213723234,2.162543187369507,2.106736563887619,2.1404280221876615,2.1398530013251755,2.192542127115538,1.9822590354475118,1.9759264751190289,2.027015612575247,1.8286252624418249,-1.0056950873181933,-4.407418453182265
0.1418090552899311,0.2110156483848118,0.21437683063949262,0.22833677232706984,0.25070336653651154,-0.3864819717646454,-0.5128803023134365,-0.4081112094688959,-0.3939106154278993,-0.411066134993936,-0.22192204503611776,-0.159065625953586,-0.17454093540727064,-0.8515918325016023,0.037647372169360274,1.2933699354942867
0.8244546271600999,0.8436840350942187,0.8402910535133854,0.7172774656357997,0.8113268074143657,-0.7810961969622993,-0.7364097980792093,-0.7996537351019442,-0.9089222022808152,-0.8462033143764865,0.049270143603650673,-0.0111356862965333,0.005201501705475467,-0.20822270961275288,1.161211402411614,11.32601168123053
-0.54793208482979,-0.5320569760071406,-0.4706193307661177,-0.47760226449853704,-0.45899249689876515,0.5588980064375699,0.5257363539894113,0.5065527737409119,0.543895572860595,0.4637270100578299,0.031848784906303565,-0.02114320987783882,-0.0032409447443247094,-0.5363460269565219,1.608077135453547,-6.036797583408436
0.967046994398108,0.8352813300603164,0.9433412319720553,0.970721942593544,1.0744374895070066,-0.374192129917776,-0.6088884168473161,-0.41994213445874146,-0.46032352266068655,-0.5269344691061165,0.4085651867254796,0.3743046229272865,0.4535536913809046,-0.55404438408808,0.7954327068074329,5.4559067536630605
-0.9079598706412438,-0.9012665596822315,-0.8835419195180558,-0.9477377488885673,-1.0037853309110802,-0.4180961179416097,-0.44498974853513107,-0.4067284440720379,-0.4241951918553166,-0.4212071494244009,-0.9666982855237958,-1.0055245796719814,-0.9345034659974789,0.17823974390505556,0.029174426768095948,-9.112128852894628
0.7283979626545799,0.7313220469982199,0.7026004410119316,0.6915261232074538,0.7261217695238791,-1.0678898353917126,-0.7928474552295491,-0.8614704216998287,-0.8307153506500978,-0.8595138814153985,-0.10727531410588337,-0.18559084766188527,-0.06764829242142506,1.4007772761956514,0.26978392939993606,12.50041188858589
1.3091282090739118,1.2333455455247317,1.2623479251821925,1.2329987833832625,1.2911071974241424,0.4546047813688791,0.36896003017362244,0.4034687071768224,0.320171420804094,0.47670234843185855,1.3113849500265131,1.247424827514009,1.2762376391305514,0.45596839988058907,0.01159385932537144,5.958314970135029
-0.7239852463583516,-0.7843767191844409,-0.7276269346652289,-0.62050417580746,-0.6944357188451646,-1.209440785095199,-1.2069525798471787,-1.1579654403133817,-1.2156570134033968,-1.2479085668642278,-1.4434488644770798,-1.4793283212661363,-1.4774191024130658,-0.8035309614270922,-1.0259433396994282,1.7979724590984971
1.4851853865803935,1.37275490993299,1.4597796063956632,1.5146151961227914,1.379049402043479,0.5815731774448044,0.6075094071548863,0.624405905429928,0.6155936019168271,0.64572275508592,1.5106204602586206,1.5135677337451046,1.5384366625928985,2.753229510803207,0.02464737821054295,10.057015674658288
0.2183543759668894,0.2714969608775262,0.3850558715904565,0.2078669039910151,0.1787865648840024,-1.089136858682926,-1.1252594436218657,-1.0692450190495721,-1.0009365764118487,-0.995152765352278,-0.5545113532937832,-0.5231575034774839,-0.5730479968026606,0.07857322096112584,-1.3348268175884932,4.326493714950674
0.08891036595353954,0.09144435906731577,0.16412192825933727,0.20186596044164448,0.13060127368137578,0.08159290253391792,0.018686267663246034,0.16375641091601037,0.10160022581832034,0.14186744316658806,0.10097072201327781,0.15298002374228153,0.19735242002564243,-0.5772209563821133,-0.12407722610303959,-4.597259586613384
0.4183257978863364,0.4816619660986535,0.5149507684692948,0.4369854956262349,0.47102029476080776,0.2433033135704444,0.2653171886019122,0.28849563208292694,0.2351925566244321,0.2543370952064269,0.6482547240182186,0.43485112271254184,0.5180557535517438,1.4120963746775894,1.6361051105963191,1.8486339017965396
0.48940452987232647,0.3051636061339764,0.4225966293298032,0.45435431294578144,0.5223749097515784,1.7099514826949707,1.6957764263388981,1.712545624419611,1.7584443218544754,1.8173080167446725,1.6488732856666,1.6410956068674716,1.6700831269201237,-0.4690706179438185,0.8228592227833518,-2.7947837105242064
1.55854722472718,1.470684702051037,1.462233890008953,1.5103635973125813,1.4500091929911727,-0.539540929899206,-0.47329132000418805,-0.4851538350225974,-0.4613127891612513,-0.420738168120855,0.7644791376745279,0.7157811097418217,0.892422988623228,1.6629136549874428,-0.9231191842365297,10.527061461743413
-0.09693630812874032,-0.17580027214021826,-0.11638100661370958,-0.15248500615736402,-0.061762885758829725,0.0700965943841307,0.09726764131214236,0.01850394500199813,0.13680064632298272,-0.0014352417313585261,0.013800496116078614,-0.019317955336093994,-0.05285268896526343,-0.8706427909666666,-0.0724290696422832,4.7551895763237315
-1.5486667148845819,-1.6206584321477029,-1.6024829024660985,-1.5586487810487708,-1.4894706800277222,1.4842200050082484,1.3805114885425251,1.4375242301632793,1.5028491380712887,1.3837764701890707,-0.06829225052743268,-0.12143945455408656,-0.06722314813647737,1.4300303889213692,-0.8343763117547379,-24.2040752900405
-0.46443905981886807,-0.43243940437455597,-0.45946265351827886,-0.39924268992121614,-0.4244252608261729,-0.9294220742503585,-1.0077125766269126,-0.941373346010393,-0.965571955886053,-0.9618158635204219,-1.005385910675488,-0.9218016490620824,-1.0308393021585112,0.20104766428169443,-0.06251376817721002,5.015493696101994
0.8653732603413756,0.821904243758607,0.7732473282686181,0.7581844836028566,0.7174649437891576,0.03030025488231873,0.13031102824856317,0.1031239874061071,0.10342661119225717,-0.03840603634960181,0.6340484577101249,0.6856914655890897,0.6670740649996064,1.2910522327024336,1.041107816524563,7.378026848719886
-1.1541629023748223,-1.3232916720434382,-1.2103589533744787,-1.295554305650459,-1.2506735517791039,-0.3679087467889338,-0.2923508783142698,-0.32460178650618904,-0.2901196165952612,-0.25746317411672126,-1.2168118564950199,-1.1492584551716911,-1.0946384354359981,1.9017657087015443,0.6530079383099038,-3.5091802545363544
-0.2098306839331372,-0.24433720997888694,-0.2285921140445205,-0.29129153448138057,-0.2459115354268555,-1.4533175471515967,-1.458850090806145,-1.523652822198341,-1.402656421877337,-1.3669500456874286,-1.2617373020296965,-1.1981335597385432,-1.2156927092804304,-1.1326072905212539,2.484144080745336,-6.604208954813242
-0.16999744582173396,-0.23117057009970168,-0.23387299859107333,-0.3411563970403918,-0.23089799750994122,-2.5500486731802563,-2.501929860626434,-2.610294589823302,-2.506444642751472,-2.583709838548719,-2.052866638074521,-2.0983889693406117,-1.9952648017636443,1.2757718207583224,1.1924774025075715,14.515231034240681
-0.3022189640821328,-0.12655543187014634,-0.20483956719137192,-0.2187766262774856,-0.24895754019014643,0.7356699150363749,0.7217228327454626,0.7062210300827557,0.7166199317646207,0.6428575167397219,0.34788492617546257,0.32738812848157667,0.2814764824052974,-1.4089039044254048,0.20400038107769147,-8.75568957687921
1.0440143712572367,1.0461484795156957,1.0448863451068666,1.0104034984561496,1.1479967047777366,-0.35781611531562657,-0.24199162137630367,-0.39246557712883556,-0.26180218587083326,-0.2590616297846226,0.661431724795253,0.5823017274775331,0.5760123902116375,-1.0471843552482283,0.6771499741332931,6.626449174482151
2.4079266400532697,2.4609147433049934,2.418996781754925,2.43141378746144,2.3889651973369643,0.045221074465845515,0.011249500920080695,0.11562886989786383,0.0883514653876523,0.05885854483574483,1.8367797131738777,1.8811275640775293,1.8534237703862184,-0.803409459792437,-0.2024431741833357,13.246690379206267
0.013155133433364052,-0.11311197238262137,-0.08286640265419691,0.045586259926015435,-0.10987909036314313,0.12154660067820201,0.16750808755587243,0.21424202226168926,0.1690257766714725,0.19453921868917648,0.05240744588895285,0.19342118539597508,0.16581211423470726,0.5036366361778611,-1.1275042470864962,0.7400931126184183
-0.5974859435163317,-0.6645767167518756,-0.45574015457696965,-0.4850139278901451,-0.4896433853218585,-0.602128128046047,-0.505196656980603,-0.4537071901018713,-0.5656696139941514,-0.4916043888344573,-0.731528142145656,-0.7444322533248827,-0.7753931876196932,0.033015876934859634,1.3057765782875206,2.0816485442615367
-0.47837877511020244,-0.4740148137879917,-0.515581014346112,-0.5178673772822077,-0.6299845841373868,-0.6288556612760653,-0.6866332350006805,-0.6871319528873542,-0.6906781813285054,-0.68583481119373,-0.8075849203585496,-0.8332925576033826,-0.8151014358421221,-0.16713608416283599,1.008991476931648,2.384993920595428
-0.17370154934997684,-0.24250637123221602,-0.25347100933955513,-0.24658259285697,-0.2524348449934483,1.456024567878521,1.4757411980652966,1.3257230679524088,1.424979431566575,1.4759530043274438,0.9192232684560946,0.9204627116750697,0.8412265462649672,0.14623527902236097,-0.24105421459396426,-4.368458352778664
1.0716916543305386,1.0958571438162599,0.9904919052537158,1.1309252367973892,1.192815565786741,1.2062526086701106,1.1072922288672808,1.2052990649480724,1.100701883413848,1.2060783217290127,1.628132747551189,1.6638772272107991,1.5792855066196358,0.5912895892934729,0.2739357369313382,2.0080976910182313
-0.31136566319325626,-0.3942233588248188,-0.1787703192599424,-0.2995154083583958,-0.3261553920243279,-0.3068175307094522,-0.42758199914931383,-0.2891361664940848,-0.3098521947251659,-0.3832169949896337,-0.4476706194594692,-0.5568542300138115,-0.4844835052264729,0.6682481239413528,1.2409391873848064,1.210616425175829
-0.788319520256369,-0.7129307462348939,-0.7925922548224763,-0.7553161762051577,-0.794964235746144,-1.0790329980308442,-1.0460034976184156,-1.0088109629168662,-1.1934133243226572,-0.9882914198023325,-1.1504292492392822,-1.2368261971688679,-1.3257337869453778,1.094166835615131,0.8463514262060201,-4.2625305897235055
0.8465519251838198,0.9823353655172807,0.8674520772097845,0.8175935676340655,0.8860246003007484,1.1863454644277742,1.1834001195541055,1.174842766070049,1.3437181872187667,1.1400644909383264,1.5508210574211576,1.635283983034055,1.5722066277170448,1.8200348127674395,-1.4631012512496988,-2.940327238257935
-1.0101182373915343,-1.0516139022385045,-1.0518073408420647,-1.0529055217481305,-1.0751392220873444,-0.38900772212965623,-0.529646683700672,-0.4939561991926526,-0.423200296275969,-0.5029025435068588,-1.223087260860158,-1.1691944064135702,-1.158870540791227,-0.021362372441476974,0.24362002148982426,-1.500286986507768
-1.1220539682520814,-1.1471923431677955,-1.1310107701601342,-1.1195552298182048,-1.1529889214296922,0.6650199559507899,0.5889456727050487,0.6507066952247724,0.6642980724551529,0.725694378717542,-0.3857048175812977,-0.3749254608644992,-0.37339155463486295,-0.5210889621309163,-0.16763152548836402,-6.815273665833114
-0.35803074314099487,-0.35565196313090014,-0.3081831644113334,-0.3876623433977998,-0.3229666180641367,0.7121685754460214,0.6763892620332259,0.6344486465838483,0.6758832878215055,0.6392583145477096,0.2665712124729283,0.26591799510349456,0.23155053387153962,0.6135361291851883,1.1130006991386807,-2.3873885385626705
-0.3638133348164205,-0.42146193038442153,-0.25253743213966273,-0.3283577197712243,-0.3948734159465129,1.1016823902442014,1.0987255577959973,1.149132741755028,1.1165119068753997,1.1168410955343933,0.47861433073671455,0.5863951880407929,0.560296991021277,-1.1442548162646202,1.0310427387826613,-8.42511765257271
0.48384843294148167,0.6529174733825679,0.6104467093700862,0.566960161851299,0.6695162293588902,0.4710332685660438,0.5961201441675515,0.5035695795067064,0.5339881756705174,0.5906131749199169,0.8547959591844566,0.8362285020012022,0.8310767404464366,-0.6787041321116114,1.318607828178045,4.537735834907595
0.2562837501957901,0.27928348913975876,0.2570248311316787,0.30062475117006193,0.3220820853486429,-1.2907893477561012,-1.185112590909989,-1.2332487190951185,-1.178926940186691,-1.2315840909650997,-0.6284695553844354,-0.7099876706796097,-0.6576429902164009,0.9993809463927898,-1.1178943387202076,3.250270116441568
-0.08008607526385339,-0.1504328668016887,-0.18850428587692863,-0.3000481324989561,-0.13931732730074936,-0.5255360804900827,-0.5032170734051123,-0.5517881511667068,-0.5037868683781705,-0.5002107554727893,-0.4185815228827874,-0.4800525503359311,-0.5155172767227655,-0.12412837481770417,-0.7841115340562388,5.439414258169102
-0.7331492845657446,-0.747278221344184,-0.653734887389927,-0.680215576201428,-0.7005339760034034,-1.285233168961882,-1.2791881997058647,-1.412550607710334,-1.3427518674069299,-1.3458634230558422,-1.4134537480317082,-1.451391663925646,-1.4361302348409528,-1.208192458358039,1.1140824361354387,0.8016536403913634
0.5851834448394116,0.5167364705529686,0.6791207558536487,0.6241779188987603,0.6400285606281343,-1.1769933020396686,-1.2820312500438962,-1.2090871702793387,-1.2073348316974368,-1.2439947774630835,-0.4288643412178618,-0.4358025234035105,-0.46239253058016044,-1.4898030653651742,-0.5916458153424456,14.95340439172652
-1.927460738829776,-1.906078567528424,-2.0477232114107506,-2.009403065267864,-1.990685557930189,1.657337408086738,1.6384530108179152,1.669708702299635,1.5459571599578366,1.726717292478075,-0.3779650782413052,-0.25236648909786835,-0.15699350410714039,0.04871667939380729,-1.5214329809143075,-24.641567972410094
-0.1546235896769874,-0.1092425707247649,-0.03174863101561138,-0.08925113786610694,-0.07799983060219617,-0.567025441415318,-0.6012304907082697,-0.5269169702807655,-0.5156946462618198,-0.555828450140776,-0.4030898826731432,-0.4626982964936349,-0.44110731151161636,1.1418965369680099,0.5325964876140653,7.9200017816557065
-0.026517443564551775,0.036910806498521284,-0.0267572488262851,-0.07355050263820197,-0.0824082711629614,1.128930412421811,1.006218693915655,0.972849397887487,1.0563091752465692,1.0983833026190895,0.7812426950171835,0.7956671276894851,0.7184241521977381,1.1285457775311865,-0.5472184402659728,-6.63337906889406
0.18968245026431646,0.1388751404358578,0.18467820015025774,0.16080875720342236,0.09294009206867736,-0.3936762666124823,-0.40606445823432874,-0.30343437461606165,-0.33898912053536734,-0.3650716524472202,-0.13652009667246745,-0.14602489064808885,-0.015783546783231545,0.11088050289283735,1.7897907703084006,1.1906013476687594
0.2930366465428187,0.2003167917995633,0.28731194461565956,0.2815855205706475,0.3268219457701003,-1.6140187530902959,-1.5855628462511984,-1.5403748853220458,-1.635451510795602,-1.6789917824680585,-1.0681677429424707,-1.0049027873534324,-0.9609753177494796,2.008909419096128,0.29618455398846355,9.71635287015546
0.8495210421049176,0.7507042693081653,0.6639792578152629,0.6591388122874788,0.6839205478112099,0.16180455172615793,0.15905165454177508,0.13001005001421503,0.21921505502001337,0.1674628783792982,0.6010519770461068,0.6308580034031738,0.6893969118501007,-0.10482036594046269,0.16025928664166553,1.3985175553006925
-0.06591772653178626,-0.011982379475656894,0.0550558753821901,0.0841398097953799,-0.02517891796309536,0.32150892907785816,0.3295274578639386,0.3062749067577016,0.3125199923495099,0.3626572893129625,0.1978698084222416,0.1689124952751958,0.2858160960590695,-0.13856762339741077,-0.36924389161575705,-1.7518112452405783
-0.6864530626380031,-0.7044550484563449,-0.7066679377769159,-0.6929428884555863,-0.7715486562335485,0.2529825992575778,0.1307163429563249,0.21183602384696718,0.19741928768395697,0.2320784710960814,-0.5084720511885963,-0.41683372042216865,-0.3765710777483543,-2.567435909739,1.5908353339269714,-8.201521176216723
0.379200031058925,0.3891006613057523,0.4364429662157343,0.3575947797323395,0.42278777151461927,-1.6527099500342464,-1.6324390988225927,-1.5363607366366958,-1.552589547329671,-1.5393411684931948,-0.9061773515370977,-0.8716097679726245,-0.8792488913987342,-0.44736294916121566,0.35855445988982093,6.998462084776581
0.4875636160342246,0.37181169689524735,0.4483023765234591,0.4738570237632797,0.4175157152322103,0.17574798481258547,0.2050549824327263,0.21723654031192058,0.23925944059716625,0.3904905620949369,0.47014794563670415,0.5270282028158046,0.45493482347003983,0.8520150349084945,-0.40849951815620644,3.9545356987081743
1.60426607982441,1.590415460507976,1.552209621073455,1.6090713223804667,1.5763179756593395,0.9646513360775448,0.9828243125099347,0.8970290727173136,0.9743747251406014,0.9761772719550037,2.0071564356499403,1.951924365285554,1.8942676090145651,1.563961336859704,-0.7940837066054469,2.3146742353988268
-1.2522559282544163,-1.1057869612912765,-1.2935374681501084,-1.1834830566483576,-1.2148467308845616,-0.6135689855252212,-0.6431322055774756,-0.5620067184972746,-0.5983968806266398,-0.6267322575021643,-1.3415154780738616,-1.3462256268027515,-1.399319946294478,-0.8302346336672846,-0.07347305456421788,-8.219424917042701
0.5032258890686339,0.5164253923713898,0.5327447328526372,0.40706327464591296,0.3959086251451519,-0.52058747654166,-0.6229669042355386,-0.6495032188386773,-0.6275881328176124,-0.6668129061560477,-0.08097169708574173,-0.12129369672637394,-0.15437749669966647,0.4622523292930485,-0.9776468371548056,0.18604864630530127
-0.8105088583055707,-0.7204896733859295,-0.696419311613457,-0.6672834586840249,-0.7911701060043322,-0.5471165390203521,-0.6647209353235556,-0.5806353403205895,-0.5938281409216656,-0.5942525603626755,-1.0352854659763508,-0.9171935059264009,-0.993111387569854,1.0468790323232877,1.0288774416789441,-4.420911385761323
-0.8469092087767893,-0.8233044137075141,-0.9253607154485569,-0.9055565319516455,-0.8602576893429809,-1.3045674040964481,-1.324426366958345,-1.3120070383183895,-1.2199326464711067,-1.2378020688429054,-1.61894697550931,-1.475299645794696,-1.5745689869166302,0.011208153195899085,-1.808342054024234,4.773674113742964
1.0158676300769738,1.0114931300376029,0.9740310231126161,0.9830683101053841,0.9641082387198125,-0.9547345228497001,-0.8180689188920409,-0.8522100078407434,-0.907108339122699,-0.9667871592086319,0.07781492924484325,0.08020830999900955,0.08967634781003926,-2.2832804575272303,-0.1395140283330708,7.08402462790978
0.5005850142689998,0.47912871734998447,0.4453140652392727,0.6005460934498548,0.5214882514008656,0.08157989698169095,0.15383738011202847,0.2019961177375284,0.13262133133772935,0.29401104463015204,0.4293001197726506,0.42249845825983295,0.49876511174129345,0.24728999957425232,0.6101335450879344,0.01939524737538445
0.7182003016928993,0.6107131268305867,0.591145163839421,0.6803880544745924,0.713634740651069,-0.5981168892127569,-0.6125998681461058,-0.5852777107710598,-0.5128872763971792,-0.5040535301871096,0.06616040297961501,0.12966687488761633,0.10163526585730659,0.7614306240608931,0.3421194201096571,7.552625351654779
2.4504613033658402,2.4437727126448348,2.3911961915250983,2.412764187582996,2.4680387446731267,-0.08550981615046079,-0.08030332661153394,-0.0888021681731338,-0.10649029642620017,-0.17545710562822558,1.7139197016687244,1.8181036147793241,1.6944759798915814,-0.9474228950184589,-0.7172829730156689,13.71699133590587
-0.6606131328796792,-0.6162454330487457,-0.7247091217099106,-0.7782823225073883,-0.577029014503963,0.03812736660762486,-0.05700867808284073,-0.10082444257334594,-0.002214021017155468,-0.06869051108786223,-0.528410840208239,-0.5328428764473254,-0.5297656154035782,-0.254154530874387,0.6602587067065492,3.6659806438210323
-0.6396721217314436,-0.6374218125033803,-0.6162426554927758,-0.5261304982010612,-0.5997731712855381,1.7779105872164782,1.680032617316167,1.7561206529189783,1.5853559108508957,1.7626301823027792,0.92259297879818,0.8718911270767336,0.875856858209137,-1.1554960421287641,-0.8860393883859076,-12.038035755215375
-0.5699544752820068,-0.46311864603720687,-0.5712783120160324,-0.6016039206399844,-0.5018993408043623,0.6122420936850639,0.545993811562809,0.5876756736336022,0.6010476151974923,0.6596045549113176,0.06786998848445282,0.11039507697432333,0.1023515080775973,-2.5701475485803527,-0.02238465649681007,-5.140450241687823
0.6500561951152031,0.5861341628990803,0.5093692180629992,0.5405475189313614,0.561499415276535,-1.5078718671810578,-1.3532948036146364,-1.5134990255151706,-1.5146937488338077,-1.5553253652575318,-0.6399148022242167,-0.6130370531727742,-0.7212294853026093,1.0270044117876564,0.6518415719803556,13.612999289111556
-0.16332593348863056,-0.27953117935085653,-0.1340131922454554,-0.25171031872832195,-0.1125242081304933,-0.057271139824436254,-0.08328935265425078,-0.07235548190266566,-0.12387469197160787,-0.03506046512339652,-0.1983837065388322,-0.21908851913240682,-0.30191282688171805,-0.0037485338018516225,0.4629127794931132,3.109853610614594
0.15691042907098843,0.21869755473260336,0.23144298743805267,0.23963654047160576,0.2679976335083921,-1.2945090406488249,-1.36485550879124,-1.2665617558080837,-1.296239190866586,-1.3659441344076921,-0.7797190315769376,-0.8452740383544506,-0.8466948196040288,1.5976749967049828,-0.675039011419468,7.436698005082761
0.5823565953822957,0.5657167462327185,0.5411054869436327,0.61871845735292,0.5806504797455216,0.6177191253226816,0.6064864134847645,0.5765474286127658,0.5031157683198552,0.5273341322609355,0.8151189860566608,0.8151993578497247,0.8715237143520166,0.8573221919061772,1.1974945165643633,0.2756381144237946
0.7469953280717705,0.8302017911957642,0.8058471166541393,0.7843341713294458,0.8115553583167184,0.42676156620326083,0.46677462052254337,0.4657756018332759,0.43382178552448575,0.49182341737217516,0.8891342450701961,0.92810158633802,0.9659157651532901,-0.35420976166544893,0.08669457148553406,9.790384896845328
-1.5192750445768195,-1.5925008184531186,-1.557039632349127,-1.5624982836582506,-1.5099480068719515,0.4038204152636202,0.3698139866249672,0.4003168442363164,0.3397709851117088,0.38056152167080753,-0.85359909709247,-0.8165287738637974,-0.9081754940884424,-0.08318066010440868,0.7429954109391514,-11.073085593871694
0.2912707365201937,0.25500858815910954,0.3175541880742786,0.22798061069204945,0.2506429200948994,-1.3237022682803272,-1.259567101463601,-1.1747277395433442,-1.1970974580163083,-1.2882572619861947,-0.6457786195917815,-0.6869215646375031,-0.6882533493506382,0.5661773907701725,1.5291010066732473,5.8244876880068945
1.097556082489446,1.025173220882973,0.9595649593332545,1.0074778951445258,0.9676640071262731,-0.04734913848996048,-0.0039037563559107466,-0.017540533479241633,0.03073334309646711,-0.030266656344944323,0.7658302990551931,0.690522991306345,0.8012399562903783,0.9668834167557434,1.117520548774607,4.080387588305905
-0.017013696535048837,0.041447310203438406,0.08150779652305942,0.030569294562844948,0.07060194487428224,0.07009253941920499,0.015922416146485197,0.006938350706656073,0.04231475736834925,-0.0019676108108159784,0.028632237153923892,0.06842114374583289,0.06141773480036114,0.3226706307420114,1.1201294063310439,-6.137416881760813
-0.509142886757416,-0.5900190808290922,-0.517637757016852,-0.44180399702243756,-0.4863205295023217,0.03792860924200692,-0.00498415282832089,0.08507883018210989,0.13176416855538464,0.12279265639722597,-0.2555545811600678,-0.2509425125063323,-0.22287160163181868,1.1055931452894843,0.19267992984947224,-0.18269455392033684
-0.40119911993442114,-0.4688336030654194,-0.4795645362691304,-0.3644125099387523,-0.40362169357843675,-0.331249534019848,-0.20435151906497395,-0.3011246617373634,-0.23898539456451762,-0.3379798389061104,-0.5302970787826518,-0.5015873428099443,-0.47063151712651347,-0.2966687366744715,0.7939351209105097,-8.967950424183124
-0.4224867136940149,-0.4083406913407627,-0.41860436261457856,-0.4301123214700212,-0.49652475773370175,1.2326038701815278,1.1712687961840467,1.2182313864535548,1.2547927949040534,1.1543364748121896,0.5455987802087926,0.5020958970101141,0.49839531742563487,-0.9971435467856863,0.21359657456431608,-8.213865877053344
-0.1883114438306727,-0.18413489139836844,-0.11299014074716966,-0.19564543983059618,-0.2634116693714609,-0.4915773665363688,-0.34296591853634484,-0.4360956360965482,-0.32423757071940085,-0.5187946214042783,-0.4622980607825836,-0.44769219344073324,-0.4481209628797277,-0.06480925356113022,-1.2093244677784134,0.4126422219542012
0.14307898316331086,0.1605404725474248,0.31612248636253015,0.2238181524055022,0.19853415817995093,1.0331423628722989,1.0441740603934888,0.9607318531741214,0.9552922125814065,0.9887495480477771,0.8507972642408349,0.90727056000677,0.861617245100739,0.2051848907361836,0.30274379250504235,4.946101294141716
0.29776812902197447,0.1857690518129222,0.19371148932128524,0.24909932926564357,0.2989458546505059,0.8185420613336101,0.7950987786181245,0.9435871213139632,0.8092250565842094,0.8371040089284353,0.876743246522371,0.7405258526076633,0.814883412445954,-1.2015353947392868,0.2563609837384655,-8.280480715630421
1.0482631244393625,0.9582195402482911,1.047152340566123,0.9581106378764269,1.0009160188582815,-0.5108524386199137,-0.43976453437719615,-0.44443725350799834,-0.4522507451791168,-0.550843261132357,0.38835540484244707,0.2790754463559273,0.4295507951474138,-1.336722084146622,0.5837293615218192,5.52534547178295
2.1381395124101013,2.0828632854401903,2.163463155248611,2.163788827842741,2.255774693416231,-0.40089055267395585,-0.3772687599108602,-0.3827266656389331,-0.30928332143480614,-0.33500669672932154,1.3620058196533296,1.4306458367329147,1.375675932339484,0.4473862964734275,-0.12799697521339518,14.700558878945348
1.4484873933170908,1.3756512173267392,1.4198831887880174,1.3849416024510321,1.3455194369910386,1.5194958514655708,1.4072585091039795,1.5291405881412865,1.5393773034249612,1.5519470534763835,2.050708747030991,2.1486403987449827,1.976259588804983,-0.4063568513704236,-0.7614555567638507,1.098416542384418
-0.3406675407812342,-0.4290993552701167,-0.4727019538026269,-0.3536666870578271,-0.4519126989893604,-0.14470177916601284,-0.28892528671858897,-0.261777875134723,-0.17323125570496928,-0.27847377558842934,-0.5068421935510916,-0.4610434980434498,-0.5570220118240914,-0.1658409056620021,0.6565060831752271,-3.7772138609369525
-0.8660045242975987,-0.921048743709254,-0.9358578379449165,-0.8818957577678459,-0.8760808645197948,-0.9148588664414329,-0.9340518533256505,-0.9343561696514597,-0.9533652329745398,-0.9405253809233658,-1.3580206444526224,-1.3997957479467389,-1.4553239450141882,-0.3596926657008235,-1.313272287252248,-1.5610900678294923
-0.028970749898640298,-0.036356814275839776,-0.07174438417576631,-0.09341057857942242,-0.03708027178500664,0.1792897328126679,0.19936716350987782,0.22937106213794994,0.24381182389200395,0.23616955838895293,0.09821371733264743,0.1765472947781446,0.1484391536375844,1.5206009017632118,1.4588191358564693,-5.508642858953212
-0.920733450146056,-0.9302378071592144,-0.9444881364184472,-0.9455992545370104,-0.9099379021350903,0.9918873078273284,0.9197538615064994,0.9945884108270163,0.8860868659785808,0.8748897871938065,-0.008738878998366928,0.003940284794873109,0.0022022328898429495,1.261761160395,-0.2314180612049924,-8.682204748194684
-0.09007567768262421,0.057669372440685936,-0.07904458749672907,-0.041317722166983685,-0.08573866537301054,0.6252445402615611,0.6982568198047041,0.6583595347908457,0.7478445737570714,0.7439078085936532,0.41628993324853686,0.3585326688674997,0.4519102956904555,-1.2373536900391682,0.24552817205616823,-11.744305630596415
0.36479083283305214,0.28769508789668735,0.39624197607051903,0.3725811403199857,0.43169397071559296,0.22685384687378124,0.16345429681690785,0.15502516289168888,0.14130235174194772,0.13458710629628906,0.3882031608401537,0.45541753879166746,0.3362569546922438,-0.532793213080447,0.558558153281572,1.67474561994324
0.1670910344819682,0.33267926387745334,0.3260549426253229,0.3207037875101487,0.3730560598378399,2.3728689530235676,2.290370217351102,2.3846446617645003,2.317124336507308,2.365340943008363,1.9272032991640453,1.9290623148540351,1.9548353489290982,0.850004267969593,0.5906880448441909,-11.052486424568846
-0.4606243249765799,-0.4557920292009731,-0.47446823018945894,-0.4535009452472318,-0.5064043086001438,-0.7391405783771128,-0.5568819839201598,-0.5803192480491325,-0.6093209946539382,-0.5535227362420736,-0.8556839548897396,-0.8277004353025708,-0.7720831121751809,0.6019362371032422,-1.4089842999517348,3.8613423820163586
-0.6835924320632847,-0.6444724079100268,-0.5245783889581483,-0.6352283145602751,-0.5430322499319759,1.0793617229044228,1.1394494828998862,1.135639633518627,1.0973209116199572,1.1225859481963865,0.3662054935365644,0.367241095361463,0.323383129300466,-0.04145796232978563,0.8240865805442636,-1.898050403146434
-0.46703798764055243,-0.5320471813327008,-0.5214176475892353,-0.5730161519644495,-0.5950338325932654,-0.7435185333072478,-0.9168180345221194,-0.7750366643247115,-0.8272096468913998,-0.7603980431960355,-0.9783025926595518,-1.0829324020692124,-1.0554732168700371,-1.1376002049642353,0.30315382837627336,-1.346051696654037
-0.5411178967652451,-0.5474935545338033,-0.585456727583931,-0.5766218276146963,-0.4708508150078268,0.6088680904749861,0.6227028725563076,0.596604775699417,0.575100012723259,0.6135761879585547,0.11571111299001396,0.08616297141374585,0.05648955712083079,-0.6825400461535457,-0.6352613845586089,-0.8252869164647407
-1.450540258343929,-1.4306724802264335,-1.3717880835704532,-1.4050161257333464,-1.3875930888193972,1.418942143878166,1.4897213766493635,1.4705912909133319,1.4018401448610112,1.3992479534021882,0.03506871907276786,0.035325620795267104,0.1118218741136488,-0.5167675675462897,-0.7496669509459138,-15.54632502797098
-0.6135359512643922,-0.5066927052899394,-0.6124070677404667,-0.5097082505432811,-0.538977391950673,-0.3999959577138756,-0.3673104254601419,-0.39765121137727855,-0.40758237795234686,-0.38493011700168933,-0.7334399342901307,-0.710047181910914,-0.6153560381843272,0.2769943311191006,-0.3340530820568455,-5.428978873426525
0.3033320067915699,0.34801426211923936,0.36325487547195223,0.30197985409222755,0.316955796044159,0.5303052280347198,0.6702020880926676,0.5880586980579949,0.7230652146115698,0.5949895139214858,0.7150509818240914,0.7590250042344824,0.7232709618843014,1.7037271546972377,-1.298741686610492,5.860470392735674
-0.09717329886194508,-0.1426694474576748,-0.08941315529159159,-0.18017139435559656,-0.3158123131814485,-0.7628010466878508,-0.7920020615278561,-0.808310901635653,-0.7215996251294625,-0.7814696343788373,-0.5972936859566642,-0.7518640813725445,-0.719170964001756,-0.686880234788128,1.7222673909870256,4.065957809433572
-0.8187739707715771,-0.7158990039425552,-0.6715491374083031,-0.6210444100998743,-0.7264698951274295,0.07906386207068097,-0.014645634789062199,-0.10106978856996104,0.014824584606278661,-0.09667078312193914,-0.4890045853415504,-0.5646785327893821,-0.49049777599657207,-1.0260352475552401,1.4861513251433442,-4.815350098526319
-0.42788246477995345,-0.5659335673305796,-0.5665386747425953,-0.4664528414236125,-0.523026534968593,0.25284522359356987,0.13425058549858593,0.16861268598772575,0.27145899342779933,0.26892023989425506,-0.17830001665631004,-0.24817675591611035,-0.22829755641854313,-0.1085864768279433,0.45170020097593927,-1.4838726723315818
1.1458747838307652,1.1185501992486593,1.08306300145019,1.1507853950157325,1.0800608628726558,2.510106654639362,2.420940323749882,2.3918724528565942,2.49229253279806,2.480685437310611,2.63700749829931,2.5867882405366163,2.5623526376915033,1.0317389805140589,-0.22339841634209087,-3.1828035603674536
-0.5253185527851718,-0.40463706264911525,-0.39883024704805425,-0.5245132956909974,-0.4588553201649577,1.0360726877051174,1.0896058179926131,0.9971087123379002,0.9033817056434261,1.0408529820155388,0.46030270625702646,0.39167850544845606,0.28110666260449524,-1.4468829667607033,-0.1971079879373953,-7.578865138675127
1.70060633979677,1.6780135666197493,1.745915825167091,1.7883083629132026,1.73342378717317,0.6061057432273003,0.5049889584362887,0.5411669479022837,0.4932376202953387,0.6182582372670229,1.755226197444281,1.7229455339339659,1.7065639676607807,1.4536341508749477,0.7580657061739681,3.1603184710028227
0.6449417405181039,0.508367620748859,0.5651007659048021,0.5146652721322059,0.5198914886694427,1.1519723359410134,1.0152782949543735,0.9354832270473944,1.013082218509028,1.0360366597033546,1.2178889069485348,1.172202215237396,1.1580575204357832,-0.1720313621156695,1.7578268995019506,-2.0111606403538147
0.43463498555479624,0.4882237163636362,0.5198515503601133,0.4252093202551849,0.4289703221395418,1.0322041180768073,0.9778401829651185,1.0920702729978133,0.9898544652852163,0.9815281133603944,1.1551962154670203,1.0578963177297716,1.1065856234639413,-0.7343200023133737,-0.5703967395967432,0.14272610255856222
1.2553835159558526,1.2638183022432876,1.3478671845896668,1.295712462647315,1.2772753922113893,0.6069130271348165,0.6227743045002403,0.6705983993546796,0.6012459236808981,0.5773450408695749,1.3675256602258157,1.505908562527541,1.3066403302271656,-1.6001892867621594,-1.1175860426233242,4.677327022231786
0.19624372922989314,0.09975182975589605,0.15331799273092972,0.11008836593922218,0.1954529627041531,1.1978163940140396,1.0930317045402531,1.1684715107437953,1.123834640542637,1.1783867643308001,0.8721425944421617,1.0678378666486041,0.9557471906883601,0.7065207734206274,1.547640773595271,-0.7437215366514334
0.36716728724355185,0.32905971434284725,0.3398062248682328,0.33915965871000414,0.3171883906978814,-0.3009798598548984,-0.35260950277644365,-0.27829733808332924,-0.36270642605438996,-0.36231871905378515,-0.009410919885930168,-0.010101518824020408,-0.13882191061670307,-0.17117119524153482,-1.7871385875844514,4.610959038916377
1.1676329906501137,1.1462483992674262,1.1988958471903157,1.1424801877506876,1.18878233415527,0.1575458824832977,0.2238861118923664,0.13267590874472263,0.18330888415616894,0.17768302903898686,1.032119686921568,0.9908466330879979,1.083082664102469,0.1707054827545068,-1.0085308082526463,3.6487711891765313
-1.2810320851606922,-1.3405694262417416,-1.248968392666356,-1.2439225186075396,-1.3146982146820854,0.6728624336088581,0.7356582483985489,0.8033221437571598,0.6727991479669472,0.7736983149356268,-0.45671730514255177,-0.35574909591477416,-0.40342724076013464,-0.9008117410113639,-0.2468578925108528,-15.118297140126906
2.003804352958173,2.0902633829795523,2.0827704636935764,2.1114763018660083,2.072041662830658,-0.2854465215838068,-0.3808100944872544,-0.34065002704287817,-0.4011667620547293,-0.2721422555145836,1.340126175338107,1.2264956865302983,1.2849003032754922,-0.31909603425102373,-1.5604334678050311,12.708281176204391
0.29195556944634776,0.1715460104136693,0.224049499494328,0.13954737581817678,0.2597269739516441,1.5401555591218836,1.5483389990332308,1.5105175120398684,1.4489371805063656,1.4566477338992714,1.1856426951093988,1.2620472081967193,1.3069218674360645,-0.4865812463547379,1.1121490628065982,-6.481037196091535
0.31813899772547893,0.18517684275708035,0.3191760651314793,0.31399333976514976,0.11283762251966412,0.6174062366637904,0.6243700549433963,0.513809817974002,0.5500397515650834,0.5434562427739275,0.5941040120379247,0.5860367722734998,0.5719389117076372,-0.10059310537820755,0.8569052705051,0.48357077786225844
-0.3975116238819047,-0.45561318279969654,-0.430563639579491,-0.46463836531408315,-0.3730301731316214,0.11317711324401225,0.22589356187070742,0.18512019803061056,0.17203152141300623,0.21848515821609948,-0.2008883124004352,-0.2346173126790789,-0.17302175937580982,-0.6695523263758105,-0.5747932272153171,-5.095108022053567
-0.9571064813781563,-0.9385917593150148,-1.017772643157227,-0.9323407575913678,-0.9033711327283195,0.22190149379269827,0.14496330287232345,0.14562951533945162,0.06983781747400533,0.17840783307226205,-0.7072970269399018,-0.6394831493310174,-0.5857432357619121,-1.5341809606872214,1.2796141191777477,-8.922536158063677
1.2233537037219688,1.1254482070787557,1.097345762533433,1.1318719728452795,1.0827849706105168,-1.4790858060144283,-1.4360180938343292,-1.4547620761013136,-1.4715678828694068,-1.4194435479317873,-0.1549616427377874,-0.27290679705995086,-0.3844126555558221,2.728499745296607,1.4492924284038262,17.03423109623819
0.35833559768070605,0.3351222274055139,0.3094142394958065,0.3597900595153447,0.30973636907455304,1.4739945779281944,1.5388672976789433,1.5229416999771301,1.430698458348344,1.5820922651662275,1.2919550695760367,1.3605478562166355,1.3375539150253266,-1.363404247337514,-0.11317064829006354,-3.814666374313478
-0.5865332566295784,-0.5252216104827581,-0.5410600511887228,-0.5366944328295994,-0.549952219747452,1.7419664979691696,1.8832748903487333,1.7920499384429234,1.780808248391144,1.8688495742551314,0.8987532770577898,0.9295291383067973,0.9270380734163555,0.18145900694253897,-0.4506681775680075,-13.267898255399407
-2.0663919631474625,-2.1761510304320604,-2.027179444872268,-2.028259198577403,-2.126665859761908,0.5529301693475202,0.3703617043824232,0.39189299113179027,0.36435916113253497,0.44006551929320387,-1.1857550667064678,-1.2622206407728236,-1.2409687354840129,-1.7720278284240423,2.259602027742478,-14.488108844307678
-0.8658688237973218,-0.9454358935854259,-1.010425935325703,-1.0321505769004289,-0.9589748325768471,0.685042158448784,0.7268448947241242,0.6445979590442686,0.6304933921158624,0.6310095919603105,-0.1867111917105153,-0.23753912671164537,-0.14615836757058165,-1.997047436617975,0.721161822084155,-3.5205259030301708
-0.5866126738591846,-0.5167029476297097,-0.5264509111489868,-0.5054826822631415,-0.6332009635178352,-1.2588379327714279,-1.220600033637722,-1.1757434901065646,-1.2817233852868064,-1.281788554323938,-1.3464768554095732,-1.3026105689805214,-1.34726317683148,0.09782649185226754,0.2563246529688533,2.614441774190601
0.5996179807260286,0.5972256953559417,0.5848566517793572,0.6727576273052054,0.5617947386588908,-0.051020893092291464,-0.1007007231918438,-0.12690417208076213,-0.10189210536890295,-0.1135861578411495,0.41984218038852644,0.426210022981466,0.3546597577532332,0.17436758776830327,1.3635459466396125,5.787655749848332
-0.9957582261047724,-0.9662843024200242,-1.029595980073417,-0.9807635239828245,-0.9396206680010997,-1.410792123413,-1.5260754468976037,-1.403478763854255,-1.4925713008761217,-1.4115882400576938,-1.802437732142713,-1.8243484261288334,-1.9127204073910464,1.2614989908023837,0.30193063500302136,-2.8040352414809426
-0.04600195798800987,-0.09968152048537485,-0.11880877613698554,0.07292823017844796,-0.08971771390512381,0.22178612567756303,0.21693300638078747,0.2923080664981538,0.27651169019032873,0.32250483082215414,0.2550791811826092,0.1796624901163407,0.2139417356406931,0.3995468410157058,-0.5056205859191885,2.100844155175903
0.2853374476697162,0.3908480763512604,0.3234257152307551,0.308005288552347,0.3966240405937282,-1.1469321173417526,-1.2388257008793424,-1.2723981460982283,-1.1686699396462767,-1.1680901012603817,-0.6094417985698878,-0.6003481701955702,-0.641953326503743,-0.14981071874579097,0.08015976048755348,14.859035634186846
-0.021950726661416814,-0.0703189361931778,-0.08772888846318846,-0.030178378343263798,-0.06027670969343352,1.020166441967178,1.0382383185334239,1.118077359373773,1.0579384465995392,1.119867179720283,0.7175391661834646,0.7531777920819283,0.7026808128350558,-0.9496002440650042,1.038654287319735,-7.5387873276610495
0.5499175942969576,0.41708792870218603,0.46092995539787945,0.42861102642902366,0.34345217246668175,0.516633002473131,0.48636959703168614,0.6443000511428286,0.5014046413534042,0.5290135419112035,0.6757392517142203,0.7879566480874901,0.7159402154546557,1.4990120682335486,-1.9921855663492136,-3.7259342867998484
0.620393194825362,0.609592940105751,0.6217506675369352,0.6722569256918002,0.642353081634977,1.1621840708975066,1.2402494842601595,1.275295091685906,1.2817209188916248,1.2938333598871872,1.343100534652204,1.324343159012687,1.4121244944214988,0.928851246050224,-0.28803073943922103,-0.6010292594514857
0.6283501552222867,0.6681903314185396,0.6136339634614844,0.6731691199230182,0.6676702045994439,-0.15144646378384352,-0.10555442742403554,-0.055294700308124264,-0.05071386510543353,-0.04408106809900675,0.392199189537492,0.40982848899554425,0.45085581448670614,-1.2463294777484246,1.383057398581605,7.346028350565586
-0.72002071320898,-0.5815585421354204,-0.5883627747541291,-0.6619664760494297,-0.6653460397687933,1.801274951548809,1.7157311571872147,1.7627436774837326,1.7180278318753561,1.6119136974726482,0.8557386322916782,0.8753486316110606,0.9195779022739365,0.03796372821063529,-0.5118684010935176,-12.478650450795497
-1.3463375479510866,-1.4130703033856962,-1.3487211950010458,-1.293932736818564,-1.3469884923535453,0.20377062555136555,0.04096170105068325,0.1079250784062987,0.20188428693859634,0.10102725404642429,-0.9109709852942576,-0.9247353060745445,-0.8891726866248925,0.14405223152649677,1.5461085604314098,-12.567904534678096
0.8538052387051007,0.760485409581958,0.8085310473981622,0.7740332745883414,0.8223430458176275,-0.6167033479048232,-0.6922686877245375,-0.6108787691603779,-0.5970109144335305,-0.5725077611233779,0.15987605497916968,-0.009142485714859316,0.10835142732197911,-0.3456536566056691,1.4147438193598127,7.352043685611782
-1.7713053070734852,-1.7432485497946304,-1.7955228120675113,-1.865699982343282,-1.7596841032995234,-0.34654443092713094,-0.4115952897500965,-0.4954009797677783,-0.38401064240822114,-0.4159675865047946,-1.5635805551371809,-1.6494413522936195,-1.6673607720124226,0.7718504858067948,-0.06552911548895132,-7.030406566105094
-1.5048278743573797,-1.53448442907063,-1.530595554672548,-1.5305500264701286,-1.4457950399340371,0.7143901990066673,0.6825220174835775,0.7293256747636051,0.7290721941138815,0.6625681709295359,-0.6943649242493715,-0.5696947406308357,-0.5960796647598386,0.8317331383481771,-0.5685393048890007,-13.399599471614339
0.3747211011062512,0.44921133756229603,0.4150748006831528,0.4351363310251431,0.4245914793346343,-0.9307978511011477,-0.8649008464612558,-0.8937217361905252,-0.8848441133099034,-1.0401334547591201,-0.315119318705955,-0.5099186628125343,-0.4541548531724657,-0.19048569780510585,-0.2873588741496345,8.430986486986576
-0.05803059377194447,0.0815493870143955,0.020357009660389138,0.06617952544331458,-0.07220411657535808,-1.0976209223096378,-1.0891829686321632,-1.074638303586592,-1.1402855163663743,-1.118735491998016,-0.810607214209011,-0.7466802778037803,-0.8113838494235984,-0.28086924579765843,2.6646144920014345,8.088499852711331
0.875231742363132,0.8134044246998061,0.74614939147961,0.8390506448117134,0.8098119031643283,-0.216162044904359,-0.17957785762786035,-0.1566447289583017,-0.23283588329882043,-0.21349524978287468,0.48123110030422744,0.4237930585289251,0.49865208703265107,1.4989584626675316,1.8744244469332438,6.685161860330621
0.24365224861945414,0.23203178387894013,0.17102562568287008,0.2638735209118761,0.34511608431360596,-1.9504079411810848,-1.8691135089820312,-1.9783882339098524,-1.922179947328957,-1.9838442724944931,-1.3247666034211292,-1.266918286574341,-1.3140146223648785,0.9328388923622372,0.1253909718067383,10.12730040696405
-0.7251715249324452,-0.7055696496649014,-0.660632384118088,-0.7157937816717882,-0.6116604825788222,-0.894369104042692,-0.9670245499904983,-0.9781693472338445,-0.9344340353223006,-0.9443847625487699,-1.2162792004473257,-1.1898220577921028,-1.2188919833391054,0.07236038990838448,-0.6081535516204094,2.8362656975897114
1.7872941494160806,1.745538865410437,1.7206107307917602,1.6856390272661512,1.8262665655476211,0.6163075009014695,0.5800763829328456,0.7035760855032271,0.6341813093508217,0.634120055565304,1.731412866172222,1.6425530007213702,1.782767828996284,-1.6292090390800535,0.11704103558126315,4.944096254223022
0.5726572033330507,0.553924841587689,0.603619192584707,0.5295248864306455,0.6137253463983099,1.3650117529783923,1.3729727940366427,1.3218712460685165,1.3844073093706384,1.3629220232930137,1.499586642576086,1.3268313458277414,1.3090325947284542,0.3440001063050359,0.2438269266167647,-5.415344072746049
0.1266285836814551,0.08030076553217619,0.018061810694326295,0.050920880050539435,0.06873895500195285,-0.5630209125564287,-0.5891142606238109,-0.6045882494546788,-0.6858384974110658,-0.7323858850669114,-0.3609488198090347,-0.4578686272711572,-0.5145054042736449,0.6980834649176682,-1.243358737609354,1.9874544841281585
0.3067047287264063,0.34153251254889233,0.34891302380976996,0.3780158355631719,0.388881469639718,0.8698428488090824,0.8410670435352806,0.8470830569400846,0.8017109316458308,0.7847193041359396,0.9653511698855644,0.9563586192738193,0.8444299266322682,-2.754521628398373,0.08004126921526018,-3.408104237485016
0.9287838717825965,0.9140209087750097,0.9714483740210409,1.031620627422978,0.9952460775595261,-0.5569870172779515,-0.4389005526347425,-0.5495574922977907,-0.49699481892882696,-0.5237045834002764,0.350422189118066,0.35264534322612945,0.28300061677492216,0.2518694483180255,1.32240432481173,5.73656851924969
0.1802711589694148,0.2128822276952549,0.14764324495255257,0.16547928254925515,0.10082939366545467,1.9038545345458002,1.9608856135020056,2.0526742895385923,1.9352796474038292,2.0001064855458752,1.560992122893084,1.5649090582947782,1.6103136373275946,-0.4166919867957354,-1.7993566812164734,-1.286155104803833
1.6743048343517464,1.545995455383014,1.6318062882513735,1.656117047354643,1.650067975630398,0.19545427602988064,0.18965392616730445,0.1616301736934851,0.35690365635398347,0.21247694496701716,1.314671963060578,1.3069817650100162,1.3356769856170492,-0.22085428012955155,0.8265839651372482,17.126760421867957
-0.3698735012052573,-0.47555906696373224,-0.4211514313522069,-0.46194768686780807,-0.39915781472449563,-0.31289275802585087,-0.3032688102428912,-0.36069421896995063,-0.2785439618260973,-0.28073644539077036,-0.5873768858088836,-0.5031556884977428,-0.5739475518252412,-0.9073809527633206,1.3747979700547797,-1.85262755612005
0.5319976593244812,0.5437528069547231,0.4440019388655073,0.4503992184391671,0.4667117138926644,-0.5406454322956439,-0.5917446984865735,-0.5675520176067876,-0.5489315461881579,-0.5641859008400966,-0.13824428279068185,0.037604902494023804,0.0220415477165831,-0.14818929040364195,-0.5605573450943682,5.327020805966903
2.023022776840669,2.0447517274749223,2.056547560438916,2.0294735062271987,2.055754490634361,1.6403633096332464,1.6450452810699951,1.541080711509399,1.6153925479414828,1.6247843397301776,2.6726235029542225,2.7681066650341366,2.6743027270406636,1.3919915761813313,1.6941757581910564,4.721152952051017
-0.01521515612350434,0.13352043649928094,-0.04899180724112651,0.02892032776493436,0.07868285655445015,0.2432084433906766,0.1838677692522728,0.08146538713318914,0.09002164622269601,0.0776132969612612,0.08260670561753095,0.13524623037823144,0.14937883400780516,-0.44639849881551563,-0.6903370624483454,2.5882940861393404
-0.9101529083025277,-0.9203974793093965,-0.9997198367605955,-0.9799069651886375,-1.017136958904109,-0.3110190233342447,-0.22225929478336903,-0.29291414044479414,-0.24300067748641896,-0.20609800414688542,-0.9048862805549676,-0.8816268697416899,-0.8205522318750653,0.9655735587931837,0.44108266186040374,0.08214101043711786
0.3310266951874795,0.3465670470587364,0.362787501464116,0.3808499393040878,0.35669682325783203,0.5153388292265476,0.6163893140375505,0.6457075742639701,0.6204352393486667,0.568811703330625,0.7390808491029788,0.6716964527168191,0.7097102187149311,-0.8063312188796102,-0.3067726846636304,-6.380761693055145
1.5767108528641471,1.4966530941181029,1.5790304087712344,1.4990711021562004,1.444391850601673,-1.1478585381762436,-1.1725657439105075,-1.1981480918302176,-1.1873123370868996,-1.1219755600927457,0.26187731363266453,0.23146381386583115,0.28060591297919973,0.7587561926560389,-0.30699635716260354,15.992245455272496
0.19900999515164797,0.21086069250475165,0.19948911239433903,0.19161446867660692,0.1721209472975031,0.975922259752137,1.0112867389018643,1.0391335842604892,0.9810857751555517,1.0051360493884292,0.8893388161983405,0.8558920746531667,0.8779941891940395,0.0016558556219512324,-0.6172990697580455,-7.74027865709547
-0.35641094609460044,-0.5150488878927993,-0.5460022233980389,-0.37230431302692973,-0.500320313908146,1.0405501852462284,1.06223512318419,1.094670991413197,1.0919610205214607,1.0224945678369732,0.40478544507651104,0.34258199394441335,0.4800625058356883,0.3520248287892806,0.6985754808620198,-0.8633999961930678
-0.13004937044081472,-0.21101588076799632,-0.26394038028684114,-0.2224699664039295,-0.20901835801267998,0.8686710917265388,0.8699388821568264,0.8785357074267186,0.9087021887448904,0.8066414206235154,0.39955491411882094,0.5505750172403653,0.41914838690328327,0.007153256097487521,0.8488054577314491,-3.2781862399178867
-1.5044223236071599,-1.52561059448403,-1.495871069817703,-1.5336210545585318,-1.426599765095145,1.4669185669985456,1.386120089148502,1.391943917796597,1.4153150312363447,1.3349362391813946,-0.09866169550093712,-0.10468776240046121,-0.1521718773371148,0.6416252324412085,-0.06442219957718869,-17.91364499306378
-0.6202543850253592,-0.6960955915768497,-0.5635960236445575,-0.4552863852228751,-0.6400584178885675,0.3006520657463416,0.39225243647104424,0.3830690816008182,0.30895037040370166,0.34363071894663627,-0.2094539495348345,-0.10103432227871889,-0.18039480339586128,-2.567585117933758,-1.3599682136722742,-5.476426909939967
0.23059468366540775,0.2500147509452939,0.2664128704140744,0.19574050978325025,0.25396303848574625,-0.5506257910460073,-0.49879290909573515,-0.5990391431603521,-0.49586473832119693,-0.5392902395843934,-0.17943863420112893,-0.1586546515770585,-0.24718821206804764,-1.4198253134575696,0.40317016663438976,3.022328693118169
-0.0028605328231111372,-0.03672995967452505,-0.015897862151823497,-0.09196410117736095,-0.04941980512542081,1.1355306312404347,1.0637328189200475,1.1074035996703344,1.1918066903769478,0.9956413527173339,0.8484868336222282,0.8308583626192144,0.7771870083160493,0.41708049800864466,0.4220143594106939,-3.2087447252355368
-0.3482257906709148,-0.4357283105473793,-0.29397063560651726,-0.3153597782317397,-0.29314031862995366,0.7716369549002888,0.7415253021751121,0.6900918517125858,0.8016028302140464,0.7232460173491942,0.32768761834656407,0.3114032685817263,0.26978273587121016,-2.0435383538962357,-0.2167150113864274,-1.0669885318365413
1.0616368449500628,1.1115380586173649,1.0643478543166416,0.9874714226648045,1.1568855301836791,-1.5430556123247752,-1.7607932841543126,-1.6180117707817296,-1.616006797198711,-1.6065102214378941,-0.3758160180778064,-0.44442934898788283,-0.3776629782923848,-0.5305803556472093,1.8672312871808086,8.803549753641107
-1.0719679704107183,-1.0278927626602887,-1.0189408720934954,-1.0754500953934587,-1.0204829007878893,-1.182162203379167,-1.205820716443801,-1.1013097824726368,-1.1588262541705694,-1.2015865066631668,-1.6967222460155589,-1.5971534516784012,-1.7104289881712311,-0.05434084103664975,-1.563929264900654,5.027038749032526
-0.44038728976033925,-0.4329644173030523,-0.5259168854976176,-0.33702489499247235,-0.429009413591159,0.3263392578498661,0.36219584037231406,0.35416976944287043,0.331847901268131,0.30436839385710457,-0.11093590198061773,-0.08268185215917044,-0.12603118923797724,-0.8281401376128967,-2.217283710253568,1.3902806597978214
0.34675208114122474,0.43698537710151686,0.40794139421506204,0.3759419897542953,0.44163580901992044,0.0284590088601095,0.11035810279656555,-0.026576210940490744,0.10438594499892784,0.07532761142800397,0.35034876511501045,0.40280048705429894,0.37012823396041883,-0.6915614026937736,-0.7308348996976709,-0.7208242238461304
0.969361884214218,0.9760255860623758,0.8561014087281922,0.8473552541878473,0.8868597432652205,-0.49728324663919776,-0.4888210966117252,-0.4871302636489655,-0.5031075323195058,-0.4968769824743468,0.2763822195699917,0.31930334872174726,0.31329990140974834,0.27158220015359236,0.7104245340914495,7.653963908743859
-0.4556954641534572,-0.3726983848937823,-0.4204516679511065,-0.4816684630155018,-0.309532958861507,1.39608665995474,1.441174142853797,1.4318463473713179,1.4403350739103808,1.43315983776938,0.8004439257932718,0.7042929777290309,0.7041509656647432,1.0092949557798092,-1.0558446374338408,-2.48760076090488
-0.38888614784775344,-0.3158493492014818,-0.3335325885507833,-0.2863015492701169,-0.3692031785750939,-0.2990331376768193,-0.260597126825449,-0.32742694783949416,-0.2653181069039811,-0.2547894279153058,-0.4972724390049003,-0.4646720866679304,-0.56918772778725,-0.9584493812548077,-0.9809709185260753,3.3375255490890012
1.8885433670272633,1.9316799718610607,1.9786156589941248,2.0291494203820895,2.0060929017344407,0.3756885518992672,0.4335271620345386,0.326298023339538,0.3333675090456311,0.4112636197512195,1.6587613903736322,1.731954079851615,1.72455231086573,-0.5750581961873702,0.9510213361781547,9.168630212627548
0.8890746564368555,0.992599319605809,0.9818634489746068,0.9531398414813246,1.0317475599614199,0.16066722253307886,0.22539106611385978,0.2391142882070346,0.1837775296019735,0.2528894163598254,0.8470262603553371,0.8488832108457199,0.8599155438109962,-0.7312609733270449,0.46254792279774964,7.779665572491625
-0.25430473178634383,-0.1267583240894554,-0.23291002317131573,-0.1523717364306759,-0.2142963814759958,-0.0898162698978824,-0.06105521490688275,-0.1301462382893301,-0.0631467494921759,-0.09266544206254666,-0.23091444877095715,-0.25948711188809975,-0.13925183898759597,-2.4213797518772786,0.37706090962839983,9.207791039475927
0.6557970185736063,0.6614166135245443,0.68173602423447,0.7607608328307303,0.7431486928209289,0.09322596918950549,0.10489414875365612,0.0021031553826811045,0.03801548133073448,0.08684551116417638,0.5478540248617518,0.4822066462446182,0.47333299600804846,0.14171179031750872,0.7814289194655282,4.396561758952436
0.020982205773175222,0.028216215853468368,-0.15155308453344063,0.012686569618338084,-0.03847009093621043,0.09228654854898902,-0.00033666996282268047,0.10699331288047163,0.10716081685380707,-0.009640416768366591,0.05191641969879009,0.05834971299981115,-0.028561150607138153,0.9347177458284922,-0.4251929532728843,-3.331940568157683
0.8442173071725971,0.8442297442680882,0.9386727397239699,0.858194526908365,0.9569094827364456,0.3575962829037316,0.31301026496924184,0.27838089055910176,0.30650107580574093,0.31654637800354857,0.8665718279405528,0.8533086146878283,0.9746166664532693,1.0166432073158822,-0.3789840740581913,4.758696557456547
-2.742555103970603,-2.7498222586169976,-2.7666239129289045,-2.8665161951675038,-2.77490993260534,2.0031020550445544,2.050734492318529,2.010866549816304,2.069877950321827,2.0131415405328887,-0.678143147128256,-0.5824618986728651,-0.612496947243966,-0.8707663764407388,0.809779272561425,-24.25624980935337
1.072797745225957,1.0191493961003237,1.028329369948456,1.0117297297801562,0.9884804750366548,-0.9065890940388113,-0.9391506036850159,-1.0563838195020572,-1.052394435667307,-0.9508895700668667,0.03833480597044394,0.12031083566634306,0.035967160123583745,-1.2516980485201425,-1.3448867807811995,8.52739494894178
-0.9941915257041809,-0.9895812432189602,-0.9212977685927692,-1.0220849947617363,-1.0260192727871988,-0.5807783594697964,-0.5741173237785197,-0.504339218471428,-0.5298937733500282,-0.5590862881502278,-1.1818388617134827,-1.2301366947829435,-1.2348213658498912,0.021605547591684655,-2.1427198463985464,-1.9757676907385073
-0.18502045376147894,-0.268259365356943,-0.24326060740264072,-0.19409522055409878,-0.17070560359846265,0.1872600896272018,0.1312696092542057,0.167847733400534,0.16831876810533156,0.22130276398122145,0.00747931914468734,-0.017624410594389413,-0.04869604494758563,0.8292736865664673,-0.4332841736278544,-6.194103179579818
0.41113310539401215,0.4435957036331383,0.4146184378723759,0.4615048235235384,0.4738084299282272,0.09711020782971955,0.14040244823433948,0.13171463129622538,0.05309882315719641,0.13311171093220345,0.4208974968575417,0.4138322137532921,0.5296361043357107,0.15485044831038394,0.9308732890656916,-0.17272706630295653
2.3557911833903216,2.2286387459589325,2.2284337897329327,2.3391895358728947,2.2635729111626337,-0.04225738427142053,-0.08423362699440277,-0.038207194127385824,-0.04284409936446275,-0.02783905869058167,1.6529297057795747,1.7229611758015846,1.65060972637514,0.28930463587376126,0.25555969898680325,16.72905297172893
1.0884815083891257,1.004888593601846,0.9947281071222572,1.0618430975416104,0.9026618032583692,0.9282144355713304,1.0668015814509453,1.0219821386850299,1.0375192370093904,1.0026065842807697,1.5126332860333673,1.608995405305038,1.5160101721877983,1.1418309277362335,0.8572915041230154,-3.993355993669237
0.5226607762215911,0.6565160797031707,0.6283752924096052,0.5982100282314862,0.6303178607341807,-1.0950691171855949,-1.1263220013337032,-1.078684369040394,-1.1413351354891108,-1.1280885302586219,-0.3542337991972416,-0.3154141222208007,-0.4378080952467203,-0.7391365592307034,-2.016294310423165,11.03261410007402
-1.1402295529120725,-1.056727814012026,-1.0520443499618617,-1.0341038795651625,-0.9904108994136435,0.27721169898101433,0.23621752222835116,0.3162715282030878,0.20343484739131834,0.29059042580009636,-0.5699648813736101,-0.5514277132380464,-0.5726598800403432,-0.21997008667302992,0.31549680832349175,-14.849955567445164
-0.07492194638219321,-0.17951439730628754,0.06766833661140553,-0.043048360931788446,-0.03771886735719274,0.24410074710744234,0.2090810259041243,0.3603549514134807,0.3119062504247336,0.3209841719237438,0.1637452034399488,0.15621909445470494,0.24310794189703278,1.6346055117612015,0.6538645046423779,-7.003939404286441
0.3525978267780109,0.5029281991699145,0.2883530938134823,0.40405001516664907,0.4312814924761962,1.4866124136729149,1.5941159398545497,1.5726005774043625,1.5818175501869054,1.4417449466774823,1.4006131328207196,1.5223088406509664,1.4824162693471787,-0.19681112309762697,-1.3507974226106847,-6.413760799862832
-0.20665052585332297,-0.21718480649507282,-0.20151202406989538,-0.18662159567061803,-0.20332653821836116,0.9563656863813514,0.8958942843017864,0.9072922866838057,0.9451304845282615,0.9386401289214152,0.572957537577666,0.5173361858163291,0.5373680345787041,-1.2673369659665712,0.8620575905465448,-4.3211746417859915
-1.2026410345004734,-1.2050523814047926,-1.1940839530087544,-1.1626148219682468,-1.1463750908860226,0.5790656538111133,0.5753873555424919,0.560198477655185,0.5703653987993285,0.6061664852533348,-0.41317765121522226,-0.39848990847850707,-0.49761970058076427,-0.6693560962502948,-0.11151889650579287,-4.842171338163574
-0.17443252480166221,-0.27482893224244526,-0.312006085636431,-0.1797947693371042,-0.23610202984858758,1.3120108893314049,1.3068095668223294,1.4243769005472902,1.3308638513069253,1.3030572107727239,0.7960476200132792,0.7494240700275916,0.7703564878257888,-0.9381798512212423,3.071336701606002,-6.876778758268132
0.17882506051514496,0.12810712192309975,0.08830902438527126,0.04737707245823718,0.13906631485724844,-0.149100856373075,-0.2177899297177011,-0.11692377965721151,-0.16577893968856897,-0.0456949189054765,0.02805846969807428,-0.04664838893500967,0.00013248845520123786,0.35716258570127063,-2.1772360688967356,0.4877959919751056
-1.030832631018831,-1.0748037683980198,-1.0868998160908403,-1.0672198775050425,-1.0570951910331055,-1.3634169590671334,-1.4310015840369892,-1.4141395212805903,-1.4395345506160981,-1.402195093780339,-1.749130969611407,-1.6922760656628413,-1.8651503578970923,-0.8959470035887789,1.3691143676747508,1.597306205971328
-0.7532639677364248,-0.7947174475353076,-0.7203870391722388,-0.8109392257501089,-0.844412726402849,-0.8796796038405761,-0.9920884882833535,-0.9368233237952142,-1.012867431244664,-0.9598770901528353,-1.2404281544854359,-1.259861404455329,-1.3429115680163335,0.2710342528612446,-0.39415809652607375,-3.9532332298017665
-0.5517186390871616,-0.6373872746860424,-0.5648987939543318,-0.5850410257821275,-0.6194623430690608,-1.250763844651941,-1.293093725678593,-1.273692460676033,-1.2670937301863574,-1.276688649043484,-1.4524033368714133,-1.3008673057143811,-1.3290282126807282,-0.7360652185406498,-1.6171517144400436,2.5761962274653203
0.9311288604725902,0.9391081352410012,0.9604860338033712,1.022724259230657,0.9750327096980357,-0.7266534836097751,-0.6354125155681473,-0.660509539614993,-0.6617754922371413,-0.6575522084833884,0.23537441451523863,0.2379331295026895,0.2689690097490337,-2.123378538398228,-0.526955143564992,4.753921095720312
0.8918663504149162,0.8983632558542604,1.0002280002663646,0.9314572842802067,0.9168730645858658,-0.2270833160894708,-0.3483756975092219,-0.37006457221859573,-0.26604068040785306,-0.3250260549815059,0.45071794934736387,0.4174355456169257,0.3824247207570106,0.3066197869819221,0.27747924133746593,6.954689767034856
2.1803025971096868,2.1047618794742218,2.100768995696261,2.105283961485894,2.192112378117776,-1.3015768300589738,-1.232769311845685,-1.3406900051447137,-1.2822286322366787,-1.3904343706556597,0.7148432786239926,0.6017919274350777,0.6707101470424607,0.1484636815468889,1.0374666695650432,18.533175414234538
1.0145237166340553,0.9787337339199274,0.9049066538426118,1.0135676052319085,0.993399417094179,2.2883020994825554,2.3691223378169664,2.4083425746820044,2.3480214368102565,2.2904373712104853,2.470008263434404,2.4287742489674695,2.42839115680192,0.5177578157088407,1.7219642881321755,-6.834077447832591
0.5426666839824125,0.5649786358755585,0.42681527744000725,0.5734616023568399,0.5773726356132507,0.5023465386672707,0.6054346020653071,0.5939704396257968,0.5510024889281626,0.5601355897933178,0.7795421636626928,0.7797394124001855,0.8501148709327094,-0.6729872191652566,1.4218930887043426,1.4512028274885131
0.642132336187877,0.7467263401012455,0.6860114332912626,0.6238892273284566,0.7851219087393759,0.2869275638188093,0.2611489076472495,0.142573782363334,0.19809924426540004,0.32856045687400687,0.746723717555759,0.6727109391979141,0.6963579434576016,-0.7795444753593765,-0.9653820207044944,3.5547962197580394
-0.09960469370208841,-0.018467208872784573,-0.05137854516930865,-0.05965367818808626,-0.05556310058060342,-0.7221249596720611,-0.6405523226373182,-0.6554301847984451,-0.6956628025700412,-0.6061541957546968,-0.5632063350638771,-0.5115195501469878,-0.539331226912294,0.4014668584815456,1.1301646922661168,6.633401840655122
-1.612007616665335,-1.5920919629848729,-1.6031660445889995,-1.687816065019631,-1.6736978017429993,-0.01471530615339195,-0.10432292701106859,-0.038941169309554324,-0.06716417979190396,-0.02664895056247965,-1.2311909370354832,-1.2811510122342702,-1.2117160699688134,1.519019572530981,0.3912849571208737,-15.596766895210212
-1.0521931315712738,-1.0750461262658273,-1.0409427558019881,-1.0816424062300853,-1.0656650561959418,0.15360407956246314,0.16933637288809222,0.1529351783804837,0.05147287047192023,0.1321304921121742,-0.6975287397123373,-0.6396769788540386,-0.6641533630163903,0.011168009506327682,-0.6546030209289879,-7.139463252726914
0.9710278845416878,0.9143839689237567,0.8018479341488932,0.8272603293540574,0.8746039040725273,-1.5338446129261416,-1.4834768464545547,-1.4561123962528575,-1.5336924827711513,-1.5267660539733263,-0.43852797507269353,-0.4417221188403246,-0.4556411710259405,0.42458509604714495,-0.21191059347748104,9.207630174074911
0.8244332314688552,0.8258567515967083,0.9338903657195062,0.9341958635009043,0.8019441907799506,-0.8885732129495977,-0.898271871834227,-0.9763329844022541,-0.9679157427310889,-0.9413294527368616,-0.040608911349477285,-0.05860900015109401,-0.06162742536029824,-0.32158768442570723,-0.7098426594447239,12.151395072071374
0.5478289561651181,0.4775159249477003,0.5345308699852742,0.5283910027819335,0.5919827200784484,-0.8736631374846119,-0.8880818281703042,-0.9434400179337713,-0.9140097220642817,-0.8306992876777741,-0.27868216088457837,-0.22026467577192138,-0.2102227016530644,-1.5436305218736848,0.03709234193645584,10.12449014533545
-1.1928685647558797,-1.3155342237434564,-1.2306715060989941,-1.3316037702100953,-1.2602053245467708,-0.5628666933731432,-0.5950555256758832,-0.4963719437201603,-0.6114672833919377,-0.5795704643627476,-1.3909944554647011,-1.4106322852688233,-1.3607887941748809,0.9674294191540579,-0.7296578822941202,-3.010561189545378
-1.399771559583946,-1.4593412438981204,-1.6079821557345884,-1.4693407487072188,-1.4942764051260715,0.45226885344612444,0.39180131509108135,0.4048644990688936,0.416544272621147,0.3520756265355075,-0.836016455469719,-0.7936820337208504,-0.8528645131587481,0.9084142390861619,-1.027994073217439,-13.437956201299576
0.5046455855370923,0.5720048824032942,0.5404399996361798,0.45317516549986964,0.5931417798226036,0.21083407132431645,0.2447135752190326,0.11923184426367879,0.20219168034377874,0.18765957051377657,0.6021749629556016,0.5557887472560956,0.507691566243529,0.7107740251751941,0.47911912778277205,5.5722941423894525
0.1435347501515219,0.14332853936776163,0.05957501551963555,0.13546896703905908,0.08745613600839455,-0.39624200901852796,-0.3721734348744287,-0.4111004252080572,-0.41589273764587675,-0.37008246397801947,-0.26550410485115006,-0.21563945707734938,-0.20658819687703633,-0.18194543834241864,0.6287305482596371,-3.092940254749445
0.5446211454445009,0.5697296208451584,0.49626696495700046,0.4754325941199907,0.5448352241287701,0.10466661093761526,0.026749510568275466,0.042487647163701264,0.0105973521243818,0.08091408065422345,0.3656229495013621,0.34966503888986544,0.45217722814237515,0.5970560997385407,-0.18759700009161193,-3.5079619619533196
-0.657118016838753,-0.710856242537017,-0.6401738584845984,-0.6851759575429436,-0.6723853095715143,-0.5984899549723256,-0.7091152751573234,-0.5698374432047277,-0.6617051243767347,-0.6397667049979836,-0.9580038866111713,-0.9118839461572192,-1.0222161660079185,0.8937617973878307,1.3676513039359723,-5.9229326482288975
1.657155645965627,1.6795276620206412,1.6666525863403878,1.6873114434295113,1.6528935626767962,-1.190133795538352,-1.192035878422133,-1.1809532525129327,-1.2356834266107553,-1.1474993399437192,0.31540493669766023,0.3911749889736878,0.4463824556040804,1.6201586849567073,-0.26043058649511314,14.85567226212905
-0.6606881328157352,-0.6887456237098957,-0.7250639012797034,-0.6564144323377611,-0.7210965216809565,0.9177962853935268,0.8813544480385122,0.8290990425252045,0.8691815301259108,0.7365195479698776,0.07931054634953072,0.08978355153310984,0.13899574266545148,0.988526104647442,-0.3027745451255383,-5.7047694278006205
1.0587426647790628,1.2276990742342928,1.185668626849268,1.2522034227178451,1.2686351297243734,-0.7580588616712507,-0.549545250710686,-0.5875632857701147,-0.6112609616021066,-0.6346246312800402,0.40722981246132045,0.4373503742611738,0.42529881254937635,0.06382122503363889,0.6604889823456973,-0.3382245129553567
-0.7594762260936379,-0.7993409122243793,-0.8701564663589516,-0.7976923855803421,-0.812354702600548,2.1404953369558153,1.9779937732676856,2.043931183009774,1.9993607738784516,2.0809259424531503,0.8416081593143564,0.9356068364745804,0.9120019749683698,-1.3082532554243715,-0.13242558494333675,-9.578384672892387
0.30063856989877447,0.27508253029517205,0.3518430445105909,0.30965221786384317,0.32930288706046124,0.5167900821409568,0.5807594742439648,0.5645869028072077,0.6781200416863458,0.5604448731277667,0.6101202020657063,0.5964877065433327,0.6614812621789444,0.15565829767174108,0.08479772902614344,0.3858815364450267
-0.18714702077273612,-0.14897785000577335,-0.18628747690863542,-0.1979101420540391,-0.26977364530741965,-0.15468430598536964,-0.14279984282302366,-0.06557978671967396,-0.13905973711885727,-0.16514659157156925,-0.11787107188161192,-0.263272296756362,-0.22799000792416424,0.2565773958493077,-2.520438470619065,-6.460885145445269
-0.03730879176108627,-0.09584344318750251,-0.08372440433429787,-0.13055240741592428,-0.08065247506257484,0.9136392841954107,0.9834754279267393,0.9253682491810041,0.9921944421449922,0.8223627533169904,0.5947877335649452,0.6287280528609737,0.6227037790682927,0.709029775318304,0.016707384737974892,-3.7218259274496988
-0.5633638966969695,-0.563034455499782,-0.5559437801122441,-0.5076428933570163,-0.477006637959589,-1.3086368641365318,-1.3030599056230554,-1.3011665322661519,-1.333419189291704,-1.221818050859589,-1.3864345028243334,-1.3336355259537354,-1.3495027645835065,1.3538918593234255,-1.82719593747126,6.344970430123805
2.4305700713183507,2.4476700872039836,2.424545071351273,2.4458083783988838,2.4555955762864676,-0.7131702875699164,-0.8088571675398575,-0.7545954200006615,-0.864819728401216,-0.7994985384223225,1.2641350926925212,1.2150091914886803,1.2815768497038469,-0.09515051205677928,-1.2209505709988706,19.631451655855052
1.6933934384828553,1.540893741690536,1.5556064340407263,1.5036282491679938,1.5824686500657223,-0.5788006605531066,-0.4979740654765039,-0.5794422481934247,-0.5057989383769773,-0.5138566657294893,0.8152453245072436,0.7439550060992801,0.7651864244902835,2.1009871898131114,-1.335322538755505,16.515274300536547
1.5053737267296183,1.4220737410974642,1.590785488556765,1.5635503367886558,1.5669767922527895,-0.34713301306395955,-0.38040327994016004,-0.3865540427470296,-0.3477440986821634,-0.329975501863944,0.9242089385032476,0.8487185275929646,0.8842702439143514,-1.7592870200405772,-1.0425831535338261,6.4373569841898926
-0.5801026323980385,-0.5425738866805251,-0.5880684261176353,-0.5343687943834388,-0.43815733520719713,-0.9929294990692112,-1.0252382578261212,-0.9638397640665843,-0.9622992043928443,-0.8884154967011508,-1.123864152721894,-1.1397303277429427,-1.1577023684610286,0.41934187246162524,-0.548853859632253,-0.5024455146313518
-1.1700945245956862,-1.1322979856114121,-1.1305134818033848,-1.1967519272415412,-1.250905088369318,0.0471363438131356,-0.012259370517542771,0.022646110095030765,0.00026767092406529414,0.024684406146982998,-0.7840748738134767,-0.8751979105835838,-0.7720733473246444,-0.7985203921840281,-0.4864926155454853,-10.810152211556833
0.26413334030768776,0.23519995665554658,0.2029739963177458,0.1578772643975846,0.2611979855799167,-1.4813394768833397,-1.3913987661723148,-1.414479444752616,-1.4798294751677368,-1.5050723535823667,-1.0273991403331244,-1.0125650197081808,-0.9671641761249715,-1.907221999688803,0.6642752042571255,13.965186292310674
0.8022426388961441,0.6943744276407601,0.6930543485338974,0.8656464710536766,0.7462716484207833,-1.8894020778087335,-1.8748383993604094,-1.8831785678065323,-1.9196118333363588,-1.8853954780143547,-0.8649600831975592,-0.7551440123537323,-0.8283936488868379,-0.20177437629915856,0.22238781413469702,15.130234801112454
1.1016542754920144,1.1487430713458038,1.1377698394603042,1.1908578183943477,1.165289623034641,-1.1766552093798623,-1.143770964984018,-1.106413771624825,-1.1642764460732327,-1.084954953929531,0.020813151734283476,0.06115126527803285,-0.003128438975276558,-1.4571726984209565,-1.9010744288179857,21.6897946825302
0.37145963074138344,0.28715067089518886,0.3391126481796005,0.38661400735165746,0.3856740529438098,-0.6952644604752926,-0.6822559497610907,-0.669291495241696,-0.6276796501822347,-0.6782698895405276,-0.18371331583426498,-0.26385776506499753,-0.21789256185834296,-0.16142789803281682,0.08329463754680776,3.8178844512041956
0.5000428452350257,0.5988956222783455,0.5321057030797531,0.4735589227382619,0.5089946540057485,0.08656874754316227,0.08681256394773088,0.1250195460290971,0.0814159833182956,0.024461667762587104,0.39844349837046156,0.45084817753207707,0.4801574012260405,0.03476924809445675,0.3182552465834273,-0.2160442371066873
-0.8785009656865502,-0.9289426425313022,-0.9341603002091224,-0.9157306548464652,-0.8751631698780344,0.2080785581220763,0.1749045801343988,0.18076917066293177,0.19139035220087294,0.08385489241850595,-0.5129479387671438,-0.5710308484660401,-0.5417518265671339,1.1185414093359494,-0.3285665162529581,-6.635416967600403
-0.08437257534977384,-0.04289457780827048,-0.05936600324553446,-0.040535238441953725,-0.16237331554515483,-0.8886262261014427,-0.844103817981184,-0.8580412351221273,-0.8703056847228398,-0.9197771286218115,-0.741785604403806,-0.7236719531307698,-0.6408973654423894,-1.5075851347639375,-0.06088597690670255,7.856440645873426
1.195198804244314,1.2215819986341228,1.1697347234322641,1.181171613493318,1.2257475382563139,0.9933062373359101,1.0424868690784432,1.0360804601166047,1.0196437472743167,1.0799641894348888,1.6153343523519361,1.6119439780696116,1.588258552756786,0.9084451656457725,0.1903101253970567,1.5755695742291165
-1.1264977141413701,-1.0827266440657533,-1.046576926176887,-1.0652264797889854,-1.12740430199888,-0.2699150189264699,-0.2571481102947843,-0.34830995852460994,-0.358262153754494,-0.31661925102540234,-0.934866160023916,-1.0074965608430602,-0.9776359765600312,0.09808045027979402,0.7645995976355802,-4.9522919411760515
0.1878281173359523,0.07799182039452224,0.16742567484728862,0.16011552951914232,0.16161929359932659,2.2017378683297246,2.2045182802826457,2.2287088489894247,2.1848612323541996,2.172987017486574,1.768179392379549,1.8228798717389334,1.683943218069489,1.0288491536095945,-1.5748799874627346,-7.790279149116382
0.19507510296536118,0.1999651714848469,0.23064200736932314,0.14172675129321383,0.16611986803880144,-0.25213573429307873,-0.34255758277000825,-0.29567087771919526,-0.4597163687718333,-0.3294590021515734,-0.13180015976689197,-0.10396342763253838,-0.06089850427215552,-0.43175117503112775,-0.244317038639649,2.275328817085245
-0.0756197421818214,-0.18706254642067027,-0.1458512821499993,-0.06980419304749778,-0.2033925892518894,0.6274133821856036,0.6420820983091176,0.6476036448451007,0.6431921445388792,0.67695553586417,0.3360846151146274,0.3485339969622863,0.38814970186679404,-1.3322445867634454,1.508336098057729,-5.610843224942442
-0.7244800711180184,-0.7415657553746416,-0.7852500024600165,-0.6790499607377157,-0.7365708189526172,-1.3536432521510606,-1.3636222405543748,-1.2093482173392855,-1.268765014739431,-1.2766440605681684,-1.502614359623675,-1.5201847613208614,-1.489808792080933,-1.2174993262158662,1.4166613082979562,0.5851806034267344
0.5376579084537045,0.45845038102657054,0.39389327976130994,0.4592630570067776,0.4047442062315925,-1.0748484799564966,-0.9468574200630602,-1.1107090771599197,-1.020014593151672,-1.0618548830511425,-0.4181000105415772,-0.3645738476628432,-0.3573389471577547,-1.291807453667116,0.85093692777578,7.057041672156091
0.3924769398769222,0.2800917535811342,0.3348471864526569,0.33771616195287285,0.3711353653903976,2.3300319110979,2.4114872711587854,2.347224746789529,2.354915647684903,2.4358157379516876,1.9842097609458909,1.934499568789981,1.9843875918218727,0.47781415292065516,0.536824683955676,-7.373539226428851
0.8638775235391971,0.6850428347728368,0.7657056233966616,0.6656595757944457,0.725422390338482,0.07379847061617176,0.0362343658637249,0.12912382805916342,0.09512156773243673,0.15463870471326843,0.6962562152394283,0.6060929472776688,0.6735498509803448,1.4769220222146995,1.6546347484020885,7.958652988941623
0.899235190639269,0.88445687126311,0.878475531487995,0.7990436202608118,0.8961862630542717,-0.30760307769273826,-0.2898530594490738,-0.2599846699332061,-0.3847502500487311,-0.3562619006246686,0.45753084924480975,0.5125024991649587,0.40171336152564235,-0.5649515266552204,1.9178480016066657,12.820767588803662
0.3007171535640677,0.27753502856968165,0.28835557182931154,0.2386394271383251,0.25939504920469414,-0.5976350833940739,-0.666529754671218,-0.6370788773435342,-0.6375277735712438,-0.6183062944037484,-0.2221705977192031,-0.23027554381304222,-0.23684059320490586,0.6291352982577835,-0.12907998804685242,1.2920887672550307
-0.05259003283829411,-0.19386625970634483,-0.1318151202580668,-0.1594522518112689,-0.18876146971210367,-0.7323654146393282,-0.6408305409494967,-0.7054077243606952,-0.8019330411638727,-0.7568010064492721,-0.7148203827790259,-0.6418973410799717,-0.7112722077429496,-1.5234420581356198,-0.9694324432883201,1.4840890689077848
-0.8090927265874908,-0.8187513907467961,-0.8841937462650198,-0.8698562679235533,-0.8388471133043273,0.034295824439366886,-0.04422175871287462,0.0357428080531139,-0.033643076282294807,0.014359543807617156,-0.5508362412261473,-0.5025934540881511,-0.6423266344106733,0.180321249177299,-0.2702923176244952,-8.292420170631866
1.0602880085902198,1.0902729013716213,1.028748729197352,0.964334013169237,0.9929736819478873,0.45884504915800234,0.45668712417689405,0.375130193921659,0.44160504384276206,0.46642724049228984,0.951407217986037,1.1047330567454965,1.0883085068194283,0.6685626163371267,3.0966955137720533,4.804182306758993
0.7130627634133558,0.7632507481721822,0.8360773564001172,0.7628197821170448,0.7739797842568575,1.330444926187057,1.3152707794382053,1.3032340772990496,1.3845103709601254,1.3100611757199017,1.5872844663447887,1.5101723856843412,1.6363141521184743,-1.4481247752768684,-1.5693563427251942,-2.993498870570403
-0.05458039202196531,-0.007194946494281498,0.0269262495489599,0.035101846233579,-0.06585653621103112,-1.2474508762554002,-1.2049024891971958,-1.165418338006964,-1.2276840825591486,-1.2347214267012698,-0.8643229418712066,-0.9251423815985627,-0.9059983352317565,-0.20388346897985454,-0.4705391395294173,5.817372651145837
-0.2753276950298416,-0.2649563174812401,-0.2929653462213625,-0.2635715016411549,-0.25841968895712647,-0.5535065575308032,-0.5842370534375537,-0.6120027987901774,-0.5781250421944631,-0.5453880817497231,-0.6619358939236636,-0.6970874500112939,-0.5575824187664302,0.7159171404855652,-1.4126911524926313,4.60496852503277
0.06109348854066384,-0.01402934983272696,0.023720206555492947,-0.04116608539069227,0.14206311892979037,0.4634253599476038,0.41529767280612245,0.4872930659336775,0.5022315971655391,0.5179369566659102,0.47408538634005776,0.4732367274784714,0.4214560400622325,-2.933770647229477,0.12476386287738533,-10.193390641393417
0.431470433384476,0.47333421437227663,0.43051499179914293,0.45576338761070023,0.6017870050303898,0.13122159040230838,0.04869480233749218,0.03416965590415485,0.025569249409390857,0.02890887886123305,0.3825283633977082,0.4144113269222613,0.36632902882167856,1.3354530617017426,-1.2026910288948676,4.117477158663498
-0.8853194891472136,-0.8647743255367089,-0.934899286775414,-0.9615356629763971,-0.8878102167944947,-0.14871004710396146,-0.18549128883270094,-0.14123393910144158,-0.16408234860416887,-0.1683431582840509,-0.7552744795118866,-0.7021753571797144,-0.6814282385482241,0.35367937589104814,-0.10875102283361787,-6.57346763098995
0.649363639898574,0.6039438039172758,0.5428819502072493,0.615018728353408,0.6093425005362536,1.3886358338315783,1.4581922680543404,1.4250571491602975,1.4755820930000523,1.3822280258956106,1.508452133008142,1.5521248900653997,1.513326574741602,0.7167276477173428,-1.950095160018759,-0.6172180236658809
-0.16800060365618263,-0.29960836250882084,-0.16498743544648187,-0.16356340656602267,-0.29180201102907205,1.425593497857043,1.4878986818334707,1.4405269051153575,1.3469218040852298,1.3734938151314187,1.0534270317343735,0.8733877470974442,0.8619622064496851,-0.41271927919476437,0.6176206650846504,-10.081212605570375
-0.3772820980497743,-0.3582994360525844,-0.3313260861267508,-0.36513303387836027,-0.24509495624685795,-0.6252915544862669,-0.6697037925755066,-0.5728668597493793,-0.5530798278497416,-0.4846291122689663,-0.598120348857135,-0.7125796868617298,-0.6418134712912704,-1.7227224815653555,1.2223452564679749,4.873797766587631
-0.37434341897131446,-0.41268114025534064,-0.4362566310832289,-0.40707023773418727,-0.329956552377962,0.19516213798215706,0.12188427448671812,0.2005727920120642,0.14247005790077066,0.12229523255195107,-0.11737585728037285,-0.15501807288142105,-0.16706215481139927,0.5340629563169517,-0.383943622063459,0.06748914573948461
-0.037354604896884296,0.007888066866204396,0.09130218379873292,-0.020169633379171617,-0.021302953101817908,0.5255715400611513,0.3874566135698575,0.36254420294958434,0.4563691150025106,0.3554223206368413,0.2623487085997752,0.2643508793904081,0.20853722312127018,-0.08259032541651207,-0.13513000707570208,-0.2661858019733412
0.8826914328488294,0.9261136576576567,0.9180746882265157,0.7894367589326905,0.9639354686837079,-1.4499816746053007,-1.429734624798069,-1.4276700941715534,-1.362598397165804,-1.3946566769351696,-0.36756119183203123,-0.3664928393355546,-0.32794202514272497,0.03211545543232061,-0.16340723073131225,14.48790552418279
0.8669231323958279,0.9624394360496091,0.8172567456516515,0.9044023243493389,0.8748801118450429,-1.2819161468334508,-1.2615284802893878,-1.3098208950752568,-1.382188964119937,-1.304053001459243,-0.34344735571562246,-0.24618630698156865,-0.24804444824120667,1.0876069851989536,0.18091067522502524,7.760508379278544
-1.1354896538865917,-1.1363556487747952,-1.1336998211184326,-1.125249602073398,-1.1345086339071193,-1.79965669513625,-1.7205586365790881,-1.689099070196589,-1.7409604538623795,-1.72166107754348,-2.0393598821834247,-2.0888724068500237,-1.9885683230479516,0.762063873862598,-0.03816958696642825,-1.2734562594557306
0.6584406336888448,0.6963187773720538,0.7267417214289353,0.7697061564159074,0.744964148558889,-0.5249896192183161,-0.5268947444043612,-0.5873459405507352,-0.5904612650874146,-0.47723258236977895,0.134874680489892,0.1353510861985361,0.1489585163129123,1.9212374170896127,0.768116952430694,9.247806756728398
-0.525314959915768,-0.4614486248959212,-0.4337026211749897,-0.5738526867379862,-0.5720999508313744,0.32792811514243464,0.3409251529458303,0.41799649534533634,0.281577406878762,0.3996701389103374,-0.1643343939756501,-0.11280059080612367,-0.12054448119908198,0.15385422887349898,1.2330391334509456,-7.520017961519988
0.14616154194783235,0.1890207707167131,0.11878630087725439,0.14323577637770127,0.22527316201019526,-0.0457860876360699,-0.003048139443448901,0.04477642281153466,-0.06617102052481631,-0.04104400329951955,0.12169127859523719,0.15777142804619693,0.15938452079324134,-0.6912124377911172,-0.8140712224921829,6.074924926224514
-0.032871084506667814,0.17698392555284428,0.16240338596124293,0.03827508709148983,0.06080185939710342,-0.9794798183294691,-0.885525612293592,-0.9738591112192568,-0.8023527015742107,-0.9456392897170667,-0.6399128742129968,-0.6308311204415961,-0.5549509824612362,-0.18841684690872626,-0.3093284927742968,3.09447157423927
-0.047954493150538346,-0.13616669422512967,-0.08062877302700434,-0.20081762255033417,-0.20310583386678083,0.010668248768301511,-0.06255429002128969,-0.050482957279113554,0.00453618227618674,-0.05106863822971952,-0.12252306770895395,-0.23990619185798626,-0.04816981961901021,0.41566337253860625,0.9016194489247448,1.1482600111325922
-0.3666796559211012,-0.47897396956759836,-0.4525508538856633,-0.48021723843534575,-0.46660262805235153,-0.7901973604518927,-0.8014946723352301,-0.8671591537401604,-0.7446981798952681,-0.796825597246543,-0.9726133414711506,-0.9061160326841187,-0.9318908568062099,1.0158565189929774,-1.4216690480590324,8.539663822419136
1.6073080198889764,1.5594666383963358,1.6122473751922146,1.6759217400775486,1.6640980580110323,-1.302136825051863,-1.30068744734841,-1.1716867755509135,-1.2618511637838716,-1.3187134672574454,0.23923951771573163,0.2872568571130907,0.22958618741931128,-1.4670339514387187,-1.97072128184557,12.889506731972304
1.3985527636059578,1.3200361986659814,1.3457963487502393,1.3626987186813584,1.3667730430429426,-0.24207882856105878,-0.14658448127016016,-0.22035249855466713,-0.2359496513446966,-0.2885151684169803,0.9208161483359744,0.9056113674771464,0.8475154342512933,0.008537615179168945,0.22631595289847858,9.872380751436907
0.9293267356603945,1.0210120447641962,0.9777363959722573,0.9941182372635032,0.9205096638079141,-0.4958586109448277,-0.5854057577538695,-0.4914534906422141,-0.594423322583723,-0.5777507466867381,0.30134980376519327,0.2719908785880479,0.3308755076977087,1.6095416570383692,0.4963464110704922,10.984444360451823
0.7288157216628489,0.7034594189266561,0.6422000790551591,0.6249914075792155,0.6137455777755157,-0.5010363441261504,-0.4444536049803126,-0.526847437493748,-0.4340940287264022,-0.540367137794814,0.11346571087687703,0.07625951932619301,0.055597040823954696,-0.2402088710025202,-0.7223001879535923,9.543444438536202
-0.48056474211451583,-0.48296106978385234,-0.5424466769490529,-0.638902440153812,-0.5770312953871958,0.5968889884124696,0.702960291824915,0.6555080551006234,0.7268659135824934,0.8142021334965867,0.10563012535705114,0.12019119089319408,0.13427068294730624,0.9310118548691044,-0.5786510541204551,-6.926453751973958
1.2444889113411843,1.27880949154502,1.2911633984798805,1.228239203770276,1.1776056007456388,1.5063550873883633,1.478625023788481,1.4491054102980998,1.4545685361050933,1.4351522411981483,2.039135871327598,2.011350687934689,2.033668496381245,0.4931175272160051,-0.7601923217408988,-0.975446392139955
-0.664570444619607,-0.6576050479521249,-0.7531517800599565,-0.6857918102356945,-0.7733310322805914,0.38173480211008476,0.4499200572034451,0.39468907021983446,0.36147387726320024,0.42888029752427403,-0.26077117267903493,-0.2117016405678634,-0.1761584990620283,0.95586060652498,-0.8669252393444344,-6.903919243029531
1.921482224096988,1.8837170685176075,1.814351631938992,1.852329915523124,2.018282701855271,0.1791390042035593,0.15654893798984573,0.11631362782067561,0.2940966238980375,0.1426187012636574,1.5179786127618125,1.5960689721762418,1.5118570668516442,-0.8097605415999324,0.6934958206046,16.048756350505855
0.10861001862786644,0.11762549973447013,0.17438405160785087,0.21590193010823192,0.13241802038096862,-1.2988268598868826,-1.342248220649412,-1.3152088851892865,-1.2868274586703519,-1.2942028830871732,-0.7478351476144816,-0.8610521932744182,-0.7370632761887973,-0.8054016700655807,-1.1804984869976387,5.406694939876404
1.1198020440990213,1.1828971791680818,1.155070089045636,1.0979071664733193,1.1242410941085537,-0.5938639029956161,-0.5523678845819321,-0.6650166446595546,-0.6403365096819569,-0.6385510850961356,0.40914658844495655,0.4692155913374941,0.42406341355246396,0.020271892122288065,-0.26552286143334874,9.637553232643283
0.5164165132395196,0.5307041525128918,0.5222909992851739,0.4856709185972798,0.49145826486095756,1.196493964257455,1.0334357949023572,1.1843425467535136,1.1320856701251123,1.147510311237891,1.2085375423665594,1.2072390302767302,1.1752959754644132,-1.5322217872403114,-0.9053361675148525,-3.9546166697833804
0.9235179155783534,0.9516175202325702,0.9299116391400734,0.9727794576660279,0.9251774611270035,-0.7793982773720237,-0.7531959396279324,-0.6577656530153294,-0.731091763606539,-0.6426445362011737,0.19946369340039363,0.07569829422190516,0.13801786558056656,-0.2697406066116577,-1.4552889759012155,11.1180203438624
1.4153343054859606,1.445635543389362,1.432504574340909,1.393095161496738,1.4573343063561675,-0.3348427034446492,-0.311259300438274,-0.25908102198126315,-0.30040940151475476,-0.2681703928091641,0.8476824919844798,0.8160975364633886,0.7810739785086138,0.25287665751566707,0.8701781747467708,10.449834210735295
1.2572144568811492,1.2779437088795151,1.3375566751742174,1.2636631777233982,1.3091915822802074,0.5246349552977737,0.5490363073849244,0.5546184567098433,0.5927658732364479,0.602344202859304,1.3567769613327931,1.3670717097047744,1.3466610725135817,1.7846356069497724,-0.5198252221735389,2.0544050374208074
2.0527083027627566,2.1209430706487074,2.075838936104155,2.041017686216625,2.04145450607945,-0.5344647529094186,-0.5325336924740669,-0.6067051655721581,-0.617569742845457,-0.6636732742658109,0.9638422996155114,1.04678612852441,1.0150319341026608,0.40271818926982167,0.18844008042075686,11.142702224330943
0.056775393177104436,0.11891174789307807,0.035494047402076054,0.060630868987421205,-0.007661445677387177,0.22224352902307182,0.1622480905088387,0.23031113038679865,0.19702714295370602,0.27103079658286217,0.15025097594907572,0.15418485557031925,0.28209338981140664,0.6252284708731023,-1.50807587980101,-8.208617980670985
0.42941371515531246,0.5096549860921599,0.45743407762034277,0.3634070131989677,0.5461659798675877,0.4816560902997009,0.4859965686776657,0.46372339985939665,0.5032990853732207,0.5191435777000653,0.7825337422116414,0.7240665581476711,0.7984409501547567,1.1644758470500058,-0.7419394537564759,-2.2238407777275824
-0.38255590052213784,-0.3044149494375946,-0.3551977109496276,-0.4381891838261452,-0.35147214762557516,-0.7733421551942656,-0.9035908583620194,-0.7790993988004217,-0.8204692730425516,-0.7796946193882193,-0.9181776366253961,-0.8857722965119094,-0.8868644912648467,-0.9646575888950566,0.7560878806950055,3.4468652128957533
-1.9322679731922001,-1.842335632285963,-1.7862017618156698,-1.8372404096048598,-1.7815226691643433,1.9245353371577774,1.9549778721388185,1.8947152538159662,2.0245917203056485,2.0222083719750845,0.08297231018098461,0.08748609844942248,0.05361795166538166,-0.16508266237098573,2.58727145584531,-14.618748438558299
-0.16130016492217336,-0.23324942900821433,-0.21935597788279326,-0.15833187212403088,-0.32247023728474156,-0.25534634074959384,-0.2493884556694731,-0.3126686813532443,-0.2044166816575961,-0.27401209238407737,-0.3662493292338994,-0.30997685562890426,-0.3478157973641641,2.4254125918038927,-1.9762160643903117,2.267911205009059
0.6696680048203156,0.8127785856579889,0.7739606346862965,0.7294260167357558,0.7847205129764979,0.7398729428933517,0.8969896010503207,0.8750954767519986,0.822826063963298,0.7971746456140537,1.1235380283495295,1.120533970241924,1.2175466486528126,-0.07912222238450871,-0.20110779528942632,2.953601898292881
-0.10108611093124464,-0.228490381540054,-0.18288130664390606,-0.17096704570564764,-0.06283531140328051,0.3791674500917145,0.2744826910085574,0.363483405049989,0.20451416022292185,0.29514999283481785,0.09830325354869539,0.04553056293553923,0.16128793447181555,1.1164307487822072,0.4122805981435,-2.50473675499025
1.5962957670821352,1.5796728748337872,1.581927465091091,1.541714259864108,1.5093150904470851,0.3990407425408685,0.5186274605284578,0.48609096096466275,0.4051315908843414,0.37751606767804635,1.4788760445465992,1.5066564926161174,1.3845497497173416,0.9637378771731072,-0.6161001532392837,10.417900732564839
0.614628175884911,0.5700110582457403,0.7277290679712758,0.6643980853169773,0.6184625340673103,1.098712529411548,1.1439920186880115,1.1701230222257908,1.1155563276902862,1.1029575621549497,1.3909657209117352,1.2425063743919682,1.2695395524305821,-1.4781137143876892,0.849521986994124,0.3777142676139009
-1.362147204949419,-1.2177001862183174,-1.2094596980864847,-1.3333742141415965,-1.217214765978537,0.3780795023729048,0.3579411443147511,0.36741113829281036,0.39651970263107356,0.37299366970073683,-0.6592413575690379,-0.6821087041336432,-0.6413016321202608,0.3104792770059333,-0.8667326706603131,-3.193175830206079
-0.5202513757606334,-0.5444435455835769,-0.49804720247299766,-0.5464878600111878,-0.5301256386065167,0.6526802245351784,0.48659778047773655,0.49016210851295433,0.5383146768510357,0.5110278870019923,0.11242864190719416,-0.018511420686077265,-0.02961035684059192,0.14674747220522566,0.1538476602166413,-6.201663859896827
0.0169987898348176,0.0478774470529799,0.022047139557970306,0.0035790289067648175,0.004604401296621921,0.2271490729223786,0.30714147688360616,0.3239999428999448,0.2693828827586539,0.34624431253684446,0.2486943582537335,0.2486751431824238,0.20681771156931472,0.3299587878404347,-0.5220719044983598,3.6787956689116994
0.1781856095176942,0.2270192592177444,0.10950018107485256,0.2638725303759423,0.2118247658045697,2.5707841652453123,2.3969938576141065,2.5000634246348783,2.4419589968124424,2.418486942604211,1.9566543114911386,2.0051632915441475,2.011093852785805,-0.75411247979106,1.2194310829547725,-7.387856125446448
-1.6984855408884387,-1.7524624191061933,-1.6354670779837859,-1.5478030970119518,-1.7040956579193454,0.753533381104407,0.7804348936827881,0.7192579677433181,0.7145048420371085,0.708880887631116,-0.6652324737600375,-0.7393970981548518,-0.7191287417778776,-1.116919511912159,-0.6763645030356056,-10.411921633227252
1.301774876321776,1.2463000979295322,1.2319734371784006,1.2138648300381225,1.2867079438886364,0.6603770499276228,0.6314191786046193,0.6274035108012049,0.5203841661028072,0.6541801449726089,1.4023407989695902,1.3743081435533042,1.296822815316522,-0.4760100000208513,-0.3518737962865159,-2.0932977388779497
-1.1298369663598105,-1.191979363316533,-1.1416662219418612,-1.2334321975800968,-1.1400294228600758,-0.24780377877262177,-0.13881322384615316,-0.1504615654926691,-0.25363842586020946,-0.13089951634791808,-1.0015328807598713,-0.9269684262950173,-0.8596209106022781,-0.09779499708420289,0.9456890374971552,-2.2611890771779724
-0.5977254830333915,-0.5074399412738181,-0.5870703870186718,-0.5313838734544216,-0.5389658657093214,0.5877065463014828,0.5351387624929591,0.5098628325282054,0.5277969419272116,0.5586216624555365,0.01895323605315197,-0.04306453961479029,0.018947361491329813,1.184984447600316,-1.0280386590928636,-6.637868660453407
0.2950579948520604,0.37500423776855235,0.3557151093829774,0.4409877428088675,0.4153665036763378,-1.172263240054415,-1.1226463696133755,-1.1747779378779581,-1.075713749185829,-1.0892812292270146,-0.5906974241008189,-0.6584352029990648,-0.5552633660432086,1.817310819725607,0.06875005676357226,5.593853830381086
1.12044904643288,1.1565709615827704,1.1162486654882098,1.1422006183623437,1.123582120653195,-0.5159606964434924,-0.5688263162366787,-0.6296990844414345,-0.6199844411998595,-0.5442639892395567,0.36950465136566285,0.4335477864144067,0.35589768947503586,1.3965978462231778,-1.8225343436866017,3.722599055266177
0.0032809460252153245,-0.03392466275802336,0.06503493419638919,-0.031378642264977406,-0.02475640592490779,-0.7942064988835147,-0.7479056033286742,-0.7414047492963366,-0.7366299903365676,-0.7394805196196709,-0.5011749741560009,-0.5446671410422094,-0.5261117747485662,0.8601852107818442,-1.0879334586290748,3.613269839633425
-0.09009078180922667,-0.14436735274876056,-0.13383873300754714,-0.06700104410339153,-0.14503195640812033,0.3928978969888722,0.3769228460418468,0.34416117110621347,0.40988295925822615,0.34408015129800357,0.1978120354938086,0.17350775236871724,0.2007983175073976,-1.0043402622995898,0.38213127589080353,-2.14102445785304
-0.44235122093562285,-0.4385173171122941,-0.31145236920175,-0.38240810438231815,-0.4154962332520094,0.6584986355357242,0.7058850908599087,0.6520501809106205,0.7511581152194209,0.6145332468911653,0.19544199034059795,0.23205015212079796,0.10501996961728226,-0.4088961749894955,-0.9906975095362324,-9.54538462679174
1.6661906374398279,1.6834507826838627,1.6621587796224868,1.5893116164619536,1.5876550732530899,-0.42903052445522194,-0.42596253950803264,-0.41494215444523214,-0.3165255059856647,-0.3743291062629129,0.9431204457303758,0.9710906231666014,0.8756165939324412,0.2099260524129978,-0.5445729318237916,6.360174533087206
0.9827189922824469,0.9698301446697098,0.8221771572796488,0.9050325711561524,0.8609482394501016,-1.3103814554409845,-1.407919212734333,-1.360477862903078,-1.350322594726126,-1.3745822899815108,-0.32677801350276875,-0.4504563317359638,-0.30029612985826193,-0.632439038076175,0.4930864020479377,12.407664532024922
-1.408598447719377,-1.4896320864287338,-1.455800813504188,-1.3995102204586465,-1.4751793309351617,1.2262278356263046,1.2615962429221643,1.125086175935624,1.1756806611963506,1.2454179528398874,-0.25561687134874217,-0.21678044326661333,-0.08694966530001684,0.5772056525279509,-0.5791861411469302,-10.454741447386242
2.4278848960183006,2.484131728617723,2.3977055652770187,2.489383823512784,2.53651713287629,-0.47558470877946935,-0.4996768192799142,-0.5316749691226559,-0.5692268738658037,-0.4987423928195903,1.4600787852303472,1.5116419924674471,1.4141244511597566,0.7204861082542877,0.8228420732163579,17.384676525829626
1.4558469313868172,1.3565205840531966,1.3552853314484805,1.461682006174009,1.326313707942786,1.8167944883407583,1.9090828241812787,1.9681534262844005,1.8937350826278776,1.896557694029314,2.4898010961039327,2.5129122342988084,2.5388961524235674,0.5362900625654685,0.21566278748606432,4.570555691223134
1.1301142623544915,1.0882384490088706,1.2279214660691746,1.1300439467545191,1.1389669329932035,1.0260679346379413,1.0561165186480783,0.9796339681367273,0.9511577318047092,0.9149737533238257,1.5525674663421158,1.5965053113980807,1.5549123640540627,1.0251346045575813,0.43568311192450304,2.627565685588532
0.7984750679809131,0.6915040995489671,0.774600149469306,0.800806713462369,0.8257277119990444,-0.39835398524426197,-0.5370147064483489,-0.4465603732720406,-0.4959450600441951,-0.498089653031743,0.18056505214516036,0.21766746581824695,0.1546954438526429,-0.9045912137130739,1.2409655987385322,6.519462165364112
-0.034571406837969595,-0.07083116901244056,0.02345463135456118,-0.0637137596894487,0.0028864886662182503,-0.18425744585752935,-0.09554023039923303,-0.09497548210483574,-0.1406599005244218,-0.21257286370543954,-0.10966424627437317,-0.12063791469513002,-0.06694240457414308,0.9328287040921978,0.31982306261406573,-2.2236446786669246
0.6638292105338787,0.5823886555945005,0.6698382580988647,0.6834970396299298,0.6992389487549341,1.0022973787474336,0.9163186523882763,0.9464267005043778,0.9371300076992359,0.8696167519954419,1.1945379936935434,1.1960190672236393,1.2393237236780317,-0.6956454501201963,1.538847290469344,-5.452846842866062
1.406213472096553,1.4243035226093885,1.3345526985678768,1.3351522456342773,1.408644892757487,-1.0977627220298212,-1.1358421959306493,-1.0808703662949857,-1.0216404728550215,-1.1335754453375875,0.2619878604527768,0.2709917790370898,0.3001435115185108,-0.9409359526428854,0.9112622830378235,19.30723996905792
-0.7060704142132412,-0.6916845894590578,-0.7051620615504365,-0.6277123909596845,-0.7143478736334886,-1.8418302730974723,-1.6808077766308644,-1.772084766807135,-1.680066330149398,-1.7801348373164045,-1.7724589449232921,-1.7813991815354675,-1.8616694101423463,0.5321161341863817,-0.5234524298344567,7.766585563281033
-0.1842834103583244,-0.09668986308386386,-0.07357109422491871,-0.12856240874467742,-0.227755929689565,1.4224956339596846,1.4873127984112287,1.4759672446981873,1.4440104257504023,1.4962868727835525,1.0417412596875688,0.9580909658703228,0.9708436198854308,1.2158735621989807,1.2931480750212714,-12.223054426708302
-0.9568287579318613,-0.938453848806669,-1.0255384846018698,-0.9095483213303712,-0.9627046987609296,1.8137981364012425,1.7553368864670007,1.7418044075422772,1.8163611265872615,1.7611358945063025,0.625115246852037,0.5895369655218013,0.5948102536273032,0.48801348637600983,0.26386602090294525,-13.236220965729773
0.5499426197024158,0.5662736679538116,0.4264043524826443,0.5775634561129613,0.5142124880650654,-0.2570687180239169,-0.17880133093064285,-0.3092859314807135,-0.23274290309905107,-0.2373208285287251,0.24090521221672054,0.21951144501780978,0.23594562505777222,0.02080402377254423,-0.3946797086605034,3.8322201434219205
-0.3285844137956718,-0.3207082784599817,-0.36495173765654665,-0.41475744877059684,-0.3936132075757655,1.0042942557686523,1.0141260170190813,1.0589113914241246,1.0935615378981274,0.9580304422167144,0.4454342327393514,0.5022200057715178,0.5209721677139728,0.31015382610150705,0.27838569532088264,-7.641163924996263
1.4394013365366212,1.4626047375464661,1.4589934741572026,1.5373127384624417,1.441131989059624,-0.4347299790823008,-0.42294949894398326,-0.5209603821937089,-0.41133149283816817,-0.4368007214604682,0.8214657711903662,0.6796513299351771,0.7791047151235878,0.1364269180672801,1.1123268243902629,9.225920545884508
0.19488299950629612,0.07449226515035648,0.14062010538637917,0.2114041978870302,0.2210850048968184,-1.6798643914477804,-1.799571325548907,-1.7281244586942281,-1.6295965987875594,-1.7190376275811403,-1.151173351723509,-1.1788183826198009,-1.0891466954583962,-1.1259508961353941,0.45504509424222184,9.938927498610076
-0.18406114604432747,-0.08733174794269541,-0.10379652480800841,-0.09610813235377444,-0.019980579871036575,-0.4135035291504931,-0.49372474345955986,-0.44272347937504075,-0.43803118471525393,-0.4368587958169253,-0.45320273238486375,-0.44366296381308407,-0.3452538541057614,-1.2426201449449152,1.8223928325513976,3.7838164782723265
0.5735221154421253,0.45846449460217437,0.5198003918527911,0.4498407079894197,0.49878049811765074,-0.49417432064089895,-0.4571028104644676,-0.5108220415564892,-0.5394837058783603,-0.5237767284746478,-0.10020685405275832,-0.06055578473604017,-0.02984256840077809,-0.07882587947345479,1.0865305578988218,7.122732793001331
-2.81603092810898,-2.775428917555688,-2.7157106123553705,-2.7439498003354372,-2.751887463813153,-0.002157893820525794,-0.03862193670905041,-0.09674294011388596,-0.09586558169137827,0.015769701181867445,-2.0129203275669942,-2.0550948463698586,-2.0980456410745654,0.07985683576930377,0.5231600334021624,-16.910271792666816
1.5999347570483209,1.5693003600302564,1.6379728232248119,1.5854676146907642,1.5193349329479158,-0.4558565030474353,-0.42386432901252113,-0.4259668655503012,-0.4362433041330132,-0.44210326335838585,0.8503584007708072,0.8347177717353428,0.8608258002738413,0.011332378367734082,-1.0260680827411577,10.980197079553202
0.4691070773976037,0.3996949973064469,0.3693870542306068,0.4101500233047009,0.46876255134857603,-0.9368796201273573,-1.0158054503346485,-0.9001591841858244,-0.8718155401164177,-0.9514124849550295,-0.4464835749917615,-0.3506147109460686,-0.27653727662004735,0.6761016136499133,-0.17973251401012086,9.890735139307722
0.6879984110684116,0.7069047453659841,0.7530053551893252,0.8123935930886159,0.8169215444687129,1.1192179124052954,1.2579799124751974,1.109169484176803,1.1500943176218885,1.189873920062865,1.4177731536949572,1.4425723166809439,1.3712606585905955,-0.2154767161643399,0.07166413975085133,1.7161364878866905
-0.17227036577506694,-0.17628736658994426,-0.16216314450127045,-0.18627373908181574,-0.20585708201937541,-0.7696617762935635,-0.774556975232849,-0.7704592908762949,-0.7948271281457302,-0.7287364483055736,-0.7820690318885407,-0.7803486544223742,-0.7228170870002828,0.562979181904856,0.696631501217747,2.460549099709919
-0.15117901381844245,-0.19773786034414406,-0.27713306161046236,-0.3503223496618183,-0.3341047493441116,0.3172834956345035,0.3389629705566027,0.27098869021887195,0.3911948015013157,0.39341957799329685,0.2331363808046906,0.1653758613036871,0.13340792006388805,-0.14458676732644785,0.6373330412721927,-2.9710644193641635
-0.8738609451140308,-0.807911506467609,-0.838163533580447,-0.7460522125085165,-0.7295175195555513,1.4744965148890152,1.3978193476683793,1.5239203477300933,1.403869829465187,1.4136238351941153,0.45418867319088035,0.5295872867266984,0.4922288351626542,1.823358962036466,0.16954041021828617,-10.325920364372232
0.004838310743526385,-0.044684198278451576,-0.057596035954794414,-0.037706799471880006,0.02897105594148813,-0.7215314432395755,-0.6583708771194475,-0.7304141167146064,-0.6440338533144563,-0.7096911956596678,-0.5597649480572714,-0.5128005898501846,-0.5376590453951959,0.08071372672644667,0.12034991537717113,1.724345755353578
0.7151795855264933,0.8935597767815093,0.8067660544172326,0.8360967987370748,0.7605508445237048,0.7101016527756777,0.799125224746258,0.7072825520791562,0.5545686650137864,0.67375872922159,1.0908836942047198,1.1423049618822692,1.0884510451313685,2.340722611525677,0.7204568950760697,4.036897071823109
0.01535794118746791,0.08846118725032537,0.10131215453874985,0.045210213074343336,0.07246539054677595,0.4653940292743594,0.5378302696094621,0.39554057819461097,0.4290047428819857,0.4426424716429097,0.47194478050237854,0.424006996543707,0.2939678508292511,0.35201159109086433,-0.8585862256299859,-5.273596432337591
-0.4211417252339328,-0.39884679151155294,-0.5333269826635347,-0.46224772264864566,-0.48003874267217506,0.7037516740823343,0.8631415790105659,0.7514446423172703,0.7087698308228128,0.7269139062874196,0.1670096118696349,0.24500095912619163,0.1300558662596711,-0.21367717058821567,1.6955158192498565,-7.2953343310238035
0.2497909338886951,0.33788644424537423,0.23606260964423761,0.33486442448596687,0.2752246704578509,-1.3759907337725,-1.3348702808453308,-1.2773286055063253,-1.3297384655356044,-1.327360162577832,-0.7803624184080178,-0.6829377277317793,-0.7636319181753279,-0.8994479762596744,-2.0471668851634712,9.192672280438176
-0.09255340640305801,0.023355245245387568,-0.06444109501733734,-0.019706750069676697,-0.07339795413687708,-1.5871414330398568,-1.5753445666351733,-1.5386833303152085,-1.517562077550939,-1.5017068059204395,-1.1201935582460678,-1.0887939723229128,-1.1006701743709595,-1.4428885740576936,1.4554094821720291,1.962733879311366
-0.7077588844073809,-0.7672554254809368,-0.6419303812504361,-0.7148275573150547,-0.6470651367799689,-0.785935257824458,-0.8291868710663293,-0.7978938690162806,-0.7552379250109668,-0.8232995580571112,-1.1504084564393604,-1.0793244680748508,-1.0865472127862699,-0.9914422843961568,-0.04518552842516206,-5.882648928878785
1.194600798865457,1.1293984995389506,1.091857650676127,1.0891386217168209,1.0710364946588453,-0.9544367690880329,-0.9429426955470032,-1.012358953955868,-0.9453311994207267,-0.8983701999604748,0.12422639862767013,0.1207192295651534,0.06701958536931532,-0.8796063091639899,1.002579814271594,11.220360108667398
0.315791562953743,0.40472033522919876,0.3984131240461987,0.4083556561429257,0.3331163671790477,0.70896929256415,0.6672305043902054,0.7149766578768524,0.6882544016066112,0.6960526460809283,0.8744154611456447,0.8525228006467044,0.7407962032179303,0.3948200204121767,0.36384043429261276,-7.23843534233383
-0.4012419427111234,-0.37622553730606867,-0.35417672206420875,-0.388797949122398,-0.45115017141264024,-0.8084985826061262,-0.793808265789883,-0.7846703528663862,-0.8337159380735661,-0.7851856231479003,-0.8079022501706749,-0.8674184435582489,-0.8033923503869552,-0.5261653710601875,0.3460344109108019,-3.6098494235459127
-0.9436604772273451,-1.0101312943597,-0.9539290446700003,-0.9895856289577647,-0.955489585386361,-2.8193809975332353,-2.734820027913712,-2.698245340494038,-2.8361917626602424,-2.7752670287466232,-2.7635477310231535,-2.811363489522065,-2.7275247885146197,0.18692705255449762,0.554254476026521,9.232021714249404
0.9516232162087721,0.9059986757624596,0.8212795127017234,0.8817402152249088,0.8895712978554414,-2.316921553064882,-2.1831693835040134,-2.2711099315044927,-2.2249698296643534,-2.272649879245474,-0.9777953052735759,-1.0204964829682763,-0.9681265300255772,1.281978362376686,0.8090542890877785,14.788467871859067
0.5830249867404236,0.6132381275051484,0.653971962501943,0.6652186099437715,0.5925952253113963,1.978623877121319,1.8783375757617715,1.9328809615575029,1.9231090925437917,1.968124916793502,1.9591402129356035,1.9186347484007977,1.903962296489751,-0.0878083516348536,-0.32883082658724,-0.5286316194617289
-0.7535554292940098,-0.7355264842347806,-0.6810779792216025,-0.6288353051532539,-0.7136165260102179,-0.104591893283131,-0.20360022044465392,-0.13297190681979001,-0.2522753713179967,-0.1193469958891687,-0.577134869632827,-0.5918709600978511,-0.7114102049529292,2.079156698466804,1.0347991305262363,-8.197461230559655
-0.5088737950778506,-0.5765430244886774,-0.6216869392670759,-0.647949716047815,-0.6401158908784649,-0.6959158929199265,-0.7182252266115879,-0.8403811544179192,-0.7106651920906668,-0.7943902294305316,-0.9896258439287009,-1.0231525356022488,-1.0291930421845408,-1.1758109803391978,-1.0844706235787835,-0.6131357522483638
-0.825940058258317,-0.9375415549495749,-0.7806171529490626,-0.8646472591203285,-0.9594490102678573,0.1520334376024176,0.09314986600212664,0.05586363218740959,0.18629189552017061,0.03986719574911922,-0.5362662345529416,-0.6568912773037272,-0.48409559314025796,-0.15058354837492782,-0.0053305733261247,-4.05211404280279
0.3408726588483393,0.3177594654084419,0.2541433349702978,0.25937764030550403,0.28535252723223337,-0.20780866115659324,-0.2796461308378809,-0.18486157845231502,-0.16187778253504023,-0.204574914277136,0.005211293419563494,0.061817236907617396,0.10560556428858027,-0.5393129236109787,0.8359699242722769,-1.6454562751218504
-1.525651385708695,-1.5001987716356808,-1.5027155562401744,-1.4502346632147816,-1.5910356290178327,0.923835477275268,0.8898811596723207,0.7803575918286413,0.8483046743635371,0.8551725870019911,-0.43724204254728255,-0.5219725289510687,-0.552931882996385,0.9365066060570079,0.9950175796158893,-9.552779947700763
-0.17390738495299618,-0.18239923049787565,-0.23307747986929436,-0.19728662784909975,-0.20825910058452007,3.050056262523458,2.9689771859664185,2.94249963868749,3.064748794251263,2.977442249380559,2.058561559418777,2.0343425477459536,2.1060598318180013,-2.239791630366121,0.46078884826140104,-12.561125302475288
-0.7222195016426666,-0.6758893488383996,-0.6665783990636166,-0.7653641587592043,-0.7297483734079797,-0.37273323259405755,-0.4201187067848214,-0.3116133569916116,-0.3365463052271706,-0.44170928494097206,-0.8430551733420906,-0.887897630447195,-0.8065491307774573,-1.4431152891778112,-0.3933924379557356,-8.61349503123675
0.12414945524165512,0.05559720402008133,0.19206633669346018,0.12160915714574645,0.1381008923703972,-1.3824032724940984,-1.349931878111258,-1.4360549617952088,-1.3984348689026702,-1.4093192931040055,-1.0816334062028834,-0.9111862470534435,-0.9656132205970325,-0.10734682245096279,0.8967077783687035,7.170229740243379
-0.5621868093554774,-0.5374771275481975,-0.5512407421918122,-0.7684652376697513,-0.6367332044307124,1.7115307188639304,1.7509418917111623,1.7888388573230767,1.835166771609373,1.7434062739549558,0.8636790664433592,0.9116594515216264,0.7281473824045437,1.5513777210094932,-0.6693662391187534,-9.72494457751657
-0.3809849488189434,-0.5160101043405384,-0.36375836321851335,-0.512504579596075,-0.3852096451820356,1.1827730986233784,1.2561233264490161,1.2204198032845708,1.2307353553555178,1.200781405946298,0.5513925256980355,0.5855308520652653,0.5885273285042748,0.2258418340373073,1.751409073748911,-8.855115567843878
0.7562661875168706,0.7802516072033656,0.8002539679763102,0.8012603971773943,0.87759174662178,0.46003822450301823,0.43205232766988255,0.3199647605988468,0.5061817590468806,0.4471688112157136,0.9918118054519091,0.9468235774239842,0.896866631810664,-1.3515474542642338,-0.0846708974996642,-2.033936808620771
-0.542547518200612,-0.5928617462045018,-0.6296343895760812,-0.6072502523698468,-0.5584638360103837,0.9815020453271682,1.048893751374399,0.9650969255437127,0.9877674277458999,0.9459230939486801,0.2899973202148596,0.3296324366284857,0.2312956027303552,-1.1971665926902302,-1.5396256942059605,-6.426191847194252
-0.36780943307923913,-0.35425033175813136,-0.46702452870460015,-0.4019319785878063,-0.35994054771096906,-0.8110521576391155,-0.9136537652566739,-0.8849457879079298,-0.8425536148944851,-0.9452746413568817,-0.8949349350788636,-1.0283624752681224,-0.9688737478104827,1.6729897028449527,-1.194683468016552,8.675935387028007
1.9937519630739333,1.9543748872524023,2.061192350040077,1.8804268583451076,1.9599918072400269,-1.010092410162006,-0.9805927617062916,-0.9964407994656163,-1.0029800804144824,-1.0255954857375285,0.6423145762585836,0.722503224572224,0.6898106077594699,-0.6211347987962408,0.04364363687958753,15.191031458035233
1.414936570608588,1.3387399924945806,1.3650584315520813,1.3007149355377325,1.2925701272239798,-0.016717149482147198,-0.038358124034288565,-0.030483287493254303,-0.14985827465680027,-0.06727474494045133,0.9847247167767814,0.9322259257028587,0.9323512752140154,-0.942963372449764,0.13982527132605319,13.810237745840887
-1.0648528642152133,-0.9887463474731548,-1.0338716969830097,-0.989713385377666,-0.9722766491705699,0.38513788026845036,0.37551474221006254,0.3875171766019945,0.47948807396300225,0.3910769155290239,-0.33856768443929536,-0.41555762871585833,-0.4880599966035618,1.4773725606308605,1.9696566849510955,-10.612941201510676
0.9346522169605466,0.9248900220229858,1.0028463403452181,0.9655325844272878,1.0204308650069462,1.1124329546982519,1.0253424215537192,1.1636419710911217,1.080640211937908,1.1859501001535786,1.5593891480678246,1.497007037651039,1.510170756589526,1.0110970055869908,-1.0384993376142264,1.7744929581817388
0.5240787869849362,0.6203105774496421,0.5020132887148968,0.5498403586730998,0.5677568165354178,0.24305611889188572,0.3275442884862499,0.2750400473490545,0.37215941126525387,0.33491088647409745,0.6733180932916338,0.5929037783356953,0.5459294743368817,1.2740596432667959,0.03946219930393072,4.650124613056626
-0.4139009494384267,-0.2935405224585738,-0.3151768764590202,-0.2776662891183045,-0.23964502074884778,0.284443250644778,0.32517406864485005,0.25103628046796783,0.3170475072165905,0.2420173584456718,-0.0017978307245512942,-0.003252269330017773,0.005274238724105868,-0.9500418802658166,-1.0594214070820567,-3.2460488488967125
0.17737342633637956,0.20367914500641532,0.15140647074159183,0.1799077786290953,0.08375934205307937,1.2780667283957492,1.2795089602063179,1.1868312400435,1.310518208087447,1.2779040470982543,1.0140075192860336,1.1227005244810249,0.8974271876472438,-1.5251056410143606,-0.4926548532134034,-5.744242459694561
1.2084624606518142,1.034576796904072,1.114818490066608,1.0455118503746823,1.0251764638336158,1.2516373229925788,1.2399329403537303,1.1781537912131013,1.3079977447162103,1.2815365131021512,1.7579551585633129,1.7629410451553105,1.7054210359065565,0.1331664893627056,1.683972030069338,4.343674097893954
-2.1077660412834525,-2.01973157527845,-2.018940831017471,-2.0297872567287456,-1.9730020786707518,-0.5302839567448492,-0.5989522726797466,-0.5269515893451512,-0.5559237390239423,-0.5991676361459204,-1.986077965792222,-1.9361584587811234,-1.8648145125882711,0.33512613307366396,-1.1363362231559908,-3.571382940959295
-0.02333868973641153,-0.036747956619973196,-0.09427105373949922,-0.09186796704433074,-0.008510148676275461,-0.9402744232629127,-0.8489134701310802,-1.025065796133093,-0.9239103547988087,-1.024097000045323,-0.7364069624616958,-0.782567808014719,-0.7684862405793963,0.3646018037048318,0.5870424240678338,5.204635642544158
0.830616171933064,0.7483089563948521,0.8023678438128273,0.7931820756597545,0.8642781340079158,0.5017742032094232,0.4457791867157714,0.5330988318237754,0.5405283206509386,0.5198002277618671,0.8825946761772934,0.8870441521092632,1.0069690264770226,1.4781839356390019,0.3929073590143916,1.169923295756215
-0.3423292811411441,-0.3304749820266648,-0.29603998413018506,-0.2928781602628862,-0.34925677326029014,-0.2647553984022828,-0.33547271767341885,-0.3854664512952524,-0.4728614794056847,-0.372555674165743,-0.5661906114667108,-0.4652028200084326,-0.473221156994912,-1.7337670900082482,-0.02417142635820863,-1.4503619481915841
1.5289505023701826,1.507724617106979,1.5331460847032703,1.5688714092315181,1.491208133869553,-0.31089962418642525,-0.33493453865994244,-0.3113368744233045,-0.30028793480586274,-0.3622867575774326,0.9372409087753494,0.85738453977388,0.7397436565558019,0.8596950512977658,0.5194366231917376,19.253817828212927
1.3802894311540375,1.4780204408188404,1.4840060054057829,1.5153507156222847,1.4345705872160766,1.0065454017258275,0.9316064223535412,1.0165757180005472,0.8925921444369675,0.8758343924275656,1.7890085338603114,1.7474631943995413,1.7561707198705012,-1.0966250441473178,-1.1600203819432886,4.3379101086362155
0.39518292296678714,0.33003400767506236,0.33126711153607624,0.3683993236298293,0.30690938727359224,-0.043046286398604236,-0.038840967700068646,-0.04490719443213403,-0.014426468884087208,-0.027363503394042327,0.2682198235387589,0.33173469506586406,0.12188546738057149,0.8557353208608411,1.6563225078035575,0.29091996401391595
0.2703031187847265,0.3940933482776139,0.3068282779720302,0.37544630736123574,0.25171178398067107,-1.084607827632634,-1.1602595153103752,-1.0895077235243282,-1.1772349289209731,-1.1317416612043534,-0.5897563069036391,-0.6789714293806892,-0.6041867788852869,-0.47495670452137745,1.924845495123521,1.7376841914203505
-0.550882517682401,-0.4862030653630765,-0.4726119551879023,-0.4510516437558719,-0.3927642325375729,0.23750245603678166,0.2196628835910093,0.1929798406482529,0.13185407601789356,0.17023840481307764,-0.27871357989109813,-0.1098071235241347,-0.18477890954695397,-0.8139717958905116,0.047104697759313356,-10.229094755085786
-0.1862301139931869,-0.23499460815885165,-0.20861068301363794,-0.17238047089037875,-0.20232035429539294,0.56778370993029,0.6268912911990088,0.549758166119876,0.6376058364892061,0.5531885746641829,0.2108240654112924,0.21677015674521305,0.10532498014429621,-0.6099027069492022,2.423106130613554,-2.06919095067944
0.875651723576484,0.8673253981037853,0.8293070106974817,0.8266395952122757,0.8458826468246857,-1.3964048423692412,-1.255180013172078,-1.1636822400150875,-1.2252083268282015,-1.333819514925427,-0.3663452482744135,-0.38970683371459,-0.23603574984865971,-1.4456102007765625,-0.39902793154992044,13.2372202393908
1.8445655979479245,1.813450527595365,1.8764862329222012,1.8773441177955843,1.7559286730573471,-0.9494021353324903,-0.9451456585646911,-1.0223818456610643,-0.9505218876225036,-0.9720557890186016,0.62406538759117,0.6446508257594514,0.6713191624986283,0.04042893983346719,0.40043199385628025,13.824056130863982
0.49966619158625436,0.5308358893476167,0.5425979784838625,0.561968075391462,0.4702922784003248,0.23212569523061682,0.12128066788765574,0.2350592846144903,0.17984112535506924,0.19726894437333545,0.5154216735096467,0.4493129030488852,0.4429915705148573,-0.7726733906604571,1.4318890637745134,1.6306034668621032
0.5184436742760584,0.40326859375025953,0.4993087023963498,0.4550563922112201,0.4034777792072778,0.629359436785068,0.6288266584249039,0.6358057234081801,0.590589593846531,0.585486891116117,0.7437106527713377,0.8087770090418891,0.8600049904715292,0.7862982309002783,-0.4590044602229095,-3.694490720736873
0.40054470692099103,0.4619336090412149,0.4029836457967691,0.4002471734592956,0.4481543867714751,-0.20690282812615302,-0.1213772903011504,-0.2531710216192045,-0.2007009530886392,-0.31279339547724294,0.08775865911060851,0.08558607992259017,0.028212040584863207,0.6400560810329173,-1.3815490588794384,3.94659908262227
1.8500887158885204,1.8055953013987427,1.7549772252248845,1.8693310094107698,1.7757017314723247,-0.2121149057613208,-0.1450367902531995,-0.04453613319136425,-0.1598047773908851,-0.14963667294962343,1.1327202696733736,1.1414916214128972,1.1756151802829335,1.6881570529027907,-1.611717065618854,13.225161723286604
1.0368525257789316,1.02190606542418,1.051587330289279,1.0450764776261208,0.9974392502835465,-0.15038485928967127,-0.13316128472351163,-0.20676761137534516,-0.06467509261252044,-0.16787002893126135,0.6759834947145538,0.6796615270129127,0.5757168775498673,0.3663274835410772,2.060826563902659,5.101541013450321
0.8706497802215979,0.7900915046715288,0.7783960731921089,0.7390059791675925,0.8065404015489718,-0.48799389509865465,-0.5366162332052764,-0.5346501095211802,-0.5212161187069322,-0.49520496183314006,0.16407356645186819,0.15063819122322222,0.30851770366451586,0.5206777670800737,-0.5290246506387777,13.084584844385184
0.331420600337198,0.35582727751019977,0.29817811620535245,0.4225316667698093,0.2833735911988332,0.20149385962945768,0.15650398406539207,0.12055058557665926,0.15998234599855163,0.19691656595913434,0.3696961536781388,0.3759520014430726,0.3823533258172568,1.4000998118278138,-0.18573676341849862,-2.064724603680979
-0.40400945486105744,-0.4429348166338731,-0.4324387595788637,-0.437200275258208,-0.3395248565311658,0.5481838472739237,0.3501855305836593,0.5080546815108515,0.48853615919152066,0.40451177701297697,0.006778196987244307,-0.005022917289798673,0.08730368881679229,-0.6276626960266963,-1.1127640783210544,-3.854223993984763
0.6383669024075262,0.6644020723719889,0.6528736781040155,0.709807759390005,0.6651294119664183,0.577355772055096,0.6048508791051863,0.5289459047530418,0.5550417683161202,0.6225497583415102,0.9531516877078501,0.923523935271785,0.9629746371263131,-1.4882582128230326,0.9483392793291884,4.484241211860523
1.046030803081366,1.0206061804870936,0.9338160809095811,1.089483343838837,0.961721597405049,-0.48887406852465487,-0.5514428816760762,-0.4875120755212796,-0.4927311553835214,-0.5647745879222735,0.3777787817055718,0.39414245995340574,0.4137014577999182,0.2000940591283936,-0.7815598592245849,7.535762605533996
0.307325201856551,0.2900748420927752,0.3155157953148852,0.3184982525447135,0.2412772719433978,1.747093205051931,1.6657613370157764,1.7369526721642887,1.7194063634896963,1.824233607479484,1.6274317817896402,1.5332067568858108,1.5477335788323237,-1.422633469214404,-0.4912630276613219,-6.58992026050968
-0.3637650926387123,-0.24082376091519683,-0.32218198371607965,-0.3822443519733941,-0.3333902814329584,-0.06779576241842382,0.01921087189328147,-0.042416322726150195,0.004977554547595828,-0.02088743881837682,-0.23325458238149138,-0.24559396725409885,-0.244569414268779,2.45393867292539,0.2995204194161605,-6.998982481938012
0.7191760254291414,0.7316250772842113,0.692535954573573,0.7726316716836892,0.7318483011520511,-1.6482846445694959,-1.5895959672668554,-1.516062715713093,-1.4746947510691846,-1.5978147529417166,-0.6634399881742917,-0.5374437362602887,-0.566077922735029,1.4554982920789432,-1.0640459272455725,15.960598210431492
-1.0677245220951948,-0.9728319361912132,-1.0136286636766523,-1.104066595395853,-1.0858580058258198,0.9243426969814008,0.885858759680709,0.8893611311779938,0.8668261280344882,0.8456929088402628,-0.1454911729290676,-0.1401434157104975,-0.11267632100239611,2.1639763333015805,-0.17858226951422537,-11.240932847392482
0.00701181254025017,-0.08875325342820929,-0.0042133363950496855,-0.11362206145399394,-0.039765434547808655,-0.15168327660986952,-0.08705851747108108,-0.21481237918346202,-0.16690940989526865,-0.14297587244114285,-0.1885292587596208,-0.19450953624047285,-0.1936208974699709,0.062446976663129296,1.4022095895032698,2.9847529721330526
1.170351340577201,1.0545576849536824,1.1549372152403927,1.116036320693551,1.1371466448492429,-0.9118942295860538,-0.951446267382271,-0.7409168279992965,-0.8579189418292743,-0.9005504719759643,0.11767522047269893,-0.002307571983074991,0.17784734655541534,0.5505735937015979,0.42825439751686323,13.178039933901553
1.0224561234005212,0.9261400128326717,1.0086148237493346,0.9129401534520499,0.9250268543464467,0.39508080861705974,0.3994095497129649,0.45168110229139574,0.4542465936937826,0.47120676596194594,0.8849858382938,1.0457709248897187,1.0389317157831992,-0.45947543195264406,0.13054229242835844,2.153836825562924
0.8898490369610059,0.9901939269043215,0.9705501817854204,0.8738212407794967,1.0192101001473275,-2.536583702628838,-2.554605368871158,-2.6789511323568758,-2.5448546503079417,-2.487431666714423,-1.12405302461078,-1.2065710468212094,-1.2654189456901332,0.882924805586752,0.21486470946386504,16.01390100589501
-0.6178092114755079,-0.6307849657253679,-0.5629964078217303,-0.541663001160852,-0.588245097301122,-1.7523972557234115,-1.6816268838131156,-1.7812061864997033,-1.711331308981047,-1.7740634552250878,-1.703284805143446,-1.788468494162615,-1.8065453394191369,-1.215543212051057,-0.38913509597656376,8.963677469109914
1.240300236644605,1.364631265197361,1.2687773813814205,1.3101525256022686,1.2638328228288882,-0.10273235277789998,-0.2092931747829054,-0.19393992331494375,-0.07641300008159205,-0.12757794601152192,0.8913958650492746,0.8811329924895122,0.9194890930705055,-2.543093189474779,1.9961523197549256,3.6310427101379528
1.49687960122936,1.5827401147283062,1.4994473317381138,1.6032219509773002,1.4797033368896748,1.342371157425433,1.2695532177467037,1.2904760117068708,1.2188692286005993,1.3201609552734976,2.0186687458273394,2.1076697769601385,2.033685195806715,-0.7907106194885667,-0.8121571305340674,10.258949011039666
0.6591147673474689,0.7509668592512141,0.5680641062114239,0.6920193040092754,0.7459201937409906,-0.035409587059472086,0.10071193395459777,0.08774458993609247,0.024523194944989432,0.08518763072983317,0.593676629531936,0.5484919036014924,0.6015290583332366,-1.4554734756173158,0.2109261619639301,1.2617679080870525
-0.17178016340137306,-0.256742202337101,-0.1744520900213362,-0.2777599628079893,-0.21394101590008358,-0.8360643059855003,-0.9040422897349982,-0.7811486254608649,-0.8164631350285694,-0.8814144023182824,-0.7977343746233422,-0.8097570829243842,-0.8171223538984179,1.4779267361595356,0.11502556634280714,-1.6345149931267096
-0.18690300571580776,-0.22108364419979412,-0.09007532281972545,-0.15363247579796177,-0.15860413341218668,0.10657578577966573,0.15696963334062242,0.09854344315339916,0.06865694946790639,0.14231401703186822,-0.026633838942611114,-0.028625440831560073,-0.11053399778582215,1.815677455080316,1.0087625071331352,-0.5547683700433237
0.09484129073853186,0.010742943785691308,0.013763461786467535,0.030632967737420053,-0.0009025660896143373,1.6830397971165478,1.6541287824013242,1.5963309760563693,1.6385233986115901,1.552148345520043,1.1710282794704208,1.1502771074299265,1.1748776101356588,-1.402929072413111,1.1031739387936397,0.9638674619677996
0.21508312695480647,0.19468912950871659,0.1721794971555188,0.12598900957581266,0.21527446082566826,-0.78716720737347,-0.720936335075947,-0.7238936115935292,-0.7634346214219663,-0.6350066799764975,-0.3076897687947632,-0.4165232598493408,-0.3946324448611345,1.2917156075212395,-0.032018804487070805,-2.0297998307711245
-0.4659986987547817,-0.5538913006834034,-0.6188737420445692,-0.5076914234206463,-0.6189555805167186,0.061608094088038814,0.027432360918908993,-0.03924461640276491,0.081465863716643,-0.07632833744589032,-0.5326759542716804,-0.39304401348506307,-0.4874211365318088,0.9513849835007704,0.2906664931130496,-3.9747127460360967
-0.7317721420371494,-0.7663785011181856,-0.6386672533062886,-0.688913442024863,-0.6628992636098471,-1.3292087954099276,-1.2791788117719998,-1.2942349187200004,-1.2712051974095546,-1.1875261151009588,-1.4075027190064413,-1.4660079489913684,-1.4044202343266972,-1.5697766847188763,0.32853475391394826,3.5895026315644114
-1.3665226933401122,-1.4298900154100396,-1.37323772806429,-1.5214976745692306,-1.357137148010103,0.7172531324184295,0.7272090617909827,0.7388569361303897,0.7226819539851381,0.7954219649215064,-0.5193192958381132,-0.615238435436288,-0.5122889221621066,-0.39026753093161815,-2.272141655570607,-10.951370086077654
-1.3273518809716476,-1.3767694632255247,-1.471812523185736,-1.3182656217938173,-1.4177156362821912,-0.3036516113583156,-0.31632089271361696,-0.26874298171632693,-0.2503788985474715,-0.33357925167876923,-1.2612057533274552,-1.3265819859243257,-1.1442854726322629,-0.5801637221245197,-1.5889896024777754,-5.86913894162306
0.25454684299686964,0.2893385720824438,0.323687711430334,0.2780008841075902,0.22456632204457833,1.2516147721129858,1.2247865290928392,1.2984058691344473,1.1915878305064476,1.2744286139720677,1.1700876155944144,1.1698417541419661,1.1819578772131982,0.7479953986272,-0.6050636907219706,-6.544519153959227
0.15963144201370427,0.17383846714084025,0.09544118660408903,0.07888358055926509,0.05664741559654078,-0.09972031782485064,-0.15400433125661794,-0.10790403391922149,-0.025957489218330465,-0.11444394170663519,0.0050926988654527924,0.011544827302428125,-0.1522022423894468,-1.2287793509050138,-0.5615986763768689,-1.3254300856449217
0.2193440449771161,0.2236258005383482,0.20820651642413912,0.11426741747430597,0.2522517381601858,-0.767796902856,-0.6858829191666691,-0.6999633630748654,-0.7438815957619026,-0.6751878414405427,-0.3088035556160711,-0.4580219653820985,-0.32433881212786325,-0.09887262565948246,-1.1992824219641323,4.195732396561371
-0.7675983769609849,-0.6907149685592696,-0.7332748638796,-0.669177489633465,-0.7434880070943041,1.039477490750861,1.0059979386166364,1.0401491853026144,1.0161819109737005,1.0443235946674783,0.21164404841325307,0.2184725276314019,0.12050931613307873,-0.685934503949618,0.7495825713736299,-13.209071971218343
1.7649343771167572,1.7953331254478455,1.796721029526716,1.7416571221048727,1.7996872825309194,-0.07683685640923851,-0.16750282338699124,0.0018125389357680974,-0.15042443748331158,0.004980178724415772,1.2438361060937566,1.3548880857313566,1.2998975937174375,0.47334118338514336,0.0021184210174724715,10.518031222751661
-1.473984145554645,-1.3911547983568393,-1.4432080156524747,-1.4351061989469032,-1.4634833632477642,-1.7510893648688526,-1.6495469977143191,-1.7462349883433033,-1.688668327206103,-1.719131139774866,-2.319016342019851,-2.2274048988102084,-2.3605320510913326,-0.21679203168792927,-0.21469454738683721,-2.661942319195232
0.35626092325020553,0.33552363818728526,0.2430765600831773,0.2994013345879313,0.27803831383856875,0.612587530852632,0.4927999331606818,0.44050164307086176,0.42797156421458166,0.46495288863963546,0.6339358338021107,0.5596573099619859,0.6502317236922014,-0.5352457039403952,-1.2561552745073867,-2.5165878270160977
0.8503205393201838,0.9158710708359428,0.8988022084617238,0.8713722450224646,0.8078311558227985,-0.4379554623615945,-0.4778892239331092,-0.5182040790586103,-0.453825211020966,-0.476251198495498,0.35576798795050435,0.31372421340249684,0.3603639800463799,-0.21329657563207796,-0.04454486424478854,7.9357933171393285
1.570716096919226,1.4770025171712164,1.552547594849028,1.5286268812430435,1.5468928752747828,0.8826606273053125,0.8948552694934198,0.8611430782532681,0.8247836284260284,0.8949160116708617,1.8017801347908873,1.649682739503262,1.7192509287995814,2.036042832840112,-2.6266847559986117,-0.4692248604159497
-0.8861775832279006,-0.859316418021642,-0.835603437257655,-0.9317159070588937,-0.8831953425851709,-1.9873357922294064,-1.9679927014387018,-2.136911243323796,-2.098111828009357,-2.0259655792477074,-2.0903209877150952,-2.025117711321415,-2.13647322212727,-0.4168996361193892,-0.16295631080584103,2.7759530475612175
-0.23956637419739163,-0.21783196215879952,-0.26412131294092384,-0.24105996867467389,-0.2454566961500624,-1.0088880480595521,-1.0779161292680193,-0.9147128459906408,-0.9780386258817555,-0.9232563675091119,-0.8038443316548878,-0.8675913468400209,-0.826586932702754,-1.041005218283787,0.06318366880775604,10.54885826013085
0.12710852927332691,0.09747201556464619,0.05408030165017209,0.0823993057129559,0.04113491706957921,-0.12599858726157304,-0.19190000022157105,-0.21907283744270226,-0.20232378101339857,-0.1738514702548155,-0.04566512746902375,-0.15027642711576933,-0.060432165616436724,0.5834335691559652,0.24191498432149858,-2.797971584557673
0.09274312779081469,0.19453961611911796,0.20515539638535002,0.12086323486904148,0.1414515660441932,0.2943957581661848,0.3485111565504212,0.47657560208199146,0.35576906844749734,0.31729099669824584,0.4045852857892004,0.4146564183533144,0.4288743206915463,-0.1435246694229566,-1.56410176347928,3.6409840991431737
1.3196250723636929,1.2984411270576697,1.3422705894151525,1.3505537337588949,1.3379442689622714,-0.13209704617197465,-0.06870320033010158,-0.12725459119329818,-0.13109930922122748,-0.07815528447629112,0.8508866699346554,0.9942246439326773,0.8673962282543625,-1.4152339308664725,0.22481673669147476,8.980850619633687
0.6745050726473409,0.6761956277895762,0.7057802755731862,0.7068908725344863,0.684576491849285,0.19860374104138157,0.22795168481905553,0.21138941042945122,0.25471899376355045,0.23248376914401236,0.6624515632008942,0.7694036905412185,0.6231234562040384,2.231496335202466,-1.0414312698645425,1.2208490229005866
0.27833658703373565,0.1717715903339262,0.3610935469581147,0.3208931012317381,0.08834969237031079,-0.5527293376598907,-0.5500291795863885,-0.5257053392437476,-0.4516915121647004,-0.49837510184338074,-0.2685983259459141,-0.22144881263323732,-0.22794333642586911,-0.3524789455866479,-0.8124698322923339,-0.6088238109464257
-1.0954945612054365,-1.0144426466645342,-1.034609593494188,-1.147848864845263,-1.126922424841967,0.11406763379477136,0.07816933976296421,0.1722885028266046,0.12701116146534722,0.026702321374513616,-0.7773675888497563,-0.6747123424507143,-0.6628937021426625,-0.3778694539613512,0.7179313858226648,-6.976918338897365
-0.17792002535411655,-0.22332972644274737,-0.19305309752392558,-0.08787871165996498,-0.21728951327671467,-0.13045137290190387,-0.2157726414579418,-0.1561182541545752,-0.1679737179758486,-0.0442513042481463,-0.2716719869274259,-0.2334978556637541,-0.21426616507122712,0.15983535190809744,2.014113723359744,4.458861280465478
-0.4866458745630228,-0.5184954653616886,-0.5468381208636998,-0.4829146951262068,-0.44603556042349685,0.08760278885267278,0.06568424652122556,0.09729171771341698,0.06984694758044342,0.09197311253029226,-0.19485030839320844,-0.37100577827080194,-0.35778675095064355,1.7301167692088393,0.05135875880268002,-4.637259509783322
-0.9395595066066937,-0.9917738695790632,-1.1039688636824552,-0.9763770915631134,-1.0302915142987668,1.1535212976453373,1.2227648305784549,1.217143397705668,1.2040018991290946,1.226871925354468,0.17342912166091204,0.24046007349653437,0.19904152884260934,-1.6797453265189957,-0.8170954586402323,-11.35736546569851
0.8716941500670086,0.9782857192510707,0.9125650943767573,0.9754611696542319,0.9291241714053955,0.3309730240538919,0.45660426021186173,0.424517314059158,0.3883633962463152,0.48963058315856944,0.9957514854969446,0.9465497196610757,0.9583068517349872,0.2759858494205397,0.18867044750999853,7.327558555588252
1.6723375930825966,1.5446700259091675,1.670244723188194,1.8048157365790352,1.7612968634658284,-1.097629409051853,-1.1925465551922823,-1.1470837731344372,-1.0888020818318094,-1.1059169267683775,0.34605370224690957,0.4839483812657164,0.4516922428564643,2.0872721617936274,0.9390291574991455,16.554545471719013
1.0102913452346762,0.9497226850245338,0.970071511860598,0.8786171970879858,0.8849047756434656,-0.6024038929960034,-0.5857361772791618,-0.5730200287166309,-0.6262155244721014,-0.6170707841496846,0.13878582833680184,0.29590054276488753,0.35732399719286356,0.12872868073964833,0.6209975658727354,2.8648450765123297
-0.1928118294903115,-0.24283512674389002,-0.24523945021773952,-0.2488073209935728,-0.217845427575785,0.3534836665737171,0.2418653333335381,0.17977377363478692,0.31965156706135767,0.2863735071059801,-0.013899651879307327,0.057754793474493374,0.009111661729455493,-1.2353339793034797,2.7431128724637457,-2.2723926525934592
-0.1962362769710736,-0.15027512377660454,-0.14361255736886014,-0.24651488739068683,-0.16770689609374642,0.7307670046610326,0.7883903535815193,0.7492113477617388,0.7545456699869115,0.7460939527520741,0.5454594514429014,0.5649984099951817,0.5136299301687826,-0.6183968529606526,-0.7153375690946667,1.111436691177289
-1.6435313795586615,-1.57479404729449,-1.7500753211016327,-1.6514727979438704,-1.6863370616907334,1.2737639912492909,1.213628533090963,1.2615197673728922,1.3053982417203076,1.2376987745087251,-0.29422043794819375,-0.1993169095927329,-0.3482038778539063,0.2068825297567905,0.25223147991929806,-16.201256468877546
0.882007631655834,0.9365524211817859,0.9339205026670712,0.9991886062208315,0.9407633524269087,1.0561845435679675,1.0794784113718092,1.0932311205836711,1.0620456007721268,1.0345942416800666,1.5414056933906881,1.502713770670253,1.5058627504589035,1.330803915639862,1.5489179534182032,-8.749714277098173
-0.3879268284538371,-0.35168376469507245,-0.36644102151682767,-0.3922316793289935,-0.42686643897764986,-0.9908956858019649,-1.0058255533331253,-0.9827814835309008,-1.0989789285185385,-1.052647780032913,-1.0246349675482613,-1.1020029754291858,-1.0600851551647592,-0.3393358444160607,1.486159237018532,3.0576226122593555
-0.1977442191391553,-0.27481993054114995,-0.2068371884198194,-0.32535924852636966,-0.1565369625811295,0.79177564448978,0.6793268017914461,0.8005887753159372,0.8495435247079839,0.623880970803118,0.30057090466860514,0.23692488179569543,0.32045419065630004,0.8266517974324317,-1.9500779265243806,-5.155805109049464
1.2785049843870089,1.388975582877234,1.321023351063177,1.223423894441042,1.3681224138540415,-0.5234991552881642,-0.5680549200867285,-0.5483367065147482,-0.6253085125974428,-0.5126076468710096,0.6528593281468261,0.6956951617196706,0.706611733386909,-1.4353688270468892,-0.0033576200399812245,3.4643429983233522
-1.6409824348844817,-1.632625736848778,-1.5828757289311965,-1.5805895984393141,-1.5441793895205922,-0.7825530710046785,-0.756328433804275,-0.700583000994849,-0.8025134994366256,-0.7716634258605605,-1.7741561610631065,-1.7644998815479198,-1.7578454348359165,-1.4437183695950546,1.4845207658486996,-12.046814112941984
1.573005171449463,1.498155237414632,1.5824275902184604,1.6075754065665862,1.5594033567126449,-1.1245848193555128,-1.0525522452344083,-1.2083335154747985,-1.2039828208774455,-1.189441615119264,0.3371753841309445,0.3236156090229038,0.29620634310706023,-0.48280068868494963,2.8906429903991375,18.226158926527187
-0.10222554487146299,0.02971802626288925,-0.06563016592099317,-0.05463639189765228,-0.1053983085310786,0.29849832704145474,0.22299361527028502,0.3126974700182183,0.39156841453145463,0.2771410050756336,0.19974388910924287,0.14056601292700166,0.08112443783630421,1.4380287218732621,0.7037958837508185,-5.016635908563233
0.37122024074663323,0.4241240576573907,0.42119869440515734,0.4248609886920425,0.4226058907570506,-0.4843693998216794,-0.34814068541752435,-0.35962125579632065,-0.3598044355100447,-0.5218255758656423,-0.12429706953709461,0.04206847022082326,-0.013244983656297983,0.0688746395137692,-0.3678632936964837,1.2757230256896248
0.5487920924826022,0.44172316826967656,0.48194553028690656,0.440562819932512,0.5726165163288819,-0.06028877735358062,0.10632232150414947,0.06684836166313939,0.08079756350250081,0.10256465615145505,0.3494940881402194,0.3518886828794755,0.44399729208785854,0.2898111955666193,-1.00920315243739,3.8107327825353736
-0.13584360611400945,-0.13109456445270282,-0.06088809180498872,-0.08126866054491359,-0.14679928743149487,-0.09837145627915837,-0.08881036878014811,-0.07865629206886239,-0.10047774436388515,-0.08908318431944855,-0.22782786083542153,-0.19816689087268347,-0.16496080132076885,0.2780795955735272,2.2187433575308493,-2.5252398933784512
-0.2576547588942958,-0.2265371268413442,-0.2382861071361606,-0.26552537442098006,-0.1975899261756909,1.5944855027468916,1.5038071856694861,1.5021258733908749,1.64002371217157,1.5114225903308716,0.9960598821260405,0.9274704539386426,0.8123846684343095,1.1092079825867307,0.7287415864657592,-7.9474509039034595
-0.24349701661195058,-0.23881809105037285,-0.26578371142863033,-0.318827199657848,-0.24548949163499836,0.7194310422218507,0.6275034243519643,0.5856771194722346,0.6805242844772473,0.6138368737785527,0.2797950894969826,0.2544430754890208,0.27909927209573643,-0.6102206925378539,-0.8480669268854175,-5.285224260620836
1.135545709884137,1.0805068730476612,1.0753384758363795,1.0764502236465026,1.2070704079479926,0.29554370910466016,0.34774995607155573,0.3666870644838994,0.4000232511033453,0.3523574017106523,0.9685196588518256,1.1097517701223751,1.080795973368591,0.6882851084882323,-0.20315636633378117,1.5754981720780314
0.4386719993345338,0.27961828002891664,0.460682697500303,0.40565050041811324,0.4044419288940828,-1.5507202152600703,-1.5626683160930521,-1.54809320586362,-1.4833475754097638,-1.42298434995141,-0.7674241142947722,-0.7887812047403813,-0.7500077058435399,-0.8308826638551301,0.310186516828704,7.991336359743815
-1.1511848700426046,-1.108067596792251,-1.029993110017552,-1.115107090294476,-1.189109305192889,0.19953013250949575,0.13198398915949155,0.09613920684482458,0.13332261145935884,0.18759175049712312,-0.7625455512641601,-0.704302218417148,-0.6351421863740724,1.9832726559207603,0.5438066538881178,-6.126145147732653
2.138238194646448,2.0587191043858017,2.06933955411159,2.054126978823225,2.1016537334143734,0.5493667511308278,0.6809925600612621,0.5466112563318857,0.5935596126724003,0.6488704339257471,1.9343555805917063,1.9939947996891079,1.9895431908133572,-0.8003911042966898,-0.89961865754579,10.878393618229175
-1.7171914814500897,-1.8118717873512225,-1.727992797827478,-1.7308606140234946,-1.6392262977869207,-0.49007534356522026,-0.5460943628711565,-0.5385597263801535,-0.5260221094182788,-0.4882201621639571,-1.5567137818722976,-1.6738674422716726,-1.6834264799037464,-0.8823893030786208,-0.6141904181254927,-7.969116418586492
-0.5669149378422709,-0.7314215145877672,-0.5782248446301556,-0.5918788072385175,-0.6812255123806583,-0.1905401884223663,-0.17177284285500263,-0.16113509837989923,-0.12931204522164616,-0.1776637540336806,-0.546929698480305,-0.5814720191799376,-0.6106398818537061,0.5496698134880496,-1.6529345623729599,4.387850084373046
-1.9051814211128972,-1.8396357768471112,-1.8410145092572074,-1.9352867810835912,-1.9837536056285499,0.7913669895377412,0.625457719598295,0.7241954723699423,0.7288747332504265,0.638006584959822,-0.8766442580964433,-0.7597257480792263,-0.8520687571291977,0.07978843143232382,1.0397622896047818,-12.790954080655133
0.218156072186615,0.23371539342584038,0.19930720664111862,0.31711778098934296,0.23175428485217273,1.9318572963055807,1.9890816406690268,1.9403532044917764,1.9688049677522905,1.9603265976691429,1.5993594346534852,1.6305892203141328,1.643298386643711,0.3268524062609343,-0.3416184667703161,-3.9761346103322244
-2.4532710362366137,-2.4150559656446258,-2.54542466111615,-2.4464479206120804,-2.425902611247721,-0.21453593427581388,-0.2584799265385366,-0.21823982546634613,-0.19622781115116256,-0.28349758401278913,-2.047068194696397,-2.0705923317111607,-1.9986869909566376,0.22731379549231806,0.4663216491832921,-14.741263642002526
1.8586797010092522,1.9298812996577022,1.9283895562177653,1.8269582358278895,1.8608164761683483,-1.1588291820267778,-1.1648869967415074,-1.178482377629294,-1.3164097681668325,-1.115632392746234,0.44493105685851847,0.4841480511650199,0.5490926391240134,-1.0903921988074388,1.4222585085763269,16.860291345884185
-0.4825949771224929,-0.410178699789897,-0.40401962796184354,-0.49096033143217555,-0.3947793453792574,-0.08804119387721454,-0.11149228910003604,-0.14003705825220483,-0.07515657419286913,-0.08518141446593785,-0.3356353285151781,-0.39503786613513847,-0.37661196391797347,1.613358929079484,0.21987014237394562,-3.772724029506276
-1.483524134483495,-1.3470068098392995,-1.5149691884997287,-1.3378978076184895,-1.455450279281338,0.14253724935227471,0.22641478248122202,0.25236729178201656,0.27693961375279375,0.32166825481502215,-0.8981556103196917,-0.7821914827678867,-0.8722998823481611,0.8935422058891094,-0.11297047594906802,-7.29477151558574
1.0444300660851493,0.96186023508403,1.001118569103402,1.0591422701223538,0.9378467171458488,-0.01706167186293528,0.11817900748238426,0.19126163747454145,0.15043213921010914,0.1529584227992594,0.8297420199340129,0.8800735706816647,0.7835178988499635,1.358949951267116,0.19392147688393416,5.710010942289694
-0.3614291502578185,-0.3737936702483997,-0.2936570175743352,-0.4188957393628836,-0.2698420611907043,0.24464229716948624,0.25422976410342074,0.2724286225096078,0.25242702213018386,0.23284581370764715,-0.18798166213373235,-0.13185103014777438,-0.10985835409791478,-0.5283308891104243,0.06319360385022683,-1.9855876909860188
0.6296369821106769,0.5096576266158475,0.6628831162861415,0.6458048733062467,0.5406318809913094,-0.33878451607062166,-0.33538122566368567,-0.3692726006101326,-0.3407338158722544,-0.4408862790724457,0.11046848587891651,0.29729087534731435,0.05488532278456455,0.4165235447151714,1.2461649978779448,6.094447778608277
-0.04935595147948439,-0.039268789593502794,0.019132328133217802,-0.017764738286285518,-0.08075152910133432,1.0134878468466735,1.080496879106287,0.9933746704276244,1.1190451573992957,1.1390264999306337,0.7982418319547705,0.766193187720959,0.7795405591709346,0.1973684622346911,0.3108383975387898,-4.505766853597908
-1.6639782024546996,-1.6968116374848712,-1.6931864664945304,-1.6715181737409623,-1.6291948441104076,1.144390755154475,1.25499679003308,1.1878548096296884,1.273383745892301,1.2667946868398292,-0.3388920892393312,-0.29546118669127563,-0.35646061280765107,1.1280026262015077,-0.5444010195789126,-4.331868017606521
-0.5935381431026957,-0.5897473398532252,-0.6169286507757533,-0.6383018821540014,-0.6403024777684547,-0.5378045978500108,-0.5320285244725648,-0.5541318230869117,-0.580905028600256,-0.6341888088864288,-0.7869305829484025,-0.9323497677546134,-0.8651753933301439,1.160248131829619,1.0478490568897503,-3.752932491464411
-2.006651812888181,-2.0266123092226658,-2.035436793536067,-2.0663613026276093,-2.032059995881501,3.0090038309998506,2.9905041991345036,2.9614820624142153,2.994209896133372,3.056323107968369,0.7685998403584697,0.5815438690143635,0.7266679745551364,0.19305080295811483,1.230484356358352,-27.373403049889394
0.17079428428259458,0.24324732533669746,0.26848895758614355,0.22896527337543177,0.2362164746257176,-0.05903635360486842,0.023771800947136934,-0.13541853249752206,0.0317793976319658,-0.033043442055846174,0.10630589083477013,0.047419864940593234,0.13713251378062244,-1.5179511318432517,-1.3383306268204636,4.197982481747319
0.5025344810739308,0.5302383136173161,0.45127418663561586,0.46781194546059185,0.5492454621158711,0.6519648927118579,0.6339682331053822,0.5704265371773823,0.5067534528586115,0.6209890815588367,0.8400842882662403,0.6539199362207914,0.810917450998275,1.779661887087689,1.5327838847681055,-1.845539135103242
0.10330866199521944,0.19284808106164347,0.04481166444827614,0.17593942867124163,0.06842861253339777,-0.2461816140779671,-0.12222336485243883,-0.1147445762475719,-0.22197212928268903,-0.10673233657959341,-0.09126058948160778,0.030174049026191335,-0.07299701517831647,0.5559874336901389,0.36471177320848547,0.1055698691564868
-0.18480394298964983,-0.20092769909935315,-0.13464913699324615,-0.24862742159720214,-0.10916526603933198,1.059284846169363,1.1074287224430432,1.1487816422102344,1.1503733909538596,1.144315850685242,0.7599437624920009,0.6679299175043892,0.5869874507252599,-0.6084370413911421,0.28326995014659845,-9.122257121311106
-2.89769308584962,-2.840420337964385,-2.795587275706644,-2.7165613642883186,-2.9001591953678063,0.7054996179924566,0.5310097837566958,0.5787737792430431,0.6777326293836881,0.6556722853030331,-1.5416907658915435,-1.6453737016165653,-1.6283275329786349,0.40654213826669494,1.0066246315965148,-18.77281573407425
-0.00974883742492854,-0.005469137857782103,0.05115004914908787,-0.02333926106349258,0.02021604322405132,-0.36567642393745065,-0.303850792268475,-0.3354546910744704,-0.3429702698881068,-0.3454316771438424,-0.2765747921314607,-0.2624278451753422,-0.28253549399017513,-1.5110935484525234,-0.5669763910042788,3.5752310081575516
1.010776690986577,0.8600361376597377,0.8665745286676876,0.9151044257177702,0.8581737611158321,-0.7279181587030786,-0.7274749723652951,-0.7931624236709373,-0.7566636280878846,-0.7034140699059106,0.13227389525329167,0.1317208578184824,0.08546147721385605,1.055353067471044,0.954164514190924,7.919139809462837
-0.9410758612520708,-0.8489758593923948,-0.9258128158311629,-0.8814160094827499,-0.8544603319838221,-1.195339927251097,-1.3132349950945228,-1.2404214424497364,-1.3547281814987548,-1.3306401282436102,-1.573649915168161,-1.614845759750452,-1.602884889737524,-1.471211744279153,-0.3767754697378553,1.8163757158663936
0.7828699438708547,0.8051128968163592,0.7731531495214232,0.787761334013399,0.8263760227051481,0.8355016848148438,0.9195362104817612,0.9177305855019942,0.8759080121451637,0.9027137206206663,1.2998418547868842,1.3313395324880053,1.2379313583834404,-0.22083449203708258,-1.4749506797103382,-5.35044218412927
0.7075084254911671,0.6605621791118977,0.6892091315767755,0.732053416740529,0.6551957309051272,0.530190891091316,0.47312021466135706,0.5378514476900371,0.5677697838001451,0.4452535150294833,0.9468232526275733,0.8543957941228182,0.8797071223364847,0.2444544496055498,-0.9977562791069342,-0.6750619950001315
0.4259453279635722,0.38676063138268774,0.33639907059030366,0.27494922467118477,0.4434684720913252,0.8435883629567031,0.7717404919857453,0.6746343816071712,0.7289669145085308,0.7437370601793521,0.7529500526181923,0.8186404836260865,0.8684607317719026,1.0388397119820936,0.5670218329032266,-1.5404134932002225
1.1891044611717316,1.165388574074493,1.1050860318531626,1.0934682262398139,1.1741271202612733,0.6566457585160833,0.6432948515238559,0.706770509937255,0.6779598030529934,0.6545569609075639,1.3511134661479343,1.3694408137915903,1.365365932753515,0.10654467643437403,-0.9454683399946582,-0.0808375914791295
0.9537493186051615,1.0087553772390316,0.9448300331542,0.9704395860335526,1.048737432543538,0.01778634305613525,0.03851841665011144,-0.02557889947083223,-0.06288057852969436,-0.05696046476769029,0.7047685421130879,0.7706569242413805,0.7755798440485723,0.6349628736125502,1.6100761231896492,-0.28481448777026497
-0.11834460311782605,-0.1869969567530948,-0.12021745408701276,-0.21758891636516375,-0.2063984277282287,-0.7567584874266718,-0.7133369182471792,-0.6650610590265845,-0.6655188110611753,-0.7008201874337034,-0.5477598267437493,-0.6305419357190818,-0.6008770955767521,-0.02816690844955293,1.1892834534396428,1.3595854033012624
-0.10777163411716877,-0.05402514129856539,-0.10146327019175935,-0.1480404790836895,-0.16149359336084618,-0.7871355447283307,-0.7719281170860848,-0.7070555350450707,-0.7797352389672852,-0.768997967484992,-0.578537079841344,-0.5469793047667968,-0.761157324269992,-0.032185950944282664,1.333439166032965,4.71988648741341
-1.8060412604531235,-1.8417424256391839,-1.8854470701303137,-1.7796464351970116,-1.7991375754621681,0.22187734280667337,0.15638273121832794,0.2059182564780291,0.19774932749657093,0.22774075802189034,-1.1745828812515275,-1.1981157778496756,-1.1165172643059367,0.08547725034829733,0.12477857967741192,-7.458053025648672
-0.7592998336186965,-0.7744558958131313,-0.7095399122397523,-0.7411011995898157,-0.778297182147284,0.6662117186663142,0.6397221744682168,0.596241903055989,0.5421142783586435,0.5451673543460964,-0.033708524904498244,-0.15548297242681325,-0.034124662635319936,-0.1890579208523746,0.2578616172949595,-9.142596427951627
-1.4757089970706074,-1.4945665635700138,-1.4023111148295326,-1.5151380332905051,-1.489694597378608,-0.6685417140175912,-0.7152331846316489,-0.6856037305289288,-0.8052569514481505,-0.7302562793432684,-1.5700435240550064,-1.6382946786793018,-1.6833054642707053,-1.6865702430814355,-1.1937118542442775,-3.2684011045535253
-0.8492921770519989,-0.9744747015742751,-0.8906076267166043,-0.9261926192980987,-0.9936530076787518,0.8664825291821356,0.8074223305190363,0.7849933748649046,0.7883847595012363,0.7945786818440358,-0.07357944782767394,-0.11104667426965623,-0.06546743579033881,-0.7683234936966282,0.9957835101574903,-6.6634030042993295
-0.3084400648487666,-0.22727607417478396,-0.2833448122563124,-0.23283827735382184,-0.23457274651740503,-1.9070415741141749,-1.9550318405616722,-1.9473084938627978,-1.9699271039463038,-1.9192007081782598,-1.464267355380562,-1.5630882177949101,-1.632405628008694,0.24477484111169842,0.3798334550370854,10.591533031537898
-1.1362875657730247,-1.2300508588848214,-1.0360789455606465,-1.1710811903682563,-1.1917945428326309,0.11661658651164124,-0.023123061187566823,0.010928387180127543,0.16219033071973696,0.048316363762550274,-0.8270950928444871,-0.8671784480029731,-0.9229469605476086,-0.2491210034887189,0.5673056252922603,-8.221913714235487
1.2893912357950925,1.3337648050884185,1.226677241131593,1.3394284744435192,1.2507006352275207,-1.2604946213356139,-1.2120998140378285,-1.3172375999787755,-1.346455534768769,-1.3226416796996494,0.02556069018688185,0.01627462355708302,-0.0006490255734420206,-0.1558090821819066,1.688311811452882,6.63248524863249
0.17830077241678588,0.1265245169200613,0.17566239085946503,0.21350390266258595,0.13753272862753013,1.7555901880147242,1.7847177155291363,1.6849710644571578,1.6704768575021056,1.7283094776687855,1.4323461378144011,1.4835945293871422,1.3620455564120033,-0.3233536694387154,-0.60596298394751,-5.995896404073083
0.2028362940609792,0.2338148961033375,0.20815755814249065,0.2007002652069259,0.1884495612849963,-0.4566799364578359,-0.5183720574699398,-0.4119197740467261,-0.46621933298706747,-0.4346740772220915,-0.21507327580731078,-0.21766310708757902,-0.21512627581778587,-0.8635983927318178,-0.12614154987731818,-0.7097712818960913
-0.9323810391591582,-0.8695772364045096,-0.8576115086966245,-0.969731540027308,-1.1049231449422212,0.4748237762425045,0.5320119450664932,0.46143137087368,0.43428323399861907,0.4772167455985966,-0.34376491245402985,-0.38797447844463934,-0.3959776057440739,-0.49309946097629387,0.32667092154216776,-10.580329488037009
1.066784786979289,1.0502712384055761,1.0251863608802751,0.9745519043323317,0.9721349335843583,2.6428524306666255,2.6358725899023425,2.5951886516693716,2.5664697641323277,2.673613389937633,2.7443806836895157,2.732442901922295,2.637237704146108,-0.30683174438859473,-0.9354354054587067,-6.276136818934733
-0.4877013424145844,-0.4709496120102187,-0.5084471392115464,-0.5110049124040255,-0.5273061856544384,-0.10453084707228533,-0.024648741809936196,0.015947200326609276,-0.07219198855715811,-0.014219116293269612,-0.3732156139187817,-0.4267286540439799,-0.3747268726110656,0.005143140541849398,-0.18759882127683974,-3.9493784747192384
-0.7159547809537636,-0.6715425216810902,-0.707536693054003,-0.675740791230418,-0.633338314068474,-0.44502440915048747,-0.40869575103473765,-0.43044214729361824,-0.4383510200824107,-0.3648842571749019,-0.8575477880902789,-0.8074440599488668,-0.8113082475970206,0.3933783444697123,0.49294981046696934,-1.7268053344001573
0.12506063563354947,0.1159161496152937,0.12764603741972913,0.15813964981152356,0.10446079430650987,-0.7761718637722144,-0.8505248367343403,-0.7765314220464515,-0.7956350205040936,-0.7734943988402478,-0.4506795728514751,-0.44021748621848517,-0.4418693256164335,-0.1805502908857391,-0.32542127137283106,6.37756087600808
0.009131447512811018,0.07374844621314244,-0.050149656374969966,0.03595543117869016,-0.010558978336237257,-0.09319925906374213,0.040551120714546286,-0.017816823717959465,0.0887611493941875,0.025542230897941012,-0.04117995830691187,0.04055529183937247,0.02771775321557985,-1.0296552556924194,1.3089894097291122,-1.1331501991985142
0.20889188888088267,0.112456388657648,0.1498224156552643,0.14487521501526127,0.22454498104909526,0.8254039065942407,0.7450630333623727,0.8227998827136704,0.7877402162621634,0.7049818696276468,0.729465821833357,0.7472260835226834,0.8052216512768541,-1.3980820399187832,-1.510924561816994,-0.8301288511987186
-0.5950559303740521,-0.6770639682999936,-0.653420473614518,-0.6244044252264701,-0.5754930886307226,-0.24496192902342429,-0.3275300611247114,-0.36740114588380646,-0.2293947028684552,-0.333218775736732,-0.6384802767050326,-0.7106508541073691,-0.6170057658901718,2.5974372073752243,1.1227712402333418,-2.2100836266710875
-0.8208217306727751,-0.7450265199837813,-0.8529968563999104,-0.7711296514854227,-0.7331813967382502,-0.43605130222353655,-0.40281351437307833,-0.49491971715815886,-0.427061012576019,-0.3730648470157715,-0.8332650958779836,-0.8770346796370038,-0.894679960369889,-1.129815030264563,0.6611854748160046,0.3139592737566095
0.3736927583857733,0.20962642239250395,0.3121905519705739,0.22363799689521172,0.2244396410312861,0.12785371516127103,0.08976124346558081,0.10199813284444045,0.23960353569827816,0.06088862469435688,0.36468248329826336,0.2960004582814195,0.28829265342524457,-0.5186250012643829,-0.5688285875565908,0.9753865089029637
-0.11726443343052782,-0.17800637385273316,-0.15538682515087876,-0.17677281186157462,-0.10335158501494418,0.4399485543758708,0.29476171689903674,0.3579617713419816,0.23094339230276578,0.3639327109411779,0.23167735725354827,0.1468823613951134,0.19185251065434494,0.5170003025139351,-0.9244085682299981,-2.855376857679431
0.31586376882959777,0.17991401882115876,0.1886873916808814,0.16432233706411153,0.24039934190696732,-0.4517601927450851,-0.554527436906407,-0.49304934954938145,-0.5688436257884144,-0.49500697675059957,-0.2556322537552532,-0.16201677663375327,-0.20584761775254976,0.3608606095656809,-2.080282617242452,2.327625769100223
-0.1351509257558504,-0.1517106960500148,-0.13597816080136602,-0.16232267198083256,-0.13736986461083583,1.3589645706672417,1.3662749507451857,1.3263383688122667,1.4169675004524787,1.3469476960178548,0.9421276065340703,0.8744505619465659,0.8762626272892622,0.5208656925615726,-0.795175012413834,-7.099740882913302
0.9437955725968846,0.9129918591667875,0.9205461886599952,0.9407848830250015,0.9376118775489397,1.1998509546384688,1.1985609181143533,1.1487899888061244,1.1457373945784404,1.1540736321433722,1.6394923089461864,1.5549799742792207,1.5802563143158157,-0.44271706953217543,1.0471766550029968,-2.1183260011053995
0.22942334726123603,0.19960450841835073,0.10012658575636411,0.15230435013333743,0.15760024261426916,-0.5766823679228305,-0.6018592253324453,-0.5431830794534258,-0.49864564241915205,-0.5802982168218677,-0.32866782705196657,-0.28645635815859627,-0.364140232354222,0.23855807063954726,-0.05608572627867428,0.22218604831614996
0.6458923278702973,0.6325479044975586,0.6015649756388726,0.5730922404112875,0.6596327475047445,1.1702086747603153,1.27020869874246,1.1971176932331404,1.2178847229987635,1.126034206310253,1.3637458254443253,1.2202211920410453,1.2615389190810948,0.06134366424086365,1.1629808803918416,1.6873076890845353
-0.3748113863399297,-0.40133490542555134,-0.48003768004335423,-0.40435823723822517,-0.43568630858873786,-0.005476376917552376,-0.010893067024524278,-0.0039269924496720685,-0.022954974892605694,0.002044035551614386,-0.3422304187564365,-0.26645827142855394,-0.28696999123049965,-0.31213136754128723,-0.619871070624552,-6.3830062449016465
-1.3280522253232159,-1.3812056863045237,-1.2861106348673252,-1.3456276005057313,-1.3407440470138814,-2.183100117472566,-2.192911213085512,-2.1471361627778816,-2.206530081432694,-2.2155409573063825,-2.6606236007420447,-2.590010993805598,-2.632404245869151,0.2454097417713399,0.7071061601065628,0.47056215407606183
-1.1754311411781562,-1.1695865884374368,-1.133478779014614,-1.2136534472267526,-1.0868967806555858,-0.43744730774007706,-0.5225825212056392,-0.5365809148088426,-0.5334134798826687,-0.42729946676715913,-1.1953868143252866,-1.3095113670865495,-1.220534556664492,1.0553655467507066,-0.7174986020844216,-1.2596655536614167
-0.4591732906696658,-0.40507811512610353,-0.45058098807732855,-0.38073302074918064,-0.37900329984310394,1.49712536584203,1.3860394985732616,1.4487428744434787,1.348364446154018,1.451007403800491,0.7352489086198528,0.7133244433752796,0.6925640947537983,-0.02220022343532477,-0.9655750062098389,-10.489557235113432
0.3020810171464968,0.3490791497767154,0.24819225311441942,0.3418181460980612,0.2150046864957607,0.5210932251211449,0.6218448484435706,0.6985321015380843,0.529467333632786,0.5844272707356507,0.6914645587565744,0.60722838084963,0.6040969905235738,-0.015547153643574597,-0.10712721717067626,1.794045725613763
1.0338126016663085,0.9934719080234151,0.981907812671074,0.9306637051883272,1.0094009927997494,-0.07716669642883524,-0.011797169482013883,-0.04591528264925064,-0.05053551318703661,-0.14130054324324906,0.626255129580706,0.7291970159399974,0.7330382971980764,1.0681610348759842,-0.6649665113199965,4.47871451985065
-1.029400406426978,-1.041720914098668,-0.9876248343089832,-1.0594562148702054,-0.9757284016651153,-1.535093851976865,-1.5505350409372718,-1.580287408782401,-1.5488731523825827,-1.5022629862309307,-1.8162041944766392,-1.9102011911783916,-1.8888330829354945,0.9613603598188132,-1.5428221490372125,-2.895528751526385
0.4108476480783601,0.30794574973836353,0.3563143433633808,0.4171435839499504,0.40218220090067824,-0.7773477317108307,-0.8692487435574199,-0.8848604897595241,-0.8267623258301238,-0.8661484096447831,-0.40222714835617085,-0.3857732682134728,-0.35204145341150134,1.5839364409634833,-0.18231470071699332,0.4333386243378232
1.1417938824683398,0.9969027819734195,1.058305104837188,1.0618203691312658,1.0134983034882992,-1.1593281966899562,-1.1076061176835041,-1.0993000321404953,-1.098537363378949,-1.104664354378801,-0.11923008872031968,-0.026682748367367552,-0.024101581002672165,-1.7562302344795768,0.10643541643128884,16.33931241556926
-0.9014057438691462,-0.8222762143132991,-0.8526711833745805,-0.9665785952880678,-0.8884414597663415,0.534312289638674,0.6358252060576906,0.5853981794696457,0.5234121090687677,0.5560716681694299,-0.22999698210427924,-0.18084315162054623,-0.23099126138808834,0.9051191831693894,1.2683586114960674,-11.690179313139982
0.5311820243384119,0.6019269857102038,0.5428351129663782,0.5030439842915916,0.622755971315307,-0.48499895206605426,-0.516580869118256,-0.453298374295978,-0.43941737169206596,-0.5553664179405905,0.003806381979914425,0.07949931311340391,0.04500661299674251,0.6015800454021792,0.9368056771330601,7.823763028961121
0.031854463680668244,0.06774139288126815,0.021712920283783185,0.026404735367311007,0.0007851980918027815,-0.8648625272552435,-0.9249568845157939,-0.9226702197706058,-0.9263976182716379,-0.9265442760994587,-0.6468080382524006,-0.7488088955704905,-0.7183694049072612,-0.8856523977532653,1.2199431992328313,0.14992028005036095
-0.4721722547385461,-0.4939858604656088,-0.5918425100932562,-0.545705020662236,-0.5025376909812217,-0.1839900261449795,-0.2576181142193077,-0.2524936946113075,-0.1796850185007742,-0.17022447797103976,-0.46165875411468915,-0.43667372042475366,-0.4497173135153253,0.25158791799884483,0.7203574983935084,2.2310933968021605
-2.4604453265438977,-2.3638702385609576,-2.3855306643129266,-2.4548881643873672,-2.3554231853804466,-0.1712364806060647,-0.1035811028542427,-0.17986313393159792,-0.21940963454729917,-0.21255607672869475,-2.001013326470599,-1.901095762037422,-1.9842921418256463,1.0511217477579984,0.3326127589499748,-5.987436553887361
0.8129842074464798,0.7211681487738817,0.7603139625192107,0.7469938841873015,0.7429841109838831,0.0021596853911247903,0.03133404440129657,-0.06298902177962942,0.012821595175981026,-0.08495821344522471,0.5533387894249432,0.6037266463645852,0.5030458810029421,-0.8291589224854,-1.2289449064718925,-0.8789399168433043
0.04254594124736662,0.06910606003180433,-0.017330194030227453,0.0944553283731805,-0.014996108720248098,0.5905051925577272,0.45251677006319085,0.5106339154958274,0.5760828319025527,0.6839690694808437,0.339874596302534,0.44242151405274144,0.33749825517330034,0.4425624290228071,0.14987219793527454,-6.628029650189889
1.0605779623474654,1.0566684651859513,1.1535423590031904,1.0440829141240389,1.0147247420922831,0.6359022861684744,0.6258570972633442,0.6518825876475542,0.674681829718948,0.7187774615236175,1.3122463775277813,1.2802116013543292,1.2129071707337038,0.8713536757310174,0.5967937773308142,6.394729117338098
0.34475647567581447,0.386134413635274,0.4209027758888602,0.47017904184787884,0.4331879183485003,0.01304346960497476,-0.0337102626960549,0.07737391482094233,0.11873194777170847,0.005285636720938826,0.28952814850241465,0.256454767007044,0.40022544209671673,-1.071019562531488,1.4574379493704361,3.90963719623561
0.4964326362329337,0.5918499424201972,0.5104162484555492,0.6336614351561476,0.4955660266304486,-0.3589731828194493,-0.3024401768491462,-0.23053807255242287,-0.3341354436483257,-0.29288711161743064,0.11387494505908402,0.1382637368978129,0.19358012965587607,-0.142285692445148,0.6862885417318136,6.821688438735524
0.11081394301297767,0.11724528643308704,0.1396003515724103,0.16847896396649115,0.08439668230406645,1.4131758785558424,1.4073327555995545,1.4000097272586403,1.5286084339430517,1.4653463124347068,1.1955967384974004,1.2350916793731506,1.162628184015049,0.30096837664241116,1.2403834346054217,-7.437699682403719
-1.5007787837725597,-1.3763003645014718,-1.374246591639355,-1.3799112727955396,-1.3774874757153168,0.14010403620385076,0.13997158246428687,0.06036198486420327,0.17117323953762364,0.1998806436297002,-0.941281227433401,-0.8426632080783272,-0.9447639453284924,-0.7961315055429548,-1.031997891365239,-2.25694977274196
0.2153064516340914,0.16873850225469772,0.18440358042609878,0.06651012375993907,0.22963207217927117,0.2871415928121977,0.25449075783391395,0.21949691692050596,0.2610316146559186,0.23972519790188634,0.276308206027601,0.2611264045900514,0.3374869941475743,-0.8791531990935461,-0.32641762614809505,0.655469247218222
1.407462574453362,1.4134756125861365,1.3940824864393986,1.4384115099421713,1.4487476706904778,-1.4925286721330535,-1.5241670762800115,-1.5967795644941238,-1.6044253929344283,-1.5162951846443111,-0.18872783228992224,-0.21864359222221236,-0.11893949988047606,-0.1350446018627742,0.4293507136612708,10.797013951107722
0.06406262633814166,0.021326577501926916,-0.07556723595269328,-0.045672027750917964,-0.13379527804070396,-1.528813845591049,-1.5480849948108235,-1.558718790412913,-1.5424766836856907,-1.5667084640079982,-1.1751829318410765,-1.2331449866275062,-1.182828535195745,0.801639716903692,1.1609526907425614,5.294469948222987
1.6937924699724227,1.637609489701426,1.5653087429305625,1.5743433021698465,1.6373176233198032,0.027165944463829608,-0.033447971686274225,0.05728896957146004,-0.016906591181699602,-0.05252690279199081,1.2186950838752413,1.16326451341033,1.134024093986504,0.6437340011921098,-0.14522864583891965,5.36401441773119
-1.206228980376327,-1.1610151821646757,-1.1693594543316592,-1.109927333410189,-1.2121322787913251,-0.5593771485010741,-0.5558006189676413,-0.5108362427741623,-0.6278632529263879,-0.48863859266784654,-1.3132954290343746,-1.3260569518504595,-1.345793706342224,-0.8614127291863422,-0.08244595914915345,0.572237666120345
-0.30714619204498805,-0.2962393840082529,-0.39707656461895424,-0.2588376638450494,-0.36361449302089277,1.177532088136175,1.1869010106297804,1.2276313331893443,1.3047667644768792,1.170484909240193,0.5983710417054863,0.7011770488648443,0.7126642080791703,0.6521678851156861,0.6871403060029787,-9.721270009655585
-1.0061059833900787,-1.0055271990603467,-1.0775787322391397,-1.027471390232541,-1.064487127053454,0.21870404521404316,0.21794855579050756,0.2245217782679257,0.2234910271072872,0.1661783606948749,-0.5449987660367809,-0.5616565959874359,-0.5622758577457306,-0.8359397761665085,-1.1258708271451243,-5.6212050447655795
1.168300217091105,1.1090413254147757,1.1692493414856129,1.137460622155495,1.1550500466524882,1.5111138640883885,1.513400238635254,1.4025944064113005,1.45134856069118,1.4908706581021365,1.8711696382447085,1.9539977849177241,1.9343564542575862,-1.6101697979934344,1.607404549823429,-0.7654081270210109
-0.8522160885216221,-0.7690043980111195,-0.8086680084198363,-0.7536461430867774,-0.762052633146575,-1.180823173024791,-1.189545054892343,-1.1933897085095955,-1.212655547374329,-1.2427725566444108,-1.4705724315924973,-1.4256193020806995,-1.5003884648753076,-0.36714357104723133,-0.8791360931076848,-2.096316821561536
0.3537216824562834,0.427862239460722,0.4128485408493584,0.31839993075425005,0.44366654894050706,0.9539771835057405,0.9391667917104264,0.9415321537871199,0.872945279313551,0.9353821512316332,1.133187226542782,0.9275464886286736,0.995248680438664,1.1229693715857356,-1.918589423559303,-8.51472136299795
-0.33495688736982077,-0.3079010139752361,-0.32625321401460045,-0.32881209466562,-0.22199456485695904,0.13725332853548444,0.10663875153746555,0.17611793334694062,0.21586431604611683,0.17855828506439178,-0.15284449390973398,-0.13472265833893726,-0.10981773464434681,0.6559605521413735,0.0100670085225806,-0.3715543750655921
2.0141986647687276,1.8265404988161318,1.9243214788156024,2.044920186972427,1.913494043257313,-1.5461491458186722,-1.5422554463221154,-1.5627023808386102,-1.5620620129704814,-1.4775128307356946,0.37442488432502524,0.45251887538115976,0.29485033810819566,-0.0015718073731942623,1.698458702375565,23.448347673280836
1.947269587793537,1.9329559502330393,1.8120118694567446,1.8820463412632424,1.8581459525655186,0.1643484164842128,0.006569031873849677,-0.015292777679795106,0.032924849029181344,0.04719638841308197,1.4493888577568768,1.4399950813928697,1.4898323826592106,-0.4167054835910575,0.5864531303336101,7.223410711311271
-0.2860845789207133,-0.3639969556754238,-0.35110247159608643,-0.35074677693175277,-0.4203654752182474,-0.1260327340276675,-0.24012635933264168,-0.24527221043949665,-0.10356676196377117,-0.18665370041357143,-0.3569773635569803,-0.35809499477879125,-0.49658332039851183,-0.3897621361164312,0.751090543003633,-6.889118914708863
-2.161253692181297,-2.0216353158488873,-2.0944758445589486,-2.153510631458185,-2.0826364064390286,1.4774193900291404,1.4336353679158402,1.3421973758873058,1.4317543821707728,1.4592416076145884,-0.46079971989550145,-0.4569254500345341,-0.5138367227916847,0.10878490586079616,0.041385762307114264,-16.438855640282735
-0.3691269059211379,-0.25235250923210634,-0.25594496619962664,-0.1641235830126056,-0.24499505641693783,-0.41944262419404843,-0.3883982053320864,-0.46320705382356786,-0.3811810776700894,-0.3873882467388542,-0.4683082965786936,-0.46635874354785406,-0.5126060498166451,-1.0684374858458288,-0.15237749727117703,-5.78549805290247
-1.475317424524453,-1.5776663052663082,-1.5254620623869546,-1.4341435114186594,-1.4410813159255713,0.41650309143065184,0.3751922025855785,0.36054774206519485,0.3875597300326242,0.35117466158074206,-0.7815691505142361,-0.9143217891155593,-0.9373633632998516,-0.3481073452012972,-1.5449093695931155,-6.0208368995750545
-1.3364251180114315,-1.2975093120695758,-1.2928632608206505,-1.3392087491202063,-1.2828415505063313,0.1736808295435281,0.23804994180958788,0.19705647400090645,0.3025093376855601,0.20875009423586888,-0.8240234038264934,-0.8334037017332437,-0.8912389423994999,-0.21556946135976882,-2.259386257904186,-11.710649116242337
0.30366845266395204,0.3522867916302587,0.45573491946092215,0.4119577459028382,0.38438498790941883,0.03283183072429863,0.0816710516749566,-0.007716314288378413,0.06500939527579556,-0.054674575834227135,0.38708864473168864,0.30962984693641704,0.34278896415325494,-1.3510744584514975,0.19627233844086328,-1.5578740667460775
0.4707318579254893,0.4871490414131436,0.4539563613310594,0.42945396823931786,0.4635684142714256,1.6201089270942517,1.6518731754994016,1.6872188477936665,1.7045003823593656,1.8161480342427303,1.538921248220508,1.6686290462231426,1.6060684580881202,-0.8384482508975749,1.312549194340226,-3.450617340096529
0.7234288294517066,0.698317413257747,0.6550659161864093,0.7145172769923417,0.6896554159638206,-1.3070787897463396,-1.1607283283250984,-1.277829962286366,-1.2672509965220535,-1.2488350642096901,-0.3503876058053183,-0.39907686627497235,-0.322803709903942,0.4105067914863815,0.34413370482806543,6.383239741545957
0.44268310738029465,0.4966779455417719,0.4347296897419542,0.47427011784847495,0.36519790031995014,1.3780661076622187,1.4027311476735598,1.248281955483545,1.4042103994671853,1.400666468249437,1.410682729425817,1.2872400451613424,1.4468269367856803,0.009511839940994225,0.6235995270520134,-5.902853948089765
-0.32029754830612106,-0.3369492185817249,-0.2684377910091578,-0.2568198504163333,-0.16188854678025197,0.009683806991114804,0.02025256311003912,0.07474237258956391,-0.01767235096538958,-0.039158519809706395,-0.1847166815033901,-0.19813217976127254,-0.19798431863966282,-0.308761791193383,1.5837175456395398,-0.1572995576047278
0.566321448430303,0.5759899648490057,0.6448909039647608,0.5908854824229927,0.6002831109426939,0.8262527518496461,0.8133838566008262,0.7882028830683991,0.935863636907214,0.8067179076144542,1.0966428434571496,1.0006026396630059,1.0564557845251787,-0.9114274375379638,0.32876685144105805,-8.349630530238459
-0.46506917849156554,-0.5147911301428582,-0.4779472273299853,-0.29976973005210295,-0.43603962497039694,0.3264903794744203,0.29873655953078415,0.2319633146769507,0.19130758205870094,0.366288996626608,-0.1475447124386367,-0.20375402472928794,-0.13961818724627204,1.576849825589217,-0.12265510030761952,1.8977051040548818
-0.13022833949153967,-0.027751244798295598,-0.05787929454308714,-0.11422217214506827,-0.03206778468060231,1.9206158603584012,2.015040400650623,1.921991091443724,2.0014757708726996,2.0417541841393545,1.3300637183871413,1.3818044698426561,1.2907583212845106,-0.8379792146793185,-0.818524805650065,-8.58421966285183
-0.37615717826968265,-0.31447958539815496,-0.3235052723233631,-0.4259533121419868,-0.30495259539083086,-0.6527319888335698,-0.6558723781832814,-0.5665681981813695,-0.6160816186850867,-0.6926248376107932,-0.7077320033451913,-0.6769921588762412,-0.7738453460257707,0.25159280726173744,2.022212562972086,-4.007580224467469
-0.14609896930650712,-0.1473727135058193,-0.221791864893639,-0.19181747459227091,-0.17919063883231942,-0.5408997993557997,-0.6751644864036191,-0.6097329395534885,-0.6227749014225982,-0.5416937413710933,-0.630977758958898,-0.5184799860896668,-0.5763842729227235,-0.48786908807379537,0.5265477791536803,-2.539762335700522
1.3647067813567804,1.3487038058558023,1.3496437126486012,1.2702234410099418,1.3170607974759203,-0.5638464212180125,-0.643417509212231,-0.6117206517150633,-0.575833220198687,-0.5107402736946983,0.5368326466495492,0.5975721044013317,0.604226892579836,0.03627929263833515,-0.9436017159193308,13.885988853037592
0.965540995643417,0.9778766498845155,0.8838543124779712,0.8825148918447764,0.9871105396611611,-0.6061562053319458,-0.641001245650366,-0.670009815039205,-0.656201874978028,-0.6644589575864183,0.1638977211622221,0.2576198660346938,0.24050219546074972,0.4576097419403723,-1.1711676678012368,10.365966480679232
-1.9213560509189127,-1.791381671410814,-1.9600511420132136,-1.921664359536142,-1.852313084799671,0.9505298185478168,0.8765910419733305,0.9318764674905872,0.8916207747009487,0.8633023184858356,-0.77812177851096,-0.7306022719468682,-0.7988777839745512,-1.370256589207886,1.2530637269289127,-11.220502903673179
0.6851507550064149,0.6799712002610976,0.7125632335078111,0.6481164678416169,0.6537314081587279,-0.021130806450478726,0.04610769838358447,0.009910942850548487,0.04400863676923416,0.01281221047355869,0.4916948461328986,0.5265923896750945,0.5683963449555458,-0.006616244153488004,-1.0374416964083255,1.883170499206043
-0.49553774960258423,-0.37975223809493724,-0.4058782343469806,-0.43441540237794446,-0.31573271671207825,0.6470368172192642,0.6461034793784969,0.6429158572280704,0.6729481146775051,0.7506315293312124,0.07661900932458907,0.2303440325690821,0.26961970225867604,1.1907286489798454,1.853834157502221,-4.353575732794155
0.5641161646431295,0.5008860164897896,0.565306351829921,0.5811032789711306,0.5698599332650092,1.8639972102431674,1.8197687325064928,1.8305494809827478,1.7259190871824477,1.8378040458401066,1.8276085910556932,1.6716587221381076,1.8394969755061457,1.761501893492003,-2.756462797090711,-2.9242420753792584
1.607794831610871,1.492938898140276,1.5354571973697753,1.5110424931659259,1.5728429143335743,0.0014084904228884865,0.06503440074586311,0.004409083123437116,0.11412788435521046,0.10643867113583862,1.3161140516445298,1.2106523763095272,1.2545779252238092,-0.13001397325513103,1.4225951977899767,12.312295415227048
-1.3375045510541455,-1.2589072797973748,-1.3126179468852301,-1.2727736731956643,-1.1942019000680442,-0.19518421142598025,-0.1220469392900855,-0.18766630491714903,-0.2624463392466859,-0.20107163778782203,-1.0332919518864019,-1.115850063292329,-1.091565101458977,0.04168120721690878,0.48689481116196437,-2.890474938643126
-0.15046804802454525,-0.06597498702356214,-0.12343437945687431,-0.07646002563361075,-0.12007722330041576,1.4796502931040134,1.4113657555049761,1.451871439351211,1.4679131918917714,1.3639451635040873,0.9583778690821578,1.026669195536076,1.0223207730439092,2.211333028601533,0.11859442305687404,-9.999264425304649
0.004970838481754645,-0.024298541666330456,-0.07313956570449459,-0.04980062669282315,0.0043630998954539355,-1.162744295101851,-1.1826028906583892,-1.1347945489760796,-1.1160489038139374,-1.0801918594397137,-0.8878749943652322,-0.8924954398422644,-0.8778497426150386,1.1349242815991982,-0.1754584350417629,4.445346432821112
0.9051851523138095,0.8307471941268291,0.9120916384925053,0.8293157256571991,0.8830443825177411,-0.36876954552760005,-0.45350622817574493,-0.5121485307219833,-0.4460356596264281,-0.4588020329521212,0.3052386240907142,0.3278353219047645,0.35186569391747324,-0.6172845692552189,1.8907298485940296,5.181281417887595
0.1665895086416623,0.16865647723145105,0.12120222221367159,0.20728873876131557,0.15275768526666716,0.39612617511485904,0.43173077641978574,0.3586468077956826,0.40181258802969866,0.42590808352122284,0.4494827681643507,0.36972709525831254,0.4632522811122382,-0.6189834508861229,0.7070588584012034,-0.9114730703660872
1.1393805657677514,1.14725524868883,1.1642038186826171,1.0769146922000352,1.1766956653733462,-1.0503058574668784,-1.0403852237505502,-1.0465380501944188,-1.0474687809192462,-1.1045360259856132,0.11345955381751197,0.16615150297181622,0.1092356032491531,0.9565494617872686,-0.9032036088954514,13.956614574156902
1.034435979733272,1.1476307096395173,1.0807685574517139,1.0136368614065472,1.1391595661866336,-1.62619542121126,-1.6373225691174027,-1.689832247234851,-1.627886616018351,-1.7096117317683457,-0.45230847158989407,-0.3788896440562889,-0.45325617382609446,-1.0110371300457306,-1.7189099560288814,7.5362445787101
-0.4737989329918826,-0.5538337217162201,-0.45044978078924813,-0.4616649730174018,-0.5267737670414576,-0.10231239676444706,-0.038768654136222915,-0.08469822402298471,-0.07269514518295993,-0.056348098374890715,-0.3258473334291306,-0.38214435875949704,-0.4140985860542245,1.087726751338853,0.1772972131473084,1.754902314458184
-0.36076333390068743,-0.3988201570745383,-0.4794387044719498,-0.43826642187952974,-0.34698529647418075,-0.6272185732638705,-0.6667079725322762,-0.6480071094878946,-0.5555062061752145,-0.6831593741786494,-0.8884133620781034,-0.854706792901056,-0.7647175694184737,0.33429996375100834,-0.0010711335374141854,-3.618392439666331
-1.0190157188214288,-1.0661547568261356,-1.058816977900723,-0.929672635177042,-1.1032483140942826,-1.0233671384070493,-1.0378670738083093,-1.0111290695124289,-1.0108461622935567,-1.0021937799041434,-1.4852331702638792,-1.5598317396704982,-1.543223537689237,0.5177207640270725,-1.5198680373755091,-3.027654432031731
-1.0924682823599088,-1.055259159128816,-1.0486942561481454,-1.0834495896073828,-1.156259528585081,0.7060827266766072,0.6054410638617199,0.5878322203247959,0.6451193848955423,0.6195448212693472,-0.3427969553404875,-0.32655710125231563,-0.2930697108442036,-0.2567338034800533,-0.055393525482335705,-5.437771700138874
-1.6234122768127175,-1.7030163222207606,-1.638044862767189,-1.5985294064881619,-1.5738050635658878,-0.5951158018352544,-0.7146580795461228,-0.5969793476071876,-0.6402760805887305,-0.5856822940989417,-1.5873183760350889,-1.7170848873007787,-1.6455064332574927,-0.6298248042464099,-0.5739346330742002,-5.878317539292588
-0.9326618547801276,-0.8986652480553866,-0.9062750322858991,-0.9418808867619962,-0.8964439420428704,-0.5059469802272742,-0.48405617067127904,-0.4195114271089442,-0.4002844442310514,-0.3730960035269071,-0.9948556254519374,-0.9901542072804815,-1.02684572526534,1.4619928308683203,0.009290068306694576,-2.2882140003709295
0.7035702652054592,0.7778182142091905,0.6951546869925924,0.75908234489772,0.6929227429444268,-0.2983396000810229,-0.2290510753562299,-0.2549535549486749,-0.32584625165453807,-0.2682991797787715,0.35430085940750744,0.26425050612833373,0.4417361414476487,-0.24673728055347494,0.7259236116484019,1.1197235474313016
1.3924153643974675,1.370461472213877,1.281010521417207,1.434614210701059,1.381615819368667,1.6809001715111567,1.668217655519179,1.7320000802021456,1.6562218783837255,1.6557913235773478,2.2005033079255356,2.188511440026931,2.1951113342877253,-0.41093507657386175,1.4926099474640355,-2.879096314018832
0.09234031159236057,0.03133080934678324,0.08641263353877954,-0.02514740546950893,0.15444475768663835,-0.7710693179278384,-0.7604250403792481,-0.6900316337802916,-0.7713547577452783,-0.7586797242352684,-0.5040679706271436,-0.416225632081807,-0.4305859622225,-0.08013706787980918,0.9088890363692873,7.424485449625083
0.49726906259915243,0.5088658094823735,0.48044608222773305,0.5170692128810536,0.4948752471226203,0.37471972064656134,0.38239165714631773,0.44412307760394,0.4337492512021378,0.42844577461598443,0.6014990935582887,0.680612919707897,0.6803449773851573,0.19302213271794288,-0.7214407498302056,-0.8890925133538494
0.5691592865454197,0.5587747786726127,0.6492493215320294,0.7247069244132005,0.7478687329130613,-1.3771448924721035,-1.3812729563857777,-1.5788541252002166,-1.4373113669655289,-1.4272071868596137,-0.6351846227124708,-0.5885014632300255,-0.5976344423792508,-1.0308251267194486,0.3689151288291944,8.73200689556062
-0.8829821993519542,-0.9607957587035014,-0.9521530185818197,-0.9340558849882251,-1.034360686492094,-0.35539973925028845,-0.3615956131266871,-0.28582545371883517,-0.4167094300628675,-0.35526216038759184,-1.056669527946328,-0.8681610027031673,-1.0118123985036178,-0.5648714942069116,0.06310712149202398,-0.888185452118075
1.9291192525614216,1.9473547703425325,1.9061378822564976,1.9784127634564084,1.9305752879877212,2.9570454975495646,2.98958531960989,2.994160554328689,2.9547901619510775,2.9422523044653364,3.5277613871338227,3.4571125511124556,3.5694972205457756,-0.6180320739060579,-1.332128954630901,-4.93391462268702
-0.20168282965273357,-0.13420169143083135,-0.25520591428143063,-0.20549739526084057,-0.1157103709733183,0.5467717980942752,0.41909160944639684,0.6081007979421696,0.4536383396131056,0.5135423594051237,0.25061164491513616,0.2051507650927083,0.23572834515739266,0.8452803046068483,0.3982327846922724,-3.096719640952003
-0.25454300159523524,-0.3038750971523105,-0.2102123972986193,-0.3062366189875178,-0.26006704919906976,1.6866953383695278,1.509330775535789,1.7673240177033829,1.6091876774873317,1.7703477977934627,1.0471893637128173,1.012121952661222,0.9692657919860461,-0.8859625679998893,1.856672337917714,-8.862816369062077
0.44797739271756415,0.4241156058406824,0.4646438353852229,0.4745321697562539,0.4626381483045421,0.711053988725366,0.6468174408436423,0.7115451733266026,0.668984163526013,0.664932201512331,0.7156006540522788,0.8574847004523684,0.8036863676662155,-1.7557678577580538,0.03242660418700401,-0.3392604362815431
0.7578933008205797,0.8292728610548412,0.8318728239630915,0.686113921478193,0.782471401345574,-0.6257929083812274,-0.6576288099056514,-0.542457784710558,-0.5574374485848435,-0.5513277452474085,0.1483205345936723,0.19896393790729416,0.11499096074102805,-1.967094562906154,-1.5941826797254006,5.218924222346787
-1.0831316771971244,-1.044177459438209,-1.0869511048340914,-1.1035554127156202,-1.0229392627687472,0.4503726224063194,0.40690358395356224,0.4849608290214906,0.44088071628889375,0.45367968529599395,-0.4342866041049213,-0.5057574370951592,-0.43315751319708884,-1.4703801346757173,0.030268671108619073,-10.579393411427882
0.3463307951898869,0.3188684429327703,0.4502847179551585,0.38004046887509213,0.4756719471768949,1.6624594536131525,1.57566295962893,1.6904739987168822,1.6559142327774508,1.5830773727861085,1.4844400999807843,1.5424834257567235,1.557899733436006,1.3615382028481113,-1.2137121989732502,-8.324858126060311
0.6588816918337973,0.6744360641287129,0.5701623346366498,0.6764078767145134,0.6654282446270051,-1.1059806067959537,-0.9577458022115718,-1.0262880954134384,-1.070367426847545,-1.021174480153372,-0.32776088667165126,-0.3162371927488466,-0.35741723819752325,0.01620659948405166,0.8636055068862878,10.294758402404742
0.569203625770571,0.659549227994004,0.6833642616004721,0.7043685249716913,0.712763764227158,0.7894802464133643,0.8266468328531671,0.7280354780020802,0.735091298067424,0.7523883212891995,1.0606398505638344,1.1418298890987035,1.1668632942345913,0.5012490868072027,0.5248649917251288,-1.733259322080201
-0.1294414808284516,-0.007896726866009868,-0.08581799348445512,-0.051817467129836814,-0.11896278711850025,-1.384869689702491,-1.4336871080068352,-1.457353104347526,-1.445481548187171,-1.378539676530921,-1.1396692667260744,-1.164263233883316,-1.1190586506964697,0.5364877271213292,-0.17091005347474328,8.316820425209055
0.7420846048898702,0.7911004794016565,0.8473235305405752,0.8870691501865821,0.8344754563876151,0.6043069926877892,0.5882943230329216,0.5659420452704098,0.5290697503159425,0.407296743684077,0.9940751977830439,1.0197461457851387,0.977160656491521,0.05618391839232033,-0.3311642658558212,1.4737907890847357
0.04298151818236742,-0.11155018783788796,0.08218370432841696,0.039077532185823376,0.0002842062157243641,-0.0018647793226443353,0.025134880038719568,0.010454379915345516,-0.035404785141735805,0.002352581079996369,0.04847696832863798,0.015277426297567547,0.07767353107680473,-0.07478129665130821,-0.2122343016155467,-2.8960697201616226
0.6563709761788145,0.6778411921096673,0.602259983631394,0.7239835826693852,0.6445813603881009,0.3631907424860773,0.37704044752049864,0.33759619886194897,0.3959318394955305,0.456969096027434,0.8992453666011198,0.8366624737926329,0.7615382313015948,1.0445264298181407,0.008274494342320363,1.3721345809568786
-0.5160679111935196,-0.4851549167001027,-0.5339576870648411,-0.49929367840259775,-0.44897205594348605,-1.997878982761144,-1.992101977364954,-2.127229155137431,-2.0762560311879112,-2.1138691705591492,-1.9127494296224365,-1.9017034946054858,-1.879651267578752,0.14599591431263995,-0.7722350213415422,4.349223928148677
-0.5070244679415128,-0.5394291645883066,-0.4320293691536457,-0.4520023808366461,-0.4494963871717225,-0.7604595207118843,-0.8751244822353782,-0.856695109272706,-0.9114372400088061,-0.7996479799601219,-0.9550363856691386,-0.9412516804866551,-0.9593431662466713,1.3990974792634143,-1.387753081001437,4.177073636365518
-0.4310236955950051,-0.4213369852165034,-0.26750093419583576,-0.38569163958629366,-0.24206904976568458,0.9487063974186709,1.023101924220969,1.0473265426434983,0.9848807303046027,0.9729012425153394,0.4649617239204829,0.49288719077239695,0.42670972429599946,0.6208299452898662,1.138698946694648,-7.044038197989643
0.6726093502177823,0.7871517442264487,0.6424867403073795,0.683613380922275,0.6590611753999395,-1.3578536080888264,-1.375036415347323,-1.218640937099359,-1.3544766839757003,-1.316098088899951,-0.5120381933179543,-0.4504075474487336,-0.4414706199799444,-0.617796273481028,-0.3854009764969582,8.105892431329604
0.22066040808673884,0.23290747396447306,0.27774481056835987,0.22712806384151757,0.25117259870115005,-0.33955044818471297,-0.34061608940809324,-0.3049849015950079,-0.33923087870334684,-0.3035162342519211,-0.020706835432471635,-0.03127099523498438,-0.08993369575335233,-0.4971340238699362,0.16704310416914414,7.85147642610521
-1.6716055551765967,-1.6508755224345932,-1.692772044746328,-1.6386019023935006,-1.6821143252813933,0.4196882025780819,0.39786965299528376,0.4410915352623441,0.35541843299460457,0.3981230172008948,-1.0758519636576764,-0.9467514561501211,-1.0291402846013167,-0.7274648064542795,0.2852819511674943,-10.29451772385661
-1.329299205857569,-1.317569762919777,-1.1879244918135428,-1.3416442285871581,-1.3169272061943547,-1.4611946811684993,-1.3624184788112632,-1.4502820055651744,-1.3906596531999438,-1.5479590203012146,-2.0390735889619314,-2.033433076206989,-1.984967624232201,1.2175480219507155,0.3220204796552139,4.654222272337292
-0.5887470868695951,-0.702315368950807,-0.685161307356412,-0.652746036744559,-0.6006920546270289,1.4910060154197915,1.378792629748585,1.369937201535376,1.5372346277840674,1.4082200474340942,0.6740407081725954,0.6156400840886598,0.5728459038054096,-0.40505095294555277,-1.1738179970984242,-5.423035246854575
-1.556826157847496,-1.6305029720530946,-1.6172590074798314,-1.587618721956974,-1.565600658357717,-1.0962050482930952,-1.0907425767439167,-1.0834592469953614,-1.0267291493006308,-1.0119314312067882,-1.9914223936985558,-1.9754340625187434,-2.034380686912887,-0.7984727967996325,-1.6758401645518477,-7.6638985738241265
-0.11879497902019498,-0.1613834970541394,-0.2293804707179372,-0.1525304797689848,-0.14240473563344552,-0.6266076116197576,-0.47973881033736365,-0.5338111522596898,-0.5984242407652368,-0.498425795756421,-0.5339717800416024,-0.48045020829536866,-0.433299521850222,0.31977804112682007,-0.5886925246919921,5.37494163599553
0.4560729084483437,0.4566996874257491,0.3513650208323319,0.4539990285515113,0.43702061286499416,1.0403338214907079,1.0782947379272032,1.0366762507655536,1.1367886750512897,1.148935653733552,1.155464924170942,1.126068504056582,1.0736100914884934,-0.09716710637250317,0.3957115324169533,3.362948668508359
-0.3289202649818351,-0.34751225527495105,-0.32690711084374063,-0.29727732687585845,-0.3880344445235632,-1.2565836944522812,-1.2507300492110611,-1.257010558509205,-1.180959279259248,-1.1756129220772715,-1.1347542705399292,-1.1791112612615093,-1.2958936751561612,0.29456851257516387,-0.727949867474313,8.69987221791663
0.2352332225272312,0.2604798948360237,0.2542413710611148,0.21690341054943763,0.22475638667044967,-0.9293629778949031,-0.9633777650480073,-0.8934999919054327,-0.9146314543346833,-0.9326832364074199,-0.4819031214786544,-0.5682975867680126,-0.4612918194913325,1.8898139038938433,-0.3549213536992336,8.661139644226212
0.32699249670712754,0.31909263990970077,0.31235664058528106,0.31658842475737264,0.3302916591929351,-0.10414989717490285,-0.07576065139650004,-0.003568974579753706,0.019926574024848022,0.07894215626154585,0.16653385299495982,0.23996263520833788,0.19140169951154745,0.9130708059288597,2.1272974137495684,5.672820197106299
-0.7368511205724911,-0.7837708763624341,-0.7258802724670536,-0.6506091704615079,-0.6608912411912529,-0.3096631272894198,-0.15662862808431613,-0.23278667171379566,-0.24646443539781288,-0.21765669500288343,-0.6694170682764986,-0.6831716197896143,-0.7031099902909915,0.027010554301906357,-1.8454238848045357,-3.561651646908672
0.8374717302742779,0.8699977301466444,1.0006034622721103,0.92264560785908,0.7786640585002256,0.95778242776917,0.9809114082998686,0.8882988977053352,0.8901745712450855,0.9353534412671136,1.327710957080238,1.3979069427710318,1.3320884024264674,-1.4084233842060085,-0.7550339959104986,-1.7355777226898361
-0.8724306495290808,-0.9805039049489106,-0.8959440740843612,-0.8044154066692731,-0.8990266310772274,-1.3768200037530878,-1.4029348075283512,-1.4458466783001316,-1.4597170142666547,-1.4533847856311037,-1.6609687366030508,-1.6982200553273878,-1.6866445837468058,-0.4999624972086356,1.8966040685739283,-0.23531520260639094
-0.12893400627994034,-0.18178394416505284,-0.05375985323833907,-0.09337236014753839,-0.07205057032908888,-1.3143530867429194,-1.3829223751524276,-1.3749774388640044,-1.2906979154113658,-1.4899992139780744,-0.998995288399394,-1.1600781115683128,-1.110794194737377,0.7110461025453031,-0.04459867199522342,-0.43310153964637
-1.0045534448269224,-0.9168004787423452,-0.9862277444581176,-0.8922243582282,-1.0454447918588954,0.2562896321359195,0.13774968716650848,0.2580443590356672,0.12234996674842308,0.2772549133414608,-0.6879618676622148,-0.575605339343122,-0.48387728614949993,-1.1710410396618163,-0.7059851654989105,-3.0538160529983154
-0.7550778033619512,-0.6602996620636228,-0.6708890469183605,-0.7330983170588246,-0.7273305898187109,0.12718435177500043,0.21467034983617791,0.1395894364232228,0.1679558926290028,0.24771792798462125,-0.375888303178717,-0.3914381729944195,-0.4552532008539686,2.140970296330354,1.1687689170111202,-5.9542520098160985
-0.3380859100349361,-0.2609421230634524,-0.2699840385625315,-0.30341749854585365,-0.2920667817965599,1.5320941696020918,1.614941105010235,1.61540666720358,1.5914866804506207,1.539004113842944,0.8944711891333572,1.0184030512524185,1.0035016318145948,0.014416562635548644,0.05523043648111129,-4.042822653641698
-1.2954663096922416,-1.3043746003189713,-1.2551280992177043,-1.3521249677124358,-1.2744006937737427,0.8130775277342106,0.9035276388535752,0.8027501919669874,0.7625970847868252,0.7768515825661205,-0.20680474406740762,-0.4324078505595659,-0.296788123140067,0.04884839320948488,-0.348308395044006,-15.184568929931029
-1.0828769989747808,-1.126245671348691,-0.9999051977049711,-1.0072067142200607,-1.081255647063905,0.8095937621470137,0.7270596925845902,0.780033788223287,0.7556626815752617,0.7826191387727464,-0.2540461781882398,-0.22858097565098356,-0.2686225395400992,-0.6666451929579779,0.1923689270375111,-5.937104221419409
-1.1110569417067873,-1.0795549033165182,-1.007558317772976,-1.109616558385997,-1.0744455464072828,-0.8516191997035255,-0.8304990339035263,-0.8251010139973208,-0.8680152232517403,-0.9196453325706561,-1.3907146769898056,-1.4023495782914088,-1.479220061344965,0.49673775677571846,-0.6581088093827662,-4.483630186447255
0.2836012684959204,0.1781258468556599,0.2647578776543271,0.2515939162970126,0.23015624015431377,0.4231992977656589,0.458325263175697,0.490860401639918,0.49579434438081066,0.43614735991398895,0.574314267265875,0.5430057159815438,0.6269388209541276,-1.158001806522232,-1.0174910628880784,-4.503259941040401
0.372896812319365,0.33420969198057526,0.25595052808453855,0.32564490778532273,0.39255925620936866,-1.303492751139702,-1.252281193511875,-1.2889078443777047,-1.3312514467539254,-1.2706664020843745,-0.6951975742040101,-0.6513119446772146,-0.7045863828688929,2.1648925891014574,-0.11359692763474837,13.515509711728829
1.0126852821344823,1.1437270097152188,1.0930600316437564,1.1458687552228919,1.1972642286886974,-0.21940564637892526,-0.16909587741146812,-0.21851624801933775,-0.20716960971745355,-0.23397517833758869,0.6120368214929506,0.6267876483943297,0.6278062768142936,1.3173513046520113,-1.0109969600760071,11.290193102719893
-1.4218033482168515,-1.3831868592134753,-1.3194007492076818,-1.473333810463803,-1.3725893015908484,0.5129029279484645,0.38493526241211873,0.4565346929622581,0.5422103473391917,0.46912145616750434,-0.632512963921483,-0.7482755692375405,-0.6674314744535337,0.9842964451970457,0.01069331179648031,-9.881010791037664
-0.018541533869759957,-0.08005320378227299,-0.07061454948133086,-0.12432231067099292,-0.15522005475246226,1.106501060007102,1.0578890681648971,1.0935363064297074,1.1116143178096487,1.0792714950070257,0.7913105430187497,0.7230926475032683,0.7452507016867853,-1.3904290057898094,0.3544065674743389,-5.149235847505066
0.4866824958571776,0.5742000473147252,0.5915365082016032,0.5584587578082233,0.5652292387906772,-0.9614684456434077,-0.9968416084596408,-1.0043407369758164,-1.0091678951270002,-0.8972051388312101,-0.2213616845900826,-0.3540754885823113,-0.40839807234041603,0.20541327045775085,0.8530604560516108,8.79058198560265
-0.14462696786294446,-0.2613395485370674,-0.09353942491006399,-0.23732304624820547,-0.17453770951088596,0.2305817162658063,0.17894466102413842,0.22535773632615122,0.1514811301700107,0.1988878899543082,0.03844023165455897,0.06984848049349064,0.12302052212434973,1.2090863980140045,1.1279249855168274,-0.8254534462038448
-0.16772387775854436,-0.09192640383240383,-0.11395077009528566,-0.166769252153859,-0.1171411987448166,0.7889880857874862,0.8040054454823987,0.7797361744300931,0.7705354187616921,0.7932669628054991,0.500598184101187,0.44945460919711805,0.45970166509988863,0.5931053993577392,-0.40573650163225167,-7.104380067746636
-1.5213647268643284,-1.5664456664381192,-1.568339327295153,-1.6315927014330494,-1.5461623973788727,1.6963856777060737,1.7181389943162793,1.6728510072339848,1.7404942844849327,1.6984482351823964,0.08674518414395466,0.054959262074322696,0.07996689793139819,-1.002109104633775,0.49941460793906933,-17.81300690361157
-1.2908744806980859,-1.2122822795149393,-1.3494151769394822,-1.298847465960218,-1.2217701288559775,0.6708656975574802,0.6485584792214769,0.6322353452297826,0.687502318930912,0.6829295613085721,-0.4361425330580474,-0.3333919895603203,-0.4089992102859787,-0.6500937553086553,0.4925234462063564,-3.9566481632505512
0.16065753193777774,0.2379252336525211,0.2845210149949543,0.2592393130505305,0.2578832243681075,0.28279980556518336,0.28978724394082,0.26255850783647766,0.31471115640253067,0.24879174634042692,0.3383035944173189,0.43843494163238905,0.42165178089139094,-0.4519361380059906,0.3278187158159839,9.481762668489697
-0.7637182417877251,-0.6785566818178849,-0.785315182448254,-0.8428041842122228,-0.7735249701745227,-0.6694324396573155,-0.650298562047484,-0.6512135363005939,-0.6115211521111716,-0.6511951435447446,-1.0278141929856415,-1.1250903705648192,-0.9339594879672858,-0.6034378344886075,-0.47945941095045846,3.3895855405789037
-0.7964175451326643,-0.8339528802359183,-0.7814235752245379,-0.8642883840500082,-0.8350494752101815,-0.05975480429476344,-0.06372920022906678,-0.053715650238821855,-0.042781047420958174,-0.03644238453843482,-0.6687626785401698,-0.6675387632884866,-0.7123037562661447,1.5287788357103074,-1.0280678124641107,-2.8136322835294685
0.6280654777462588,0.6793297773050805,0.5854584454475207,0.6478310166203485,0.6255146782960147,1.4371134165110946,1.3584167156835254,1.4126737517995729,1.4189142749498096,1.3564662806935919,1.540604200842193,1.5306319033201183,1.55980636518028,-1.921013138823256,0.5020018890665597,-4.000313471704779
0.16823274759748022,0.21345890234378154,0.2141723984850981,0.20025393070395558,0.23914723873144647,0.48807462423269016,0.5301230848739318,0.5599689726134414,0.5078161996201855,0.5378778053276125,0.5258632385358281,0.5335504809483922,0.5545132122893214,0.6559191396588365,-1.70686256219305,-3.758986874049048
0.05216255141372618,0.06424223061979985,0.0738434572653357,0.17175933631824847,0.10210732160449625,0.7245896183589989,0.720308065849678,0.656011451504672,0.6782399922308352,0.7771277427024418,0.5874304825768529,0.4985217371062221,0.5661881348493609,-1.2923033749284512,-0.26783943256831116,-5.089113193667825
-1.1623145635818963,-1.1849719958688936,-1.1623496221587182,-1.0840844739097142,-1.1331118523439256,0.8928343542373688,0.8454423356699383,0.8224880714221738,0.7549751106014935,0.7895592483975848,-0.17419795357210593,-0.20002617591550115,-0.21859076581580614,-0.9612514874510678,-2.553631015648598,-12.55085113790689
-0.7273664504757793,-0.7674054541943581,-0.7808629083372731,-0.7685179221072101,-0.7498313001229981,0.049299139812551296,-0.004284537776057189,-0.042640507430627306,0.07219079040643808,0.045724444592630364,-0.5096296855999652,-0.46648256715260433,-0.4610300872298583,-2.0097333668687174,-1.3364024233582634,2.950213970221686
-0.1897230770704328,-0.19955307689572704,-0.13900258116232586,-0.17099124768021937,-0.18465590023525663,0.9868792193540532,0.996368125478249,1.0379332193110804,1.0812160506651725,1.0514430582112628,0.6424013098733266,0.6286600413326721,0.5354668204813049,-0.5490544311588659,-0.8771339384474245,1.0435573136841372
-0.7801924910259449,-0.7498191421093243,-0.7765314702398318,-0.7092226031592607,-0.6985616014055683,-1.2678120336963776,-1.320799082881625,-1.3677546998149268,-1.3679039699638875,-1.3392730808125237,-1.4143459718478506,-1.4490850205165238,-1.4294331197580883,1.5107316515392135,1.0967242076292842,3.604072363773769
0.7440702756056443,0.6975463922901728,0.6017609068471741,0.6556104369686162,0.7437641246270428,-0.2876329720359764,-0.2960292898249731,-0.23323856794635933,-0.17822698103173548,-0.1952423628681258,0.4088181453617145,0.36610179152550804,0.26554917924005506,0.264824242464778,0.6881080244042689,2.030536469776539
-1.3304841765648252,-1.2674502524524431,-1.2771266807352595,-1.3464525865619965,-1.2746171524436622,0.6042020228430662,0.5738709756201467,0.6396694756134643,0.7423109775494401,0.6664354731946388,-0.39432253876140416,-0.429551979721554,-0.5087468377460851,-1.198361546999097,-0.5539346838422423,-7.4994054460139985
1.6577870257512677,1.6733087383775436,1.6351277763482548,1.6327940884315288,1.622362424649951,1.9096819487457157,1.8628521889777838,1.906934141839771,1.8927772754218564,1.8194936766277723,2.5829908707867655,2.6762092451539026,2.5852358978815855,1.0171476743793124,0.7293697951297508,0.593968787005299
-0.46298472446515304,-0.4759038483107827,-0.5140498074545631,-0.5307215628538566,-0.5125230674213315,0.8424283260201407,0.8427345309529313,0.7889689467535528,0.7757083833937245,0.8395665584297397,0.22850367852824513,0.27208250478624074,0.3132685514092081,1.2313042635686857,0.8876229633803967,-14.070104694268867
-0.019095252398181536,-0.09567182312701636,0.02496596314862766,-0.06492888188415727,-0.1006260306804966,-0.03813356165991008,-0.008537869981207372,-0.005646285369409448,0.030269933191627452,-0.030888121298262124,-0.07992977277437671,-0.05609133111845619,-0.029428789660548953,0.10404648103908559,-0.16066484837472153,1.188548019258436
-0.023272070142766887,0.030292766240013168,-0.024968300626318357,0.008969984618698877,-0.02282633434130079,-0.6743822594103026,-0.7061816452405008,-0.5834485621566702,-0.6827680837710002,-0.6082812427778628,-0.467550144062667,-0.4608361051772919,-0.4940925586134282,2.0347491581525903,-1.3843781442136902,-0.6041440711726387
1.3450355509622245,1.3121335819398807,1.3654694220769348,1.3339139229450934,1.4086797232190298,-1.2239857411762765,-1.234415832227177,-1.1794532100415671,-1.2245180550631136,-1.227242103321988,0.14471058531338263,0.09777418318476144,0.20259150662791872,0.8215641246246144,-0.20791231006611424,10.761320339007323
-0.2132104012629053,-0.23562198940833134,-0.32017400287687275,-0.32261466119417526,-0.23291742734303303,-0.29010597621512246,-0.2885392812283083,-0.29382470267215605,-0.24411295670746552,-0.2738364317540999,-0.389936912921541,-0.36589844163183616,-0.40612207630762365,0.6826525072925881,-0.09789240517213632,-1.1464971135104534
0.25189998357736226,0.35403566907558937,0.3640764049848408,0.3285028783579375,0.3095353496222515,0.5892622361722017,0.5243893992175492,0.5295406637679929,0.46189587360705964,0.6106962930308831,0.688824743664038,0.6612956796028857,0.5785431686053613,-0.8033787071662901,-1.232454390830226,-2.6929327105468994
-0.36324917704313875,-0.4103088086072818,-0.3055275108202514,-0.2954444593957128,-0.30385705396979823,-0.546299624605,-0.47334882517203486,-0.4993571501688254,-0.6538213439069741,-0.5568058154559204,-0.7208703235049709,-0.7296549480065504,-0.6813433241456668,0.6273984856213408,0.3670467929299679,0.5982888468111961
-0.8040178917545934,-0.7794910411535368,-0.8051413898447155,-0.84297225067501,-0.8253725204945417,2.8006835950506033,2.8543707354676546,2.789881460130734,2.8026042480619857,2.7476660080645616,1.568321869288856,1.4804864461652871,1.5551183184211277,0.2167912776044933,0.27981185430235533,-17.18110221916435
-1.2216379600220204,-1.306945453565636,-1.3787543825708934,-1.2371161173480663,-1.2483460404863689,-1.2836331552621378,-1.2050963532923051,-1.2907988900640108,-1.257450485852013,-1.3070808874463458,-1.8263843916690996,-1.8582097748870938,-1.867929376213357,0.5198290026710267,0.44504269989418677,-8.379904161251176
0.5388899393111134,0.48196329461229986,0.592122167261823,0.4313775006202647,0.516010485702245,0.45395716004048914,0.5798686617651653,0.48718983604517657,0.5386173724034929,0.4914745041203099,0.7637723439041332,0.7454895333370241,0.8638369558395449,-0.6845856191413306,0.27892309716744346,7.057986460919423
-0.16758383492826745,-0.05163893046780492,-0.18056554522555807,-0.14808721993853735,-0.13297911958756212,0.38249479489048693,0.261544504484687,0.28402922390191065,0.4052468173755589,0.3312177521192228,0.13426120551865034,0.15743318202905798,0.17859443122262778,0.12809888435898667,0.729843035114983,-6.4911590062839695
-2.1238507393794035,-2.1410193111420295,-2.1378992545786435,-2.121235780920039,-2.1264215459148277,-0.18870395403218818,-0.2794278797957961,-0.24803453516777021,-0.21308394724264304,-0.2003946582997957,-1.6903394415634803,-1.6740751134758567,-1.7466104491455843,-0.8168615002149581,-0.17932802787303154,-15.322468293813019
0.13573469075827171,0.12613200150718393,0.18436807351688658,0.13463966233048993,0.16330615461809353,2.800662597269582,2.7806525378965365,2.772013660055777,2.865904659989979,2.7938409372400956,2.2883718566615343,2.2107996418468074,2.2148831102815993,-2.147132099966032,0.2017851073709533,-12.128922175882046
-0.3333426514754548,-0.29406845486352334,-0.35768109829461237,-0.3261062255413376,-0.32024708411037595,0.9116914017596341,0.9424367335452815,0.8195014220310406,0.826934780097658,0.8173509525976715,0.43087065699789856,0.437020244898811,0.383129365156304,0.9983045685783835,-0.397740284245532,-6.231087378223339
0.4480342438570882,0.43336925324417,0.32441427701659203,0.4926434900446549,0.43199691772937737,0.5729968825261562,0.549148474110763,0.5350420448368189,0.6149049467307144,0.5905872338091792,0.72606310366622,0.7880327624950574,0.6854399070348202,-1.5023889816895173,-0.5844992156219503,5.045535689862354
-1.142931170022795,-1.0814264428601261,-1.180541392694653,-1.1168882180115647,-1.0941081909604289,0.4355949977277646,0.3873826638589174,0.47952902389353663,0.4236309297153479,0.4408574696813737,-0.4591735270788292,-0.43641962179886146,-0.2361252384088349,0.10718646478241609,1.3382496307620757,-8.125992507571976
0.6081760568118545,0.5860555413085985,0.5637868616704176,0.6497981001487315,0.6073852188265049,-0.8509916094973095,-0.8943019959227803,-0.8918140502754333,-0.869181144282735,-0.7648913915394027,-0.16512049996561856,-0.2441804911169685,-0.20329048009900164,0.3330021294490398,-2.0437687015264965,9.241885379094365
-0.2389239340167798,-0.25378663542780644,-0.3075947307623271,-0.25847907953945837,-0.2070748933519419,0.8899509708818373,0.9150956067917421,0.9166677989227715,0.9215834521240154,0.9288560662056274,0.4580646084279107,0.42860479459269385,0.5195636630250956,0.32656301586305486,0.8767599891542641,-4.321367555935726
-1.1288884240938801,-1.2923420736106366,-1.0370680030003987,-1.1788287507584656,-1.2280086821167904,0.034999579474350784,0.06560806913458439,0.11569180671260115,0.10383611719555784,0.14290004683487004,-0.8350236657435286,-0.7999969852431326,-0.8647073015779783,-0.2830790735982502,-0.6205408754456606,-5.693464175292048
-1.2187266407428308,-1.2220530133169183,-1.2452974184231114,-1.1717676474721845,-1.1920944516701037,-0.20009314469317457,-0.19361864686754973,-0.14141584040623095,-0.27166502562190187,-0.26468537780836887,-0.9596935900567437,-1.0163578753001965,-0.9543861694557394,0.2712114752799734,-0.750038177643121,-5.435464286510266
2.2978836260742903,2.277288557060661,2.2593081108568,2.4318770494908435,2.272847830961436,0.38633927444840066,0.3699028058989859,0.39720558693577457,0.2971499023619093,0.332651187114576,2.009123959874996,2.0659603898794234,2.056744198284,0.4709670697851621,0.26157748406540704,5.209577645915644
-0.6081928946886307,-0.512567256290924,-0.5648049524766652,-0.5862149541589675,-0.5528676821218257,1.0037683911713047,1.004596950283614,0.9387709551237581,0.9596424958035322,0.9143098740316518,0.37647944688319546,0.3219704310460849,0.4137075683488079,0.7349648157519848,-1.4896096123510028,-8.781667885158186
-1.5329172669794005,-1.637924999444766,-1.4945274138691358,-1.5627050425728797,-1.4065627732438204,-1.6924748406981796,-1.8178878425696006,-1.8291496815657695,-1.7625016030368366,-1.7264716768094193,-2.47169939100905,-2.516948713170602,-2.33447968074398,1.733441339384263,-0.816023071946203,2.985805987554823
0.39481621088451624,0.4975839539382448,0.3466233015630931,0.33239015867376265,0.3547548976465687,-0.8625930019129052,-0.8326919121178002,-0.7902393067971362,-0.817264626492173,-0.7370730157978713,-0.34533961423524945,-0.42008103159523685,-0.4090294525586998,0.23419415149820536,-0.849139646512992,19.205417926032364
-2.439157198976964,-2.4774090473213235,-2.473343741365908,-2.5023531947178057,-2.4859490502121626,-0.08004953354789927,0.0375454347924707,-0.007028630408811438,0.06481694313799852,-0.03590224143032875,-1.76843886077179,-1.8058765245058148,-1.898152537157297,0.06404884501770187,-0.22139825818509487,-18.49401959293642
0.8226987917208156,0.8855004727568228,0.8291272130615055,0.7917680763203095,0.9051226972613522,-1.063288163051724,-0.9952922248751278,-0.9825258991940503,-0.9413325209689274,-0.9862294561658886,-0.09655505471647274,-0.09124774881320313,-0.1129274597014773,-0.9067289653500941,-0.8041376881606885,11.023268400339228
-0.8974286916058712,-0.8200750089356506,-0.948232980679787,-0.8780364327906776,-0.92918486338077,0.23509116081585213,0.21414699671154436,0.2019313391337236,0.21442215129760822,0.18416552237997624,-0.47659356125817454,-0.4471902217141643,-0.516225641436311,0.435946323899337,1.601118685639269,-8.86934494023963
-0.39526075821383566,-0.2705130945615783,-0.4776065341726649,-0.30301844053152593,-0.4304505709226698,-0.9791828545570267,-0.9164412225660611,-0.9845079455012871,-1.0622956327577016,-1.036606617406637,-0.9699071022207407,-0.9770297315401968,-0.9665687455522951,0.6673831031405686,1.7970165164979541,8.392721115826298
0.7457391007142077,0.8590658930532521,0.7043498524269721,0.8230989303550709,0.755227442253426,-0.21249651640618905,-0.2657762002897941,-0.20688663188488088,-0.234755153169304,-0.1869689565707116,0.3872236567898266,0.42833939930477993,0.4083412100846851,-0.1923031842816272,-2.021993522748063,0.06162093286901893
-1.3465943818139468,-1.3287211890782857,-1.4020652948756196,-1.3907961168506306,-1.4204603805967557,-0.27806293200514265,-0.3039324167866512,-0.3504647289008108,-0.23329486549355782,-0.27354180045833953,-1.2444781497793267,-1.228605708127643,-1.1201577168101058,0.5446125041840371,0.5443227047657363,-5.040854655884223
2.453553919891346,2.4962879377016955,2.4747044208588154,2.458845414044295,2.347251931012617,-1.1365295168161602,-1.0285815655833108,-1.0066252397960584,-1.0759710636188111,-1.0558442753517616,1.06181007977035,1.0129087704268067,1.1514122397831499,-0.2925161935493418,0.8586634390775747,14.249631020668676
0.9372463172336662,0.93993954712417,0.9154439834183583,0.9919414200200958,0.9742449548321989,0.17586039279155924,0.3693092063374283,0.23991235207488362,0.2680205974495178,0.19660175740746055,0.896580711277259,0.8934577401241774,0.893923544865209,0.6709926520889239,0.5429852023911051,4.0709627502076975
0.3309027303809259,0.3297104267762747,0.41567048883587787,0.31220856031461736,0.45620989103932325,0.3844978979018371,0.3999714611226696,0.3622194386719427,0.3907692485998677,0.4516990699759653,0.596902868834211,0.5036605961526341,0.6306515785998437,0.9126023140297436,-0.6581134930916945,0.8750410574676498
1.1229235130117123,1.121084838711969,1.2237919487781028,1.2547102343276586,1.1697814752495226,1.0484172138563372,1.06527776026984,0.9747968742133116,0.9908811534078485,1.0164779352178657,1.7010995411022705,1.6054138553543726,1.698433412722668,0.8986278667304854,-0.24409556215854147,6.538685984939612
-1.2536370841428568,-1.287635539853804,-1.270024984241054,-1.156616847483111,-1.3240982778358594,-0.21412250544420178,-0.16629152634223773,-0.19344990243799245,-0.16166981069393335,-0.16615028428505044,-1.1083637259961425,-1.081741934631555,-1.08809481035496,0.11784432614130065,-0.7482746547776955,-10.446087086545354
-0.07112882481298846,-0.1278761441017365,-0.1500444015441855,-0.04751080595149797,-0.09248716502958475,1.0927090486933169,1.1219067142465797,1.159150180815404,1.2574223174500174,1.102838157687696,0.8273029180065233,0.8104048285532129,0.7212787248468708,-1.0399681516170514,-0.4202640311588286,-2.927528238973739
-0.05927510635992941,-0.044475784780247295,-0.06901746764874878,-0.041257966649828386,-0.06362605449724598,0.07869116120622499,0.06090143500197086,0.05261756812515213,0.04648093047330514,0.045595338586973594,0.04435196286901253,0.05674822027312856,-0.00025887180026222013,-0.6119130526418207,-1.2099650286671761,-0.7061539575139922
-2.170967948369392,-2.2187782461466945,-2.164535936981228,-2.083011876873297,-2.1854241061460438,-0.5127703027558348,-0.577853604443852,-0.5027798351089374,-0.632818501118647,-0.5617965572151027,-1.9216953668349714,-2.004002281585166,-2.029743846678855,0.5951573238847284,-0.1147888216345503,-9.874220384144772
1.1560512421446658,1.1496208348127035,1.1072182604916152,1.1948149337168843,1.1830841405252759,-0.4534082031199488,-0.4512280981122571,-0.4584224228413829,-0.4706373764819936,-0.4509535642282295,0.5316480711103158,0.5469086730739642,0.5060488375017508,2.448812305740227,-1.5028017113050698,12.235035699866804
0.6714067370924437,0.5869093432657124,0.5538399284729172,0.5484262871148586,0.6292388758865961,-0.645967963912601,-0.5977688667605543,-0.643327228591638,-0.7148134748147912,-0.5958618422225166,0.0035900100779714793,0.06593708756467898,-0.006494245657907651,-0.34072077153208186,-0.20013455422813764,2.2841193858139013
-0.5861337585856065,-0.5857813553082284,-0.6258012650138032,-0.6194558768843978,-0.6509007099184457,-0.1730714814944995,-0.15631410590220143,-0.21086508530038547,-0.15845392657422624,-0.1505729651706184,-0.53288239655922,-0.5234622906055441,-0.56305864021339,0.45583767838814,-1.2485816890997645,-0.12867256857185883
-2.045481843498559,-2.121394332745115,-2.1146148350390037,-2.1614051259782805,-2.05903370202174,0.7839071829960913,0.8366395272978154,0.881969446338464,0.8748266059252044,0.7956868642411274,-0.8822614604315429,-0.8892264753949303,-0.8897656650793976,-0.5560525574794034,0.20681636179140384,-17.653700661158062
0.5494347955148573,0.7727889102815556,0.5871688368317526,0.6393991386892333,0.6952865249513938,-1.027903351211636,-1.077870941034986,-1.0158667223539046,-0.9970195722112977,-1.0709327566315927,-0.38670028997393596,-0.3239729648855415,-0.4009406727139015,-0.9739670442491007,-0.6794195609428907,11.180700054045856
0.0016928224967033166,0.061810545541030486,0.004220875963294449,0.02713614470485938,0.08893266079349282,0.5729468868102917,0.5074632417809651,0.5829505711213673,0.5591549304554835,0.5745425542578286,0.42423109165802997,0.45785908748522003,0.4351591659112019,-0.6763158635773625,0.2905803478745374,-1.373909261338342
-0.7523335247881242,-0.759692233843807,-0.6794466730443278,-0.7649613907326346,-0.5542045076852727,-0.010512066994779204,0.0619004146927367,0.11233141582062087,0.09832004550020591,0.08947941280263544,-0.38356671994602015,-0.4520567327256428,-0.47850557730630505,-2.0824719767026716,1.081580728364782,-4.476082239290642
1.309184959662833,1.394674610410773,1.3374989516803035,1.36027126079862,1.337931573567268,0.6542474948113028,0.7388228902423192,0.6997680990003222,0.6262168077141919,0.672898473699446,1.5018623649453424,1.5614586956779024,1.522229313373227,1.3534350629077507,1.589446936104708,2.921779385931511
0.042666726159941076,0.04923498938602671,0.14318856283324455,0.012272600653825433,0.22084631785265305,1.36310126345504,1.3558766049247413,1.4108894086112045,1.3221148319170746,1.2762755492476585,1.0524723733203776,1.0767053314574895,1.0938705334546148,-2.2301302529146136,-2.5280045890204903,-2.061416128524967
-0.7584385479442133,-0.8687575010002626,-0.8670366297569226,-0.8629735051770838,-0.8357438340903314,1.316549090570155,1.3321554197497774,1.2357219629826295,1.2569421997858212,1.2673114840134825,0.3674716194898331,0.36160541892711484,0.3183774533050827,-0.2638282304006328,-0.8341940938737827,-5.7390547171908635
-0.3733910286385759,-0.4878954236282549,-0.501781850762825,-0.3933409670607432,-0.4505150928410839,-0.4693131051012898,-0.3607121552165638,-0.42215737206405474,-0.4652578000934429,-0.5662317283235088,-0.7614688667497517,-0.6009833479642676,-0.6598405746028864,-1.1781278953500545,-0.30308607711201396,-2.1065424980583973
0.45217579160692545,0.46163639004216817,0.4590644590724581,0.4033514521702915,0.4563791742480977,0.1262075419972825,0.11938590343459216,0.23661445454482433,0.17216219467371788,0.228304377841911,0.46336345149088776,0.4669079429280322,0.45640723092771057,-0.8843802153622045,0.46032781838148307,-2.0108166588286083
1.538324477853065,1.5808904940940827,1.5740890991268444,1.5999182080459464,1.5858564391429109,1.0462930439772242,0.9624932168508304,0.9510298093163627,1.0329259829275863,1.0593488701099014,1.95513996530053,1.9347437683872706,1.9143369201893543,1.376522659738668,-1.6503545041545293,7.2475259766718025
0.8844310191597122,0.9426363529303693,0.9103096252669785,0.8128794653317433,0.9141972587614353,-1.0133211683521195,-0.8952621377873489,-1.0251811175514833,-1.0120775523677945,-0.9387201937900564,-0.0894739954760844,-0.08765928395198866,-0.01885785112539143,0.201066990031392,-0.9820924068002156,4.801751377318868
1.7339260326915413,1.7685301429729765,1.598657602191428,1.7281905427326876,1.6528371728595894,-0.31496586947300675,-0.20484555382030845,-0.2496827380541628,-0.20297633307400054,-0.19180410249968255,1.056150470594279,1.122183260432244,1.0778629000984918,-0.9653961591817005,0.13035720265710996,6.5887948563630925
-0.6107076326844777,-0.5507887249028351,-0.5498616470892542,-0.6216981101556401,-0.6314220742665794,-1.0537142540087887,-1.0472805372897587,-1.0715908952941382,-1.0518203882556523,-1.1418073463611744,-1.2632356711438966,-1.169382217384165,-1.246975368126931,-0.5895171324965108,0.08488824152666716,-2.927424618459029
-0.44417237283456484,-0.3946020319642327,-0.31836802325850744,-0.38843065616218564,-0.28770358194244355,-1.2862311824411923,-1.395248884474492,-1.359374520766486,-1.3518636376346855,-1.386624192808973,-1.2050432016312913,-1.1988055821584176,-1.2787485390856728,-0.7654812204420857,0.377618406420093,1.935726815343387
0.8126474226963212,0.8809315956319154,0.7821394876391647,0.8477126002131911,0.854310250525757,-0.8817148434695717,-0.8399835578198237,-0.8502382304868272,-0.8583502548414228,-0.8538476002599187,0.09479093420015411,0.01383438542075668,0.05076746611974893,-0.043545672078880604,0.4436757268881162,3.82662545934442
0.48204859589377913,0.51687519493333,0.4113136279089007,0.4942672281263872,0.4923322734382091,1.0659508055990303,1.0062745498192274,1.022335288901223,0.9810777034587048,0.9858274564824441,1.148082538951428,1.108943053942408,1.0543386662855454,0.17289168478769248,0.3385944331158625,-8.785820637019565
0.8386135111891444,0.7880900569580866,0.8954122609181613,0.7710555582678177,0.8355618959491505,-1.0158888079481216,-1.0920619234172921,-0.9832713574871206,-0.9992785034229654,-1.0484746160331484,-0.23340337157161573,-0.10260123175396021,-0.1431838017859103,1.89557477322856,0.19365531663149269,5.524564737774979
0.05344098174885732,0.1246587749342109,0.1263783776289567,0.08943424560376569,0.22178045426973766,0.5425265670995627,0.518574879708023,0.4836975059271553,0.5195565072790527,0.5440345191309568,0.5502947573723556,0.5000650772862772,0.6063486469063241,-1.916300765997707,0.05573977332636784,0.732530781410595
-0.8584225489367673,-0.7698403168739758,-0.8920255925994056,-0.7600376285284336,-0.9330775857722461,0.5609468940448351,0.5505910157390622,0.5251316574055664,0.5498725398845654,0.5679493927249778,-0.24164725560671838,-0.2642601369927642,-0.21223005783378313,-0.034812314757952455,0.6647630897243626,-12.587266053000747
0.44719841598811455,0.4514207712807696,0.32674337278670273,0.4083823422586533,0.46927218008603866,-1.302195226525448,-1.285982058816295,-1.2329898241364223,-1.3078212883915947,-1.2927423928596653,-0.6618654131782247,-0.5676955674438572,-0.577149026051128,-0.31556769253452216,-2.239322666564225,6.749848149032529
-1.1284165496042728,-1.1390987614944965,-1.1884360593101613,-1.1757351541894279,-1.1843041059921717,0.5115137590395719,0.46872242868451486,0.5570221375664793,0.4889517349534974,0.49273167415394625,-0.49925514386085423,-0.502645276563826,-0.39258865975763363,0.9465485277167823,1.5443334869712346,-2.60438528708751
-0.6272903482962243,-0.7030370280994925,-0.6733192082498838,-0.6113912407570805,-0.6536013327425042,0.5378117691263642,0.6155226114561484,0.5570684808239403,0.5349296840521569,0.60202578803657,-0.04501832844862209,-0.11483858210858885,-0.02896209793937292,0.3548181181783934,-2.204482050880324,-6.056574272423147
-0.4827711974426611,-0.5728639867092111,-0.47612510854462714,-0.33544700400457717,-0.4589022548949826,-0.9315835917690403,-0.9123357607925174,-0.9344601160946493,-0.8565690142187361,-0.9796655303064169,-1.0352149093658105,-1.17298746595499,-1.0840176439871494,0.5903622081149456,-1.079161816904492,2.75526094206467
0.29217051959961227,0.30369505621010345,0.26221362352548516,0.2699432224402657,0.2724582123641167,-1.5333541942834805,-1.504721410730593,-1.4880528218865243,-1.5321965708287457,-1.5530950869449835,-0.8555084604076423,-0.8220427541854382,-0.8185015188937222,0.34508618601508256,-0.22676079665014473,4.836664145898934
-0.34567591213430204,-0.2564768746476365,-0.3262901448901671,-0.22778444459181113,-0.3009080273502911,0.5913909452300727,0.6343647010843672,0.6714148708186665,0.6312528199723202,0.6066356860253492,0.2869326544987612,0.20991356032155137,0.22661726189239517,-0.9319911252835396,0.6726128910898425,2.7676013375635327
-0.33262803488280684,-0.36618639737060427,-0.29042726529091295,-0.3483530112944421,-0.40974689501542716,0.6391174165301119,0.68845606156,0.6784738342485938,0.6759027359103963,0.6778538595057818,0.30490922972063256,0.24418310217425604,0.24269388465134528,1.211265496493013,-2.9952668907996163,-6.619068461905148
0.35042975058406733,0.2998559188911202,0.35068466288499256,0.2734086440948038,0.2728902122354505,0.5480869377019576,0.40688878266777473,0.45924445704006145,0.43344562970587996,0.4955043497365422,0.5781962098701252,0.579208322619666,0.5195627238123172,0.7985049046156689,-0.0281243239418344,-1.230014492439497
0.7886219723638545,0.6345239865842078,0.6403916284317387,0.6829386449372934,0.7854708632065737,0.6083624993964512,0.5596738834011704,0.5063180517944473,0.5652833888690024,0.5797319543911825,1.0172915171383354,0.9945762944208276,1.070510837809123,0.915529791724743,0.7923950394157345,6.971094996283838
-0.19634899487560195,-0.28787882111398483,-0.17780074567550416,-0.2881591983805205,-0.2379058094141647,-0.022117313162242386,-0.050855441629980076,-0.07173113798752118,-0.023379918185199636,-0.04664933419453207,-0.26259003168674266,-0.23095664032219443,-0.23900065862404607,1.2640501705071647,0.994518116028477,-1.445176180674713
0.33863400938019467,0.3507125306539517,0.319044060314449,0.3151024001508749,0.2501607234573686,1.3069227092249527,1.4404418612749808,1.325947883900107,1.2742896876700347,1.297365271501493,1.2366600908700043,1.2289510575301825,1.1942848863167113,0.4176751006519598,-0.6973296584974588,-3.544229419229091
-1.2276262513405376,-1.2164187077459412,-1.1920179668061035,-1.3203333681122476,-1.2708921709885883,0.6221336058244877,0.638297406207268,0.5722469891304005,0.6428250644173464,0.630240620282225,-0.5365056609823091,-0.5267341685080579,-0.5353004912001994,1.4809924041174929,-0.30083528695503226,-10.984721075224712
0.33966215731670346,0.3478742563853992,0.36395707657886167,0.414808472980336,0.29307500948021137,1.030602836604002,1.0831641392934996,0.990105741187681,1.0680605439087782,1.003833796225499,1.0319051481594486,1.0070324227220595,1.0624428502091567,0.3776395717866411,-0.6161481288926278,-3.285281691663426
0.9660210541239512,0.9216358533477845,0.8464101729272346,0.975274215603301,0.9162647637150741,0.2475516129162299,0.2553394465098619,0.2101659845684883,0.17469958655648565,0.2318417729125756,0.879803934840059,0.9044234622317424,0.8982437688575412,-0.21905858802460865,-0.3926746535260844,5.8183333538136
0.22109691773336318,0.08627326386574607,0.13004507232624468,0.15876519008711862,0.1570843869552323,-0.02612312467247011,-0.03315845932585404,-0.05301281199919833,-0.09074597252691237,0.09671704496480094,0.11581614077215753,0.09307127952746976,0.1724915623186209,-0.006603910483364725,-1.031826550728435,3.460758455250984
1.4381147906009089,1.466579278593437,1.5382498818240662,1.4619332602931916,1.4265490245752013,-0.7694937897740225,-0.7795817878737703,-0.7500722088251562,-0.8263608399519713,-0.7520690660924361,0.4815021406175481,0.5092785330142913,0.5550522683269424,-0.023843768136116463,-0.889252162470918,9.747022410489233
0.5556098570888454,0.5070968421356173,0.43018361659916704,0.45651072084276534,0.5305026328135178,-1.3505325429721686,-1.2808164430811755,-1.333466542007414,-1.3414741891332005,-1.4107535684476031,-0.7039739254034706,-0.7028447698239775,-0.6986289280793025,-0.519391322090543,0.434376922028368,6.349289157130691
-2.011126589993646,-1.9486128977018267,-2.0144234307144155,-1.9806469870106764,-1.9985811968105596,0.5559520581379745,0.5313193845211196,0.5089722356006832,0.7232472109240227,0.5057571041718604,-1.1368848199101569,-0.9755151353341048,-1.0725268320749304,1.6318888483702207,0.13161537327274178,-16.743435212897253
-0.496466552414697,-0.5875647446435494,-0.5715448330469999,-0.6209406894897422,-0.5584584226722247,0.15407562794816565,0.1491979715014664,0.07562881563046955,0.14453315940651687,0.11415478865184091,-0.3347247895007719,-0.3026624521289766,-0.2598993443737388,0.29629536550366764,0.4915865075904735,-8.469092254638385
-0.5508001195237168,-0.5381339903480791,-0.6254350630422639,-0.4983588907695066,-0.49437801742923454,-1.0828475981302705,-0.8898317464406321,-0.9891321363256621,-1.0963416901628433,-1.0665992384475107,-1.116808059214623,-1.055612735331116,-1.1054229161518163,0.09473847583290661,0.2140143897008368,-4.059370582496349
1.8937530410624874,1.8778500128975717,1.9480252097761288,1.8214771553103324,1.903100222931441,0.03174970147116248,0.05660172055494155,-0.023640209063834527,-0.03097188698959224,0.03593822563710485,1.342601120424858,1.4409192698958926,1.43577759456595,0.38827425492643364,0.7043386011475956,12.634867988434824
1.2375636129569558,1.2332253712230445,1.2293333357594782,1.2298736792247862,1.3135601141431874,-0.671135714233815,-0.6346585641333654,-0.7402070939183696,-0.7080206427251139,-0.7032468676632158,0.48542160123633094,0.37803353431746206,0.41181013069898204,2.979854516737147,0.8782139981549947,14.016231000326819
1.0985674279007889,1.1434181555539382,1.1946175591206383,1.0638388754657162,1.1860835050926068,1.5567813809955218,1.6116805022951919,1.59703393092268,1.6134477424879887,1.6090328032242769,1.9981502449645052,2.0232024301528697,1.9927393328898448,-1.1317241885996594,-1.741716619866104,3.328942820701761
-0.8248969337064043,-0.7695598313050996,-0.8401586926343619,-0.7688573063529516,-0.8075841805315691,1.8466916330578456,1.9361046535527184,1.9048879328733799,1.821970613098948,1.8523708970323514,0.8459144348451111,0.6803310123590605,0.7599096918548357,-0.8450385117162756,-0.8543096504143626,-21.33294837524364
-0.2679073026830807,-0.2770251206845908,-0.25549993929491116,-0.35270782977056764,-0.32898537560890045,0.31406965870182024,0.2893282820474386,0.2534033199131823,0.3184714313662873,0.41229012552947564,0.08623222453618165,0.16206118282783066,-0.04336245245476601,-1.3805710174469963,-0.2313759574900389,-3.8762579439586893
0.7690301057949377,0.8191758933371851,0.8315799838460165,0.86944598048279,0.8383873280700649,0.40822403586692596,0.43391541596087624,0.4216286494047089,0.3582402684632879,0.5362519117443378,0.7906440105004249,0.8807097680740251,0.8599113957197727,-0.23259923843548608,-0.022677525487341064,-0.7823140026570083
-0.03361186281162729,-0.02225701484434337,0.029592721635244044,0.0947785512810074,0.024445046437602435,0.5225897892018696,0.5629519454956191,0.49021787471221207,0.47504461066246506,0.5163033026047452,0.4257770011633291,0.4730943232091262,0.4312042135416429,0.24551844332736034,-0.6700905738180335,-1.5142922584165475
-0.2863693243330562,-0.2712072577427755,-0.32645284074227243,-0.3460770714421331,-0.2816655050081883,0.2509339611805359,0.2437513968728251,0.22835943975845202,0.24223562050588965,0.24690780059169198,-0.058684691448911676,-0.10060792412388508,-0.01311961238866111,-0.46532251834107735,0.9120236709883057,-4.372509851077566
0.36263538548212293,0.4201400164603583,0.40689968699008894,0.3125865901373397,0.3532749644526671,-0.10609867730994549,-0.12844728895089053,-0.19601866697139092,-0.15555380126467433,-0.1893767927835998,-0.01829372945805638,0.17711588905995737,0.047786901615091984,-0.53972679815177,1.9799483682905985,4.702200337547998
1.5217847203318382,1.4755870556658366,1.4006966737563826,1.6223938869218975,1.4715078119881535,-0.4679011291197404,-0.4694545325546241,-0.4688685965742434,-0.40046322681417373,-0.45549963383430814,0.7028178466142647,0.8679294531001688,0.7741815088922306,0.14240486662813231,0.186161955581734,10.782422980210868
-0.02277045875974855,-0.0026944828286371986,-0.037955666314178335,0.01729610976838422,-0.10470577721406246,-0.5148355008868126,-0.4384293781753247,-0.48025948965817733,-0.40035718479494775,-0.4706800257382814,-0.3291781238821869,-0.3709389666890097,-0.3972557160155983,-0.5021078248296975,0.08434103219821125,-4.822296195754283
-0.7233387245068353,-0.6557307009673004,-0.7753202030209543,-0.7219438911096159,-0.6969834602502664,-1.0327883890391172,-1.069311466122735,-1.088368895595263,-1.098953044847663,-1.1283329675646738,-1.2212682200420182,-1.3727722575070616,-1.354648923125522,0.31017582718283815,0.8494562551043311,-3.5443600572413363
0.6908282707504334,0.681239746617894,0.6606672881085522,0.6109217603315877,0.6635834006513934,-0.6799342428806162,-0.8155805202314628,-0.682833456223233,-0.7283724836038175,-0.8208798349532689,-0.0772164156717646,-0.12929014285400384,-0.11571609185007319,1.1142343467426044,-1.865839755203436,6.699283567659619
-0.5887871054803002,-0.5847366863804971,-0.59193386557393,-0.6315411628544243,-0.5414437441235869,0.26014539428863837,0.25185357332609454,0.17242322461290058,0.25595969804129654,0.2607689774135394,-0.24870712016349625,-0.37622682003700647,-0.2924113374236057,0.6770304698008064,0.028468940438410424,-4.0746583455361485
-0.04925326176887233,-0.002562351478226744,0.00027425192397807774,-0.010314300758510357,-0.09476020326579912,0.3776164327663942,0.34605734588638526,0.5166195174893214,0.4387009606816783,0.40602014262389585,0.2937232241246406,0.29289550815510285,0.36389674294852864,0.8810133471652023,0.9790358254675168,-7.328583011009937
-0.2672216222118337,-0.11593388984013782,-0.18254381356545635,-0.2225023492928159,-0.12218310168634865,-0.20176107749808336,-0.14321873261491286,-0.20855251789014995,-0.22615111542141325,-0.3244811018433499,-0.19749506428350055,-0.24057985305025648,-0.22222511620335325,1.0859184115067195,-0.6431539972011118,-5.866753760077147
-0.1810684309758014,-0.1455657581065442,-0.25555430971704285,-0.2695531431749122,-0.18384338004088943,-1.527113558131141,-1.4688555155922611,-1.4694188130661274,-1.4960311902876358,-1.4489444728906433,-1.100362763287788,-1.2095626056043456,-1.148683308688568,0.2828281601187029,-1.2265605799019654,5.370903040485191
-0.2874510659717441,-0.29569342409069793,-0.3136681768709542,-0.3367095080267398,-0.24059506794390773,-0.21122799017246371,-0.2694154100657993,-0.29770630543984744,-0.2396764180643834,-0.2452838289938189,-0.40808080608174496,-0.392945649839984,-0.40348418188005075,-0.15864102604310112,-0.1858056100997783,-5.586102011319275
-0.010660750053048958,-0.08110313169351555,-0.02505652298655335,-0.057621352474593115,-0.10398675646948302,0.3879049220468389,0.4137507615670046,0.41690597134788665,0.5774631655310357,0.522803092251818,0.19237479474263988,0.3187525285637561,0.24424918101218832,-0.7722530708831956,-0.06068543320192063,-7.642087983415435
-0.5941527843025111,-0.6053492178171668,-0.6089441746378615,-0.6738303272809831,-0.6101779698121534,-1.1580472519610971,-1.1547697641006465,-1.168186295121588,-1.1279786886151177,-1.1243846927651366,-1.4019856307297482,-1.2668750152187105,-1.2929747610967823,-0.391178163635721,-0.9086522819154584,-0.16436657824826928
-0.5218112312168116,-0.5273708462324916,-0.4037932798698971,-0.46620664838085746,-0.4471566159903354,-0.38454214324037894,-0.299912266387063,-0.3866100004695793,-0.36488467703819794,-0.4082589317411985,-0.5212929177000152,-0.6703822454332644,-0.5949043856223187,-0.5236855326768944,2.096161276050951,-2.4754482177317305
-1.2226981117168478,-1.2384737768056093,-1.2111471028855412,-1.285043883009043,-1.3055410706333823,-0.42697355184373065,-0.4059278371636007,-0.44376068396902235,-0.47493425834895087,-0.5447986181369778,-1.228919171245577,-1.2221250960929182,-1.257007402328026,0.7316723266209116,-0.47869638100794565,-8.666732327735486
0.5988545511302391,0.6201053484552991,0.5169428980086535,0.5261602964186868,0.5956913508609959,-0.547868984309793,-0.5648287978168282,-0.5499026950432436,-0.5541402310857153,-0.565525519669802,0.03548658443200639,0.14812374512053264,-0.03246223342427761,0.34678255459419616,-1.1536593514265687,3.166979118832911
-0.8039618254355535,-0.9899260859632093,-0.9201666002909769,-0.8377051280842855,-0.8130666430130294,-0.021029106693524407,-0.07216919548741932,0.06267184526574907,0.07899746052141568,-0.061122582890720235,-0.7602287851032966,-0.7374470477378622,-0.6727721339188646,0.6967578627143014,-0.09362131907061147,-4.604814131691459
0.5888466209498431,0.6211955276688658,0.549617292105302,0.5568454499611453,0.5357390252950587,-1.6954556395890874,-1.6637282320214233,-1.7548718766214286,-1.7165359996347036,-1.6494152072873973,-0.886576520724461,-0.853188016726691,-0.8691205475976613,-1.1603368561001515,0.9078606377044912,8.102755572254024
0.3240943049477289,0.342170683167313,0.17034976893214973,0.28556875116648767,0.3540603787735557,0.1253098391201736,0.13852542027562764,0.1797773163438085,0.21998631723689338,0.17419924389190045,0.3246852581649334,0.43654660496255765,0.3738766507118735,1.431749484241079,0.017414248998230967,1.223832358274918
0.3353143230702703,0.3093217925479883,0.4159821176206614,0.3762582219930447,0.3228253486668918,-0.9225080138234586,-0.9508563782959345,-0.9414595529048184,-0.9726482792734774,-0.8971674420949842,-0.44758628142366835,-0.4027694427646881,-0.42472289801579793,-0.4269803715067624,0.4855939200440023,4.879622982847149
-1.6680184165219567,-1.6602644753995388,-1.6653466799742513,-1.6634035871257618,-1.6449547902407984,-0.0790080444240786,-0.07038202970570898,-0.1300857892645147,-0.0635105347679414,-0.14281141461705457,-1.3197218598799367,-1.3254620919730518,-1.2447522676631129,-1.1000166420746627,-0.8715105943331573,-8.923676967821105
0.9320960068174615,0.86977814812747,0.9309724916345973,0.941948926344722,0.7586922634845986,-0.5714897112590532,-0.5064601542794213,-0.48772188609311623,-0.482475997165322,-0.4738000416467357,0.2042286907601717,0.266401769656369,0.1931302230812369,-0.43921776482181274,1.4876884464035136,10.798070794466755
-0.6704188192081657,-0.5422804309122491,-0.6828101463746417,-0.6267729124499403,-0.48284106036851004,1.7639551120709542,1.6948223057697582,1.6319924336165832,1.6233136417701683,1.6879582419322106,0.7330771076841234,0.7721998733150083,0.7923583726989312,2.483765992587508,0.5617110279184433,-8.487614630104469
1.7234572249443938,1.7900633484437387,1.8031574493230045,1.7194474423788662,1.8157021035673895,0.7972656823482095,0.7102960271689871,0.6488246914331999,0.7413885913047147,0.6725324684407934,1.9131123282155895,1.8152925737021444,1.8163228786065442,-0.38771686649156756,1.0477015688776097,11.75735580215673
0.3116680525138317,0.28029295379249325,0.4618714355030311,0.2852410266320764,0.3360652147389597,0.36644440563547365,0.27854946704241457,0.4070999139106672,0.4570509180282054,0.44023832536847757,0.5460105428538148,0.5300587064989857,0.47275060133308555,-0.32509647147092546,0.36516063247516933,3.5373545075821156
-0.2459815685069125,-0.23557610377000987,-0.3309831422120846,-0.2863882603118397,-0.36354367577540964,0.8736602989601966,0.7745277085636878,0.7470530284199872,0.8521297173698953,0.807572997213423,0.4270000442712731,0.382393897283169,0.37496209207606,-0.1921046806296761,0.8248840377287843,-4.969658812642227
-1.2734192456808568,-1.3452117471455585,-1.2963602647182078,-1.286691859748274,-1.3205289360481216,0.04230655242073439,0.04029219234301333,-0.10217297535555092,-0.01025061211405956,-0.030182002855170687,-1.0652596987105976,-1.0146785612628937,-0.9668807591600002,-0.1486203834314553,-0.8730525596772274,-9.030817814961647
1.1546984154219297,1.1886887582838885,1.1846026269923482,1.2495464983710902,1.1123508524042955,-0.06617128001342441,0.04220489610663877,-0.024508704753110247,-0.019539994241584452,-0.10214861451915129,0.6817302200480502,0.7920022352835298,0.8108054766395572,-0.7814760658012543,-0.4914104166895625,5.8260751233603685
-0.4676968877231211,-0.38459026439814,-0.42540336176206145,-0.3001664109453158,-0.3259389924717748,-1.6013081331636447,-1.5271191507070885,-1.6360360816063053,-1.5956992330698296,-1.5549156568392841,-1.4754202403805643,-1.5130959350485724,-1.370992292038384,0.1432130832061304,1.34648059555603,1.458245664868766
1.4641332928315642,1.5721511835388295,1.5093885286753814,1.395034736755316,1.505322616041002,-0.309693568637986,-0.26994249612587345,-0.21440482021026397,-0.15940463707908573,-0.3195860441997825,0.8588984529539506,0.9001629420056069,0.9296709064512421,1.0755949081983303,1.5597419472839638,9.898960460429935
-0.23917259986026618,-0.23284319546600774,-0.24316612621926909,-0.2306890258280998,-0.3319164449112378,1.801570122555956,1.719824005995115,1.8694380648626225,1.8111251751882145,1.8505343610130538,1.140459488740092,1.2087647862176272,1.1033043513596594,0.3142893154787071,-1.1470655997190768,-7.3369537463644425
2.1347227169232212,2.070852663577079,2.077784894142285,2.015915290612124,2.163889572956446,-0.1610460775680422,-0.26824490496264075,-0.1833393728961636,-0.12222983152000273,-0.11006257608461514,1.6061007018177498,1.4459246624467976,1.4998169375789783,-1.1111652988999856,0.24973606786381217,10.955429299651588
-1.4194011095592227,-1.5075409522952632,-1.3825145959369904,-1.395904555743634,-1.4005316868094428,1.4123290564934434,1.37238579673489,1.4427508296101121,1.33054205838266,1.3543793334037495,0.006962614569151135,-0.04437537525833893,-0.005525847706047374,-0.3443459049337084,-0.4309438004852274,-14.397015814846402
0.19193712048077363,0.18665315402560523,0.12259861523503773,0.18754755924594488,0.2547279524389258,-1.0257993773193514,-1.0523410827586699,-1.080210441320846,-1.083685435580764,-0.9432687212800732,-0.47957086673997606,-0.5786645844572256,-0.6629968441314857,-0.5515274001016297,-0.6970314693648616,3.2701688645089204
-0.8593508463082046,-0.77367417719265,-0.8701371168196975,-0.7602726438005225,-0.7949564243137704,-0.549490075200624,-0.512450227589229,-0.4658257017854181,-0.637522447633779,-0.565905073631151,-0.9831578994408904,-1.0195123648376316,-0.9186562524288371,0.052939468234801106,0.28483969535544995,-2.2707245279543447
-0.4950906390975998,-0.508845062981512,-0.5140254853993855,-0.5874777725735515,-0.5916315585245085,0.8035493490062897,0.835057489168414,0.757019365964731,0.8553703953670992,0.824361846704843,0.16805126992002523,0.2929472280466165,0.21251952295298482,1.330451671562317,1.140962932365408,-8.490697019779914
0.16780026516144225,0.2721709969015857,0.2107836195617871,0.26807273729848086,0.2584079692737304,1.0965240633588222,1.1684314486398615,1.2083655667382807,1.029434187089243,1.0807051549234927,1.0243462094296418,1.0067547800588437,1.0078902151228721,-0.148882796020883,0.45166247328419384,-6.340054879277189
-0.5728181095411989,-0.6425269601011792,-0.717851620631427,-0.7552716835154663,-0.6955415161670113,-0.26592174920829253,-0.26349063246829535,-0.1768088926271595,-0.2391138950588744,-0.11311189377081002,-0.5748785311756114,-0.6288856079915887,-0.7066870946447776,-0.08815486887039078,-0.319512449919035,-5.315642496922747
0.2129276098234156,0.23288070069333516,0.2248819712042841,0.1509795038630309,0.11491324224605635,-0.5319739608504023,-0.5526925577894631,-0.4888491887717719,-0.6543389100102497,-0.5658814268884731,-0.1444965347419066,-0.27370488367763224,-0.17699775117758165,1.7776448188194294,0.51486117993516,4.873649598112426
-1.0762099574722996,-1.0308347723140803,-1.0206328266338047,-1.097082273733054,-0.9795755740458858,0.6331795053246391,0.6599979192743722,0.6137643768499663,0.605727140146706,0.698535856559097,-0.3234197159775867,-0.26949838490859956,-0.26878907620736736,0.8762059916716602,-0.35997617358090106,-9.1599376479104
-0.3229873099513713,-0.3618829840924894,-0.2495110940352391,-0.38013229022306483,-0.1874476715568144,-0.7441177940012638,-0.7618039595828832,-0.80422638312194,-0.8212039560114628,-0.8463950944214542,-0.7898168039253156,-0.7887213148630928,-0.7710140796955185,0.5740812821065351,0.4121143007306019,0.561574043218974
0.5034292591979354,0.49829154297126965,0.5019196477610014,0.5128028479080382,0.5060140630796546,1.1093845280219632,1.1871255404768881,1.0598520717173812,1.236775032054311,1.1365820372222246,1.163195143200923,1.23183318095152,1.209281920008192,1.9581316153017756,1.3964657004557333,-0.5682593202873425
0.42349227227282255,0.48847185536934334,0.4655963817728271,0.5257718242657581,0.5434234261040747,-2.0005464200805,-2.034405565652298,-1.9714546657528527,-1.9628442707108924,-1.9432379654776928,-1.0988147893008375,-1.165136108593895,-1.0983431919399056,0.4898112547940131,-2.0771596593008277,9.810038224318893
0.02633570254914086,-0.032082132653589154,-0.051788501378856586,0.1038392748886436,-0.02494024979678937,-0.8165487712220394,-0.8316658646931376,-0.8467184795813226,-0.9058563222991902,-0.812821610448984,-0.5808519099441201,-0.6904211531795336,-0.6129289652183747,-1.9865271419775223,0.7972522985400334,7.49138190390586
-0.6250697701582396,-0.6092360602142546,-0.5316996441411121,-0.6295327892911295,-0.6534133738537594,0.26258921818522385,0.29887864026512506,0.28425806286312305,0.3308812778966458,0.2140188794543494,-0.26092080699395825,-0.24879314650077644,-0.2963496916388152,0.8326657578803607,-1.5390549215704685,-8.161532354180403
-2.16290125860415,-2.14225708742103,-2.1669469601648226,-2.070485607905347,-2.157842594367997,-1.9916443625111717,-2.068198465312822,-2.1633304535679407,-2.013773532276825,-1.960141536550463,-3.0846211728900332,-3.0198050146872033,-3.122101477156076,-1.5920084571186501,1.2283277105444614,-4.979003189722607
0.5293242910086635,0.38331166432378216,0.54006712822379,0.4464069886473013,0.5166563771505115,-2.6171067027353683,-2.6493456491039855,-2.6734114228434636,-2.60825125765361,-2.5578805758323133,-1.5848662321062994,-1.6092309194848842,-1.5738041267032314,0.4520053685824477,-0.6370256098728607,10.049594440297344
-0.49747004711553894,-0.5061026668938556,-0.49819106633707966,-0.47499130395313943,-0.5389426577609386,1.3317600521642614,1.3533456880261037,1.2815163401555922,1.2587873139094257,1.2720232188557807,0.624335896751877,0.6178263416397582,0.5247955977034316,-1.71374357412924,-1.217671377606484,-9.88784513604154
0.40228151930232686,0.37929190765551474,0.2950639910254449,0.3467321029475201,0.4006030010026314,0.12277065589261303,0.12246890632579552,0.14877722974254237,0.08469359738793308,0.21412666276264558,0.3710294789723552,0.3650765534732357,0.3745730762717632,-0.46685541039991946,0.6952692270887474,-4.232980013388436
0.6993855304279124,0.6970124698270782,0.7982008233245804,0.7395507020712805,0.70183866404719,0.23797995381989126,0.2840840452652964,0.21909362546562278,0.1633718151861973,0.13178379877107166,0.6974583616784152,0.693448906706887,0.6661603502222522,-0.3637845296098712,0.36417006314241074,6.1740141292298
3.7480816025017365,3.718140258871677,3.736220890534258,3.7567997563448317,3.706910482985792,-2.057160112893981,-1.95485082872043,-1.988418482122218,-1.9775842288659495,-2.0111459216625396,1.2807965943329482,1.2794650877225555,1.350420597395863,-0.7701191072317533,-0.9991869029616581,34.04955448217068
-0.25751964387317805,-0.3200483055296369,-0.23051893851132588,-0.30199812987415436,-0.22156265873185943,0.25479685876343156,0.24863089977339536,0.30472473601305666,0.27685674553189255,0.29691259038745826,0.0497147159131779,0.0008155984702730122,-0.019725225036502765,-0.3488519971912,-1.2529997571683937,0.39587218971063765
-0.49750698133294896,-0.3470622708499365,-0.34183172080101165,-0.40689923172279074,-0.422026359042609,-0.5265126479921054,-0.5418515618463675,-0.5926534005919658,-0.4641366486506186,-0.5840195960619512,-0.6590371108875053,-0.5609464603048904,-0.6404848345455715,1.0325617203605524,-0.18748148749128224,-0.44253476253945856
-1.340551256315063,-1.4560377997174967,-1.4244172341308439,-1.4442365177879695,-1.4615547808091098,0.7397349715459869,0.7162193787775633,0.7435619594303771,0.732302967542569,0.7262411634296444,-0.5857713277621469,-0.5210344554645683,-0.5623266426230907,-0.7139529121595534,-1.2040869501711966,-14.526106711865268
-1.0090336490422125,-1.0009280948320307,-1.1031779143289806,-1.0322457062218136,-1.0169256372295996,-0.3528645839583316,-0.4639317307581085,-0.4037751098540284,-0.5628904997796285,-0.41545841115585824,-1.1565870680832497,-1.0737926900037678,-1.0560579876723393,0.5451408795105409,-1.0614729729236276,-7.7559778098602905
-0.5284280984727113,-0.4321309401383665,-0.4597826637819494,-0.5618699412467959,-0.42869846800433076,0.3209797039558604,0.2949015273902579,0.3594086739410347,0.3536630366927237,0.3311772238030032,-0.1365357490159501,-0.10191584789821713,-0.02079995097278038,-0.9656496396073002,0.11562079042143356,0.8172548002826767
0.6649122704046458,0.7159734591913514,0.7200635328001683,0.717448646997056,0.7522602475916502,0.7252064399437375,0.6863018465411688,0.6421303302964111,0.5787315340423171,0.6928523787802219,1.0472425683049356,0.9972598709348236,0.9569983551813646,-0.18949957639212914,-0.9658716342550967,6.188891531325492
-0.1494076675340771,-0.2172081848516222,-0.13249285729383375,-0.07118547477161982,-0.1995242370054522,0.6022708731870278,0.677485729372116,0.7267592557615744,0.5869235182894345,0.6238040248871293,0.3525664721756244,0.40986306214566715,0.3597653875676291,0.3238392663274503,0.4265392900265429,-3.0016779590470986
1.2354130777405834,1.1267832988831967,1.1233916640802906,1.2892812003991605,1.2055477678049846,-0.6164584476510617,-0.6527016947506459,-0.6582309838038,-0.7234992418146103,-0.6713137147876036,0.3717700554718659,0.3893693874566816,0.5413666967735019,-0.9965284166185597,1.4901435958834768,8.271789504981006
-0.16717898388268612,-0.25856428496218714,-0.162613345460355,-0.11750347886641231,-0.1809666681238457,-0.020105411918154244,0.014787136463117238,-0.10939556141575081,-0.09414568442868795,-0.003655174378677732,-0.16814390142133406,-0.12846710381049803,-0.1778903899124795,-1.31172043291069,-0.14855541490058238,4.393968310365553
0.249207246415048,0.17093663536041048,0.207699085348092,0.2408499686142452,0.2556748797016264,-0.15609051994747142,-0.13750625276644035,-0.09800231717906105,-0.1791750605678754,-0.07088328046456824,0.07866742133718985,0.078497597409981,0.09829736082478585,0.4918781505788882,0.13015106198558457,-0.14213894531991977
1.5245242041493714,1.5681356360571503,1.5818776365430016,1.5152620328683764,1.4498188591770864,0.9515291631970486,1.019890739638014,0.9738013701881684,0.9463513015070718,0.9754780658751679,1.8385217432353884,1.7464987942669798,1.8339223675917329,1.1230803993406389,2.018096732835487,5.719802766172504
-0.3603972647530868,-0.42697132036132984,-0.4016081823282224,-0.38265074138753086,-0.39661065274368396,-0.8473405785935175,-0.8898248427446156,-0.8741842167631235,-0.915318901071456,-0.902237766927747,-0.924693326223184,-0.9230764375647268,-0.9392922047717988,-0.0790650194873722,-1.1876011173773469,6.197723225450523
0.8606496131597368,0.851724679107904,0.8442373401957693,0.9102572293798511,0.8365201193852845,1.430316371647183,1.3484028637950083,1.4535007543099878,1.4168705223259253,1.425276770738499,1.628338318423936,1.5888688099914379,1.5587409280680156,-0.45731290655670426,1.1912351951807418,-4.201388266999923
-0.2705539975378268,-0.32909227303908606,-0.19375572292481863,-0.31565136823647405,-0.30385663852423617,-1.568673533820828,-1.645507898506625,-1.5384082691133618,-1.4456614005460808,-1.6014348939476377,-1.2967470339177236,-1.2815409612692163,-1.2517086037780998,0.15567538768838682,1.0708575979124821,8.11308028191516
1.0148701276860974,0.8868436635896118,0.8968199424066389,0.8809699196979826,0.9002956609274383,-0.45853292154987463,-0.4654603759581289,-0.5602945271500555,-0.5096385632134912,-0.5072413592556894,0.43680499492208463,0.3113446591413087,0.2709051712526149,0.055479918765380484,0.8543173391737832,9.861434856361484
-0.0989472225235064,-0.13662396187560644,-0.09981511617151807,-0.11550574562778838,-0.20618438438050396,0.3763089059486252,0.2826680599690099,0.3228377756773789,0.2936286615935215,0.30426885949623417,0.06500624172930564,0.07753734403298185,0.07264816299970742,0.24290254071125145,1.2917478507326312,-2.6331658179602493
0.23855181387781027,0.09528768277133531,0.18051749807305123,0.06710450936376583,0.07730609271015325,-2.8465152170784704,-2.8152823083429546,-2.861880630076323,-2.9677520404813102,-2.8867939316882665,-2.014015715804417,-2.105735049713012,-1.9737772774289428,-2.5282451003137143,0.2805749659586189,10.15703378646334
-1.6051242831913628,-1.5563098454636628,-1.5293039060019722,-1.582535620992287,-1.4544856417541832,1.1870159069290636,1.1578893378004977,1.172553781446562,1.1306480260709686,1.1852256766614742,-0.3006581260411267,-0.15592675854769045,-0.3149622304499662,-1.0691042911659632,-0.5829294955992674,-16.83205823645518
0.4554815335252907,0.4715795507977831,0.5228576112964589,0.38062938351799674,0.45524599817475836,1.433688341549201,1.3853072472504542,1.4921666578140016,1.4770917734329851,1.4856826887861772,1.4127232305809276,1.308676068407007,1.3566892217646023,-0.8452301054368538,1.0945732912205675,-2.5095245424840518
1.5558901028603307,1.741784928326571,1.6315376280861533,1.6322442029425746,1.6179564435248488,0.9689151490087416,0.8659456741260746,0.8953400884044563,0.9216139476152289,0.7904506742257934,1.8429600864433735,1.8761790205429802,1.919651528781488,0.15086762851156252,1.132842211712895,-0.16149120041180876
1.1064965976427574,1.0677870166469443,1.0389834615125477,1.0087206756526057,1.089870680039155,-1.0848955682578272,-1.0695519378454368,-0.9677162250938176,-1.0471106502768477,-1.092393963769897,0.02604541599788576,0.07769385805641765,-0.02202709500180236,0.18587788362226634,1.1053139014932878,11.498221419407654
-0.605570251986054,-0.5746917469448118,-0.5761139996412692,-0.4736055234410915,-0.5957646244504095,-0.5332359992231737,-0.5913279350089091,-0.5114641668889892,-0.45806565142286565,-0.5755181562567144,-0.7409060377917609,-0.7444779064832496,-0.8574084878921986,0.636180488684036,0.04450208231923648,0.3927813050106892
1.2581012034818062,1.171558759677124,1.1836759656589535,1.16080711114153,1.1781668257172357,-0.1696858212955449,-0.2949590167020085,-0.2146707891986463,-0.11860895355420048,-0.2690431441809846,0.6281097176455399,0.7175271728165021,0.6886857660825094,0.2575817492104368,-0.7161945136133265,11.433985734171733
-0.5805645465939255,-0.42222831632929686,-0.5615331321551525,-0.5447313251811323,-0.5128054137412157,-1.7518204550658538,-1.7681138170517958,-1.689326006839224,-1.6439579011492114,-1.70681435202765,-1.7401385220397927,-1.6895296862846123,-1.682814431794168,-1.3007350703873357,0.19136225411161115,-1.2932066854421178
-1.9011013785471509,-1.921610039869739,-1.7897538171303637,-1.7872383928903963,-1.7561806942875908,0.014851371527024468,0.006478907209852142,-0.07006964222583181,-0.09132839025167702,-0.0773167486901146,-1.4511950932780198,-1.3190678677368215,-1.4488059707631138,1.4470046175850602,0.9422300175678358,-5.94257946171415
1.8643490122341415,1.922073350008708,1.9032316733729382,1.936029457732596,1.8866978744857663,0.9103866150457263,0.8753671218638532,0.9047333014648747,0.7932393867426486,0.8363066240326288,1.9705139784738612,2.07471665952398,2.0608947319836144,1.2719183034223662,1.0243517898599654,13.107558893810669
1.1017469552110781,1.1947812313339818,1.1506060050073823,1.247815751599667,1.2824693701519267,-0.8117326639204907,-0.770891740895074,-0.8337338279505574,-0.8243077494211392,-0.738991352251792,0.3219396545268861,0.30278847101527673,0.3153978704111146,-1.2581972900269258,-0.42967612707459496,11.996441517310254
0.22737488475814333,0.2181584983419868,0.21575956290536388,0.2435010092281564,0.2352210451595874,0.16015440366612854,0.17588730240952588,0.22969065631592556,0.2034699389861191,0.13557621863717206,0.2543883762433951,0.336710398422998,0.3066936097063868,0.3327052943741829,0.31537289612739006,-3.0245265904557126
0.592613345327996,0.6629988699410759,0.7390439097668882,0.6643252201012693,0.6604955204002028,0.2733215644701803,0.3339982038344717,0.20866304516695647,0.2968548570770037,0.33613107435968337,0.6999562686862013,0.6996549035426092,0.7002844356171305,-0.5954243852430158,-1.308778304485956,1.7931270491278137
-0.9106211014563326,-0.914492232058413,-0.903470514635971,-0.9269373207633336,-0.8015511972280673,-0.11149198423926669,-0.05151838376473328,-0.10450303109743558,-0.17563316388741285,-0.1437879015737122,-0.7270141950470961,-0.8034112615042834,-0.7344090231121737,0.13886398920054824,0.9849501030058511,-4.684899212287172
-1.1775841294330374,-1.0381230094669527,-1.016061133277143,-1.0352419556681138,-1.0573438127767227,2.3494537284647183,2.1911755934422685,2.307355425592217,2.2874517201699827,2.2871873912938603,0.9178640186605777,0.9588886144070837,0.9565491366207513,1.0533102796418705,-0.7833087567250635,-16.18589833283658
0.5559975141460272,0.7276579144250513,0.5111422146980117,0.5456429512908783,0.5302561791742475,0.1478573770315631,0.0331691820237651,0.12739817614851898,0.11033572094637303,0.04206685133355208,0.4526306781752355,0.5375190268534363,0.4577689666678935,2.130104266320959,0.7852553595715474,1.79441031495497
-0.8221536292308971,-0.8639207275510201,-0.8809250159145312,-0.904577868622485,-0.8216768844596026,0.03935713363573202,0.09839477124369492,0.11316349281071358,0.06857169895206056,0.15075089786987533,-0.6025603724646058,-0.6563120161038571,-0.5793721344019539,0.7512777051426102,-1.1493045773901618,-4.132169009461682
-1.1616401521357533,-1.2220758266090685,-1.2381865820273819,-1.1597343584863022,-1.0757836674476209,0.35752668458206166,0.3496870190595617,0.30322781855028086,0.2701519052452627,0.25591867154238956,-0.6299516442788304,-0.6429981690230184,-0.6070488999114789,0.29493473511013596,1.0314159064340078,-8.465032439400181
