X1,X2,X3,X4,X5,X6,X7,X8,X9,X10,X11,X12,X13,X14,X15,y
0.27123806145802865,0.2568136978223326,1.376264676413715,1.5557116310486787,0.31276147852029734,0.3162717897241352,1.3980440078010081,1.457543392566446,0.37315344458556,0.27858850040956457,1.4207566965479599,1.5092812161102134,0.3583781063417242,0.2610106235080529,1.4480605038265077,9.716069383915094
-0.3293650483951313,0.7375474183258978,1.692284548210769,0.38457171036981536,-0.3529873869669569,0.8138887588656127,1.7085561167449757,0.49509827861432415,-0.42175392118586846,0.7865900563380903,1.7132893539649292,0.47182296330130996,-0.3258394140110038,0.7693248672956493,1.684763205116811,-0.2393411291847869
-0.04914263899416059,0.06621526054979364,-0.6972750155708362,-0.6185311519227294,-0.05866223046906602,0.18093191478807163,-0.6800410594443811,-0.5987307757964446,-0.06643323539025607,0.07544728078703601,-0.5384006346542759,-0.6510536904877977,-0.0956597582997008,0.22398601384771008,-0.6156041873380976,-5.40408797747968
-0.9307668122496812,-2.58207940481913,-1.744706574492067,-0.31633886334574396,-0.9186617431659665,-2.662699779782147,-1.711785881207704,-0.26689341176296055,-0.9564813307109182,-2.6115698037563657,-1.676841238358445,-0.2573095873708487,-0.9775232872018499,-2.5678103330720377,-1.7468248681452765,-0.9099070197161645
-0.6900594148744161,-0.2567751251454201,-1.584508996753703,-1.7021687477256682,-0.5578236639588491,-0.30118770086289537,-1.513942554645048,-1.683317757026023,-0.6209210637903932,-0.3008255059114188,-1.4497689353425365,-1.7749024986932245,-0.6045738234212924,-0.3377222118038899,-1.5363237293458871,-2.9561395940566193
1.0666815985376883,-0.20381572353031402,-0.7589686236611658,-0.22156270300009157,1.0655776013885006,-0.19788949632232003,-0.8393784558347952,-0.27100376417774513,1.046078037649226,-0.184437369310693,-0.82567450462376,-0.302726637193466,1.1279764537644015,-0.22108861085230558,-0.814531921746771,8.41762361464879
-0.5041722073743653,-0.5494339421329592,-0.7114340028657243,0.05432453301738589,-0.363866465370638,-0.6119883633313925,-0.6453350260420185,-0.04940216844735426,-0.33843063480375185,-0.6426376632464463,-0.6996243807748466,0.03575976706857678,-0.39315360695404045,-0.5762056813149763,-0.7814284072119223,0.343803475110803
-0.6870214294292006,-0.5699902261180426,0.5507203355833653,1.1891120160369273,-0.5806266132957887,-0.5453787553655649,0.5909180173045006,1.0845942660442773,-0.6572975737632777,-0.6118721003260814,0.5633953326580126,1.0983070965618023,-0.6152878296346401,-0.5820145608908726,0.5808808088977981,9.766254347476162
-0.6698380292864646,-0.3893534620013589,-0.017466867975303967,-0.9174446716890634,-0.6610661608164635,-0.33738425410905837,-0.1168516209249062,-0.987568078150258,-0.6638272512710715,-0.32016272932049833,-0.11494860040454061,-1.0479250224984316,-0.6618271596977253,-0.3849372045659218,-0.09599099573442621,-0.08527406581203101
-0.9770448570204989,-2.371724210309771,-0.9862866042780224,0.3549906616564639,-0.9571652314057155,-2.307243185123007,-0.9035023666801097,0.27887760589971106,-1.0290906655570455,-2.3817836172867857,-0.8493364401641453,0.2585506485931585,-1.0031877605297541,-2.313347022157514,-0.8760226464098415,5.5015315206574495
0.694725775344154,0.14762174590108376,-0.2761168646193971,0.2167659407666125,0.6791910927927467,0.08479335155470907,-0.22708402436378486,0.21253087295277104,0.6630184426083929,0.12162696524267944,-0.2992825577562535,0.18569435476361518,0.7693640701734903,0.046616812299650576,-0.22812366173770446,-3.8980603196715133
-1.6850022700235814,-0.8155812386163461,0.2880891443105549,-0.039806158893481845,-1.5931729694302226,-0.9171749262750846,0.30833281580165206,-0.047880286097099226,-1.5753469511144238,-0.9021465184246071,0.3617263839707423,0.03633272314096442,-1.5765094882597455,-0.8589908338828792,0.3469553895796264,-3.158543702647221
-0.832179117853722,-1.2155425599084029,0.038198328186185224,-0.058253996433059674,-0.7886075898023939,-1.342024092981947,-0.03757206314486097,-0.10857623707831496,-0.8152558855366969,-1.278577855676983,-0.03395030576794844,-0.05565353997313953,-0.8449944251999191,-1.2168149493182074,0.110899568067539,0.7026580277437438
-0.164597826462876,1.0960565787222156,1.4382766668425537,0.3754749426810348,-0.17732443607288687,1.1153811826542444,1.3602701405628774,0.3000361924607765,-0.13219327148983412,1.2042580148563216,1.3308942377628161,0.3962469259409958,-0.20315557813082588,1.0903931074633606,1.3568301492369341,-5.290088502132966
-0.8608548111820674,-0.044781388316250316,0.8742879785659047,0.2614522759273913,-0.8757707699619501,-0.05930816515639157,0.8914872509964328,0.32398653844187886,-0.855951489975846,-0.08150974822210887,0.8332762603450956,0.3179042698816436,-0.7940903768667716,-0.03681858855135475,0.8409134784083252,-5.7400334398985455
-0.5236909817563096,-0.8379163436317858,-1.6458574326380806,-1.2242286715312973,-0.4274920747154875,-0.8611754527037647,-1.6007148616250304,-1.240643938859525,-0.5207975166173286,-0.8778737660882786,-1.605979449737184,-1.197157658390945,-0.4876408741430975,-0.7547524084380205,-1.623355949869752,-5.061491652264797
1.439722985582253,0.9365484746225073,0.6534397501705306,1.2885869884109085,1.4271183731524253,0.9567545874258891,0.4908269991610742,1.281619615035874,1.494685035845059,0.9546832528198665,0.5906660060934539,1.2559377054211223,1.406322669077059,0.9846618550025369,0.5109361112058937,8.125389926204116
-0.06295463286700277,-0.1971495448523146,1.2216550974532243,1.404714222778353,-0.13477464535240263,-0.3359956010526866,1.2348543212425849,1.4100394055388956,-0.13413572896112314,-0.2455032676886042,1.2344769451456261,1.4374807604336817,-0.13871065497365326,-0.2748324334553507,1.1198636888194897,2.984580105777992
0.8842407335569816,-0.31236588784267133,-1.6100215919777368,0.7005494171030257,1.016175040492698,-0.3298567120458802,-1.638394943596235,0.5694307245146539,0.9420345642368531,-0.33719736353564433,-1.6234703435138629,0.5865306143830308,0.945300038336001,-0.3115242043223193,-1.6033919665475036,-1.6706256277820672
-0.11417131789043714,-0.16424205119526572,-1.0709364563793553,-1.5350669286113072,-0.0608743774562669,-0.15085552326607307,-1.0294064851125233,-1.4724286811103444,-0.09913044962939423,-0.1968349012047125,-1.1257985178580392,-1.5483512922646634,-0.06004624162810196,-0.17646122297415726,-1.1834110072176893,-2.35213444573305
0.1470268620410654,1.1695310965604615,0.8838256521255282,-0.44398389443648256,-0.08072565229761355,1.1818580381327057,0.9485951779499375,-0.5186873719148347,0.008713798182442237,1.1644663984749748,0.8553999588397896,-0.512214057774688,0.039422797711147,1.2160187125480113,0.8696445107523082,-6.595203916133036
-1.0190332403094682,0.11107979571738585,0.9495337696044364,-0.3033698875181566,-0.9761120454257922,0.22823899811225168,0.9597772312752484,-0.3032911661366633,-0.9214173676985441,0.1984827799871043,0.8838396731911835,-0.21536610976755258,-0.8240834184184669,0.15030050701447317,1.0353609004356192,-1.264914044259823
-0.20843983972435037,0.4595642520520706,0.7834582337282002,0.4292209315239198,-0.20644717002372015,0.4170802732972394,0.7268993690366545,0.495216985201571,-0.0885182168611855,0.4598839844007131,0.6144508869680847,0.5226339111141028,-0.0746400849728355,0.4928719391947942,0.6333817789816304,-0.31252667714015303
-0.7190602798206125,-0.5773643472672247,-1.2055515627977496,-1.5904118729975627,-0.8057742977313056,-0.4533416645546375,-1.1885559238788281,-1.5459197563204508,-0.700363782770045,-0.38019192021587783,-1.1404012968133268,-1.6491146044434672,-0.7704138165421879,-0.4616013776789518,-1.182056791103594,-6.0648693691418485
0.3595972318948893,0.32576661663205325,-0.15254955941198922,0.04687151442007379,0.23660365164789243,0.21427722888582443,-0.09838963999236863,-0.003778734346325436,0.44183673558005926,0.21860032043209948,-0.22806976110747643,0.015014377073540076,0.35274408255462725,0.1866940317103577,-0.09132909542065526,-3.1366601356517214
-1.400595663686678,-0.6038705680494688,-0.7497090491537637,-1.4710707919774344,-1.391533266184244,-0.5074115119224197,-0.6816519599892832,-1.4111387158199555,-1.3601200862632328,-0.48905572978043294,-0.6746700398821341,-1.5534594007010094,-1.4334280025314992,-0.5271857950876591,-0.7415234101560916,-8.737120648531214
0.07434412584935998,1.4033539119855898,1.6672712054465797,0.05841446097490326,0.056304853797850114,1.4331264830146717,1.6259703427572434,0.053726805372009835,0.05702239719547753,1.4952142190731692,1.5965456973874161,0.0475996467245478,0.13017301077993418,1.4424128458174172,1.6283196180646424,-0.14645450977053642
0.14838275608013554,-1.2328324220116786,-1.6262519990182835,0.07695594444657775,0.1643680259583331,-1.157235443097829,-1.5636846560844777,0.06247795767682561,0.28380211252721405,-1.2126418278052606,-1.5895507278283716,0.17033580520210906,0.13693391087284085,-1.2174535507783535,-1.5690454191931675,2.3396895950746934
1.60605634104881,1.9195808973621744,-0.07123816099855582,0.2195289299700323,1.4448733724998668,1.8699383490368178,-0.05819146433358635,0.2956344498839219,1.4559486248904023,1.8258285618185324,0.06402759811013292,0.26665087149029487,1.609816623143164,1.839074041295639,0.015445734822207818,-0.8092496478892146
-0.6888698154050079,-0.24852329142348076,1.3360623076930735,0.5968445973407686,-0.7248306456773118,-0.28322099063250095,1.3612613949380061,0.5929642294119098,-0.6815130796217984,-0.23265054495828577,1.4396789004314368,0.6082756945306211,-0.6556606481900209,-0.22569472118176914,1.3174175451146894,5.6070979115992445
0.1303042603519431,0.05235983292434518,0.19942866312054658,-0.7150669816989146,0.06644727085157788,0.1135654212802089,0.3222959703016265,-0.6770265244469044,0.10875727560190916,0.13967155928623196,0.3370064331537088,-0.6948482987496434,0.11884641213245561,0.11824885817678099,0.32342706151798134,8.267915143386784
1.712947697736571,1.220759623607437,-1.153449265242496,-0.12751781491652178,1.8588566987856332,1.146064912622715,-1.0849260264878324,-0.07224598555818411,1.7250519319021476,1.1294134031632435,-1.1071150953982194,-0.18410842631187452,1.7248092418783585,1.1777699072854035,-1.2192822806969188,7.252842794472542
-0.27992198722725,-1.2966285505933648,-1.1742679751628253,0.13968706535169947,-0.15179645731232527,-1.3087196644007493,-1.1741747066833694,0.031257935587863495,-0.2285793473435315,-1.3248616386351062,-1.145049785483198,0.14249268002179674,-0.25597524402722677,-1.3340544500774263,-1.1508385430501797,-1.3993930216040567
-0.7076414455740463,-0.14585884817131395,0.14988381244586782,0.5534490821645299,-0.5264202324492607,-0.23176943350086202,0.167356300875369,0.6520936371505082,-0.5696251569120069,-0.11097034711915676,0.1085963767662877,0.6897658074821553,-0.5029036363127198,-0.25298664665565285,0.12423633638621888,-9.916702387696262
-0.8603085846465328,0.2662478295158034,-0.15904614480370444,-1.3743756304308161,-0.8361702326254558,0.22899353235147665,-0.18654589441201685,-1.498549513729179,-0.754560407801869,0.3339585044107453,-0.11379634303904472,-1.5044456755574012,-0.8479928535821502,0.23202953826224681,-0.03957445226080469,-5.990183525781919
1.0140887595720434,0.2009423577183287,-1.1717394144438324,0.34537986480021554,1.065522620015775,0.10098962532167267,-1.1999670274298364,0.23493574133246942,0.9305880552387499,0.12394272870667719,-1.220764775530842,0.34529275659366077,1.0223606869487367,0.08440116044704697,-1.1928971488402087,0.6030058374596532
0.7028472842525436,-0.0074573843531952205,-1.7387073623222729,-0.979006613835282,0.599348194573134,-0.11506096374534917,-1.7970517801057289,-0.9061268525337407,0.6639027081439074,-0.023574144785986725,-1.7206025999922725,-0.8982644434775463,0.7007301546168632,-0.10458233224732782,-1.8434279709596852,-0.7113760630038808
0.5846683932858235,0.35354768164391,0.323514534049056,0.5437049448086198,0.5255661249552466,0.4552305110135246,0.39261675761538595,0.6119721533699009,0.47894057618236663,0.35641473823375197,0.3890893050286923,0.5235389308830652,0.5983299506740891,0.3581969891097877,0.43722813822886847,4.883548080890786
-0.4057825731520932,0.4428406913485692,-0.15314125226157643,-1.0937848295929362,-0.40885671396064377,0.4003475804115642,-0.16322505432797943,-0.9712997641885172,-0.3179294193100117,0.39674055431097627,-0.15188254433777287,-1.0360712324357968,-0.4398091996129626,0.30187295587473595,-0.1477144954230869,-6.100914461625929
1.7424750843341075,-0.3165573521042141,-0.5182453223949048,1.605578025466511,1.8896212669089336,-0.3360898014291964,-0.45982681203107917,1.6075746353052989,1.7233959493118742,-0.26878978616309546,-0.5323177854573893,1.6454968322619503,1.7722071692866401,-0.3044854293474452,-0.581014564986998,14.500253820626893
-0.29725662981629675,1.3497798212052916,0.48217132730272844,-1.2030354329891413,-0.31761151927989034,1.335659485273288,0.4406435322869517,-1.2666593213773556,-0.2911490307244272,1.2800083637498043,0.391351725386713,-1.2615779712139665,-0.2980121761926411,1.3111447025716958,0.4704975996288437,-3.593307465643387
1.0566633735313873,0.7388472959637262,1.8566479283315447,2.0747653165560087,1.0092071973968924,0.8382441151199927,1.7848873281301374,2.0388079463008784,1.0132990680712632,0.7991813319436423,1.7663760070891463,2.0298144148318396,1.0699964044724126,0.8320230399301425,1.681469692854493,6.190818531535361
-0.7293465307873137,-1.1452168775307157,-1.0909970184467008,-0.7768412353932747,-0.7206477092223805,-1.1165326090529646,-1.2140588053298862,-0.8111150926555665,-0.6534522397559571,-1.0498023511695433,-1.1364068301389452,-0.8845830616353433,-0.6928389714484778,-1.1507705932557206,-1.2671275291670114,-6.434092075827408
0.15799220175057038,0.3982948799344983,0.6998579864546768,0.5393688576662694,0.1903062966222219,0.3476531596680961,0.7238818272310152,0.6692366343059021,0.1835029166022467,0.3901811166619795,0.6788884564514088,0.5731496071840313,0.1298689752323972,0.4386329681626468,0.782283035409066,1.8700781487305784
0.9291437033444492,1.0454361025277452,1.4258546123672993,2.2238352311275347,0.9301807725131834,0.9889568469946124,1.3789613453459864,2.1837233215162453,0.9660850828118975,0.9369766601502942,1.4266194138731803,2.1936269188149953,0.88476311639333,0.9815688943862894,1.4091925696535106,9.633933796490375
-0.034515670085932995,-1.2747075189495531,-0.5880524709653799,0.7336228794571344,0.02569310443223098,-1.4024834973793647,-0.561220621365676,0.8043490535915246,-0.0011859721406649315,-1.251862465287718,-0.606357613619301,0.7610583032233951,0.019373262246543718,-1.376665723427385,-0.660341215625421,4.4262669108999795
0.28466509880060364,0.7514186524669849,0.3349915943025028,-0.19173231720686348,0.21816903455220632,0.9190570173907748,0.3574333688813022,-0.11957073443469916,0.28238396907610075,0.9149811312668225,0.31919514271891924,-0.21740269919601268,0.2042068513184356,0.8788295530562333,0.29994944304261256,-0.20900477460830036
-1.445610587042615,-1.4808884941891178,0.23327098272228203,0.1723990795480824,-1.621678647684893,-1.4828292269890506,0.16711161811919084,0.14764187866588668,-1.5698987324298905,-1.4581807387897157,0.15431921774196786,0.18713716433230917,-1.6521717989106035,-1.5099427554002103,0.1104572913142124,5.576225925635194
-0.5813854115723742,-0.8365893922191686,0.30248444432171423,0.3731327242165776,-0.6408243844432782,-0.9023495149428624,0.39261226521848674,0.4273814876084236,-0.5252917007264983,-0.8949680051911726,0.3305918430033731,0.4887114862543262,-0.5424700143375272,-0.8844848934141407,0.36143708194460145,10.691141246994304
-0.5951855328933237,0.14857136770835,-0.6822676875498527,-1.5023449165721674,-0.6106572603055431,0.202745182425684,-0.6175278234741471,-1.3361310569320535,-0.6379967043679061,0.13597909054377316,-0.687237551640768,-1.424984374463471,-0.690748341140925,0.17842832691912616,-0.6577527531319564,-6.82915713216042
0.5857977499164977,1.1349115492498718,1.5675812725863916,1.1061037812870638,0.5686802376356422,1.1195746068722474,1.4101273916488413,1.1299312284358898,0.676470131820388,1.1125558106902063,1.5130358926000356,1.0516486242674135,0.6869495898376757,1.0691177312195996,1.5076688122080715,2.3997548601400225
-1.655767960184644,-0.4236805982255482,0.7713016096593576,-0.39562325216940275,-1.7237013435772108,-0.4976705973258628,0.7521432922340233,-0.4991930863351052,-1.6093055250323773,-0.3622485237368249,0.6780629138746943,-0.3691692597114531,-1.6726268231888919,-0.5014331533255516,0.7168264817336244,-4.298052974599812
2.746690624686786,3.441802510537309,1.1198952103220392,1.2699835760057794,2.702492507592137,3.421174230813309,1.1045010503797703,1.2368385397311534,2.777803893871816,3.4366478052467815,1.0975189148779594,1.1694886088172933,2.6463004893239486,3.54602377963233,1.206038755414744,1.6606951196222197
1.1637782785915476,0.31838570535701616,0.24588623663971992,1.1958093462656612,1.12957835281883,0.3151931055991118,0.14837417843348605,1.17960443410752,1.121028768211217,0.44029941762277935,0.1562134793985854,1.1683304575127678,1.1300151506078662,0.3055628604631597,0.22439356656966739,8.752920503619622
-0.8113361016595058,-0.5415020542962546,-0.3221055625068876,-0.3910462854730241,-0.7872502621151606,-0.5678996585197719,-0.3943889460242391,-0.35687316167054683,-0.7687682173859224,-0.5255701133714807,-0.3430617569480552,-0.40825021399350336,-0.741395154020601,-0.44950215615941125,-0.31628277407180994,-1.27931820778125
0.7416858263500308,-1.138132547219942,-0.34360763996413085,0.012321912119045542,0.7546899676257712,-1.1165698515105507,-0.39694428989055375,0.06137350467813111,0.7433410872227799,-1.083040077565104,-0.37143628869418815,0.03677478013024161,0.7047326834060093,-0.9850828623701843,-0.3603635142194541,15.218693625229697
0.3489346624847547,0.9451961147539364,-0.5914973717898748,-1.1588732766551635,0.27977725565638684,0.9005514729303472,-0.6063515978424561,-1.1873353604191386,0.20728276330742257,0.8910755556479748,-0.5198964196656001,-1.166348649931323,0.27682635299009023,0.9492238763738652,-0.6146612890026926,-9.719618208611141
-0.1420525298214428,0.10643113289340292,-0.4031365459308954,-0.25738456991058817,-0.17889211957272505,0.09971067354286663,-0.538516590823795,-0.28981888965508146,-0.08473830764286844,0.05120114295934211,-0.4907140559242134,-0.3597633379351661,-0.12748039976190484,0.09043607967608118,-0.5175120237924488,-1.105970976455774
-0.3064033771868471,0.7581605632801803,2.227607280375698,0.6321336817103259,-0.34535209022486507,0.6909746043266761,2.1194085756106813,0.5058818944867756,-0.355116563315548,0.7574319888600588,2.203022224517628,0.6300872241798449,-0.3646122534098202,0.761730356133786,2.1558552010826797,13.028733708110613
-1.5200920789650607,-0.26910292916160833,0.011935786815397281,-0.49879105255265116,-1.557817832519661,-0.19032514789311689,-0.0899495774769174,-0.49237267581713434,-1.4940450860841932,-0.2270419619624687,-0.06820441397231583,-0.5800095735794006,-1.555094364287736,-0.2895387880324331,-0.011177083531570407,-8.316086498677379
-0.6653634436551145,0.1959437719407175,0.9259093479761807,0.29389477136195324,-0.6975945244308162,0.20609806127018312,0.9304340076123491,0.15803165361903282,-0.7317086776126601,0.23741472321235657,0.977620365852832,0.29639741884754245,-0.717807655494892,0.2552880355626422,0.9304105000813849,0.09713510651676394
-1.1469744752383637,-0.5002225856449254,-0.7358314392119432,-1.2129643449976988,-1.1534077425069584,-0.5506905215363042,-0.7600288421893394,-1.2739719252904012,-1.2272817451175413,-0.4440455664221045,-0.8080386111737643,-1.2409370050064605,-1.0901958603262272,-0.5242546399663979,-0.803620284549504,-12.105272282711734
1.6078068823170892,-0.449307207925664,-0.4762540381453648,1.757996940465005,1.5802000758335768,-0.4125129219152708,-0.41371114115041835,1.7041114822874068,1.6251509245277123,-0.40932163034608465,-0.5015361587286711,1.821805308420277,1.73960563606811,-0.4582662947453498,-0.48883276189034947,11.917554873549276
2.3331301641807385,-0.15270300679656884,-1.386638031206725,0.8917626707220713,2.366988801659313,-0.12505358382667398,-1.416952177159619,0.9362623510851974,2.3281643233224742,-0.02814293094750961,-1.543274224322181,0.8614664699970321,2.216207805243681,-0.13775851148641263,-1.4637002995444195,4.044393015428209
0.5393424068060143,-0.262661326830279,0.828839526459384,1.3916651145686547,0.5448555547166801,-0.2770261169506528,0.7516021582795578,1.443405437227,0.6225986806157146,-0.29653920329233885,0.817213589592129,1.3902504168535268,0.6434786354376038,-0.3659056024904722,0.8690687644814654,14.76054417669435
-0.8089036046437861,-2.0026245220841195,-3.221293122867108,-1.4226261745028157,-0.7727441009392247,-2.010734421191793,-3.2102701496589847,-1.392022067557471,-0.7691700138694104,-1.9084779088682537,-3.1786478483041516,-1.34314391401486,-0.7647522050977786,-1.9430549887006734,-3.1684552865684994,-7.761404232392752
-0.9412580149288192,-0.017209969936259714,0.406059766117927,-1.3148733620340485,-0.8925038432666744,-0.06360904024525812,0.4340274516167179,-1.3105514614450635,-0.9333882294813404,0.10114270106650494,0.4813376182641699,-1.2624263724846934,-0.9045252963374304,-0.0127611067651205,0.4874922966412025,-9.712692084689888
-0.25872902931692604,1.0497353505885179,0.34636235012555083,-1.4230047626456004,-0.22730740510023878,0.9980288099363123,0.31318882484327704,-1.390055317847597,-0.29044256172000105,0.9959106918173398,0.2443020897778345,-1.3739777434580238,-0.3011156559993137,0.9801056620851799,0.31995281740821685,-5.1585199917994515
0.8772092150818636,-0.5817467696806262,-0.4645854656390114,1.1478620223318483,0.9383875077641617,-0.5061350488730105,-0.49716139773371737,1.1413051310725053,0.9614832666479913,-0.63035169258568,-0.5574278006559618,1.0491643952016336,0.8482576628606456,-0.6218661731062187,-0.5013686997764905,8.655569438406486
-0.14818308127735696,-0.4238330670770881,-0.20021420869574566,-0.29285208641487503,-0.2190073199806042,-0.40205078205873285,-0.192973802261872,-0.16838452276713028,-0.12674072651720542,-0.4657325018718828,-0.22117842479321836,-0.2128330437698939,-0.17165793040412766,-0.5114674058982447,-0.18411547434109002,4.496414239437621
0.51669259482865,1.4223684547391324,0.5549467208762935,-0.8618510708749284,0.5354678763424048,1.5274635075610703,0.5040790441896297,-0.9570190890344863,0.5233317530355758,1.4954113444643067,0.5205564335008969,-1.0018508081741107,0.4410434178494906,1.5294453080396302,0.58664034611725,-9.520619149199014
0.4999375982309683,-1.6637247692568995,0.1561344494516364,1.703634028233452,0.5689087689019435,-1.6787728269674664,0.17573970510307688,1.669532661382099,0.5756511144241595,-1.6299163948768192,0.2210544676527355,1.776634740540268,0.4657593984372699,-1.65063934478949,0.21287620433775756,15.77338375749716
-0.2257054575267889,-0.5925566638104102,-0.45304983232746204,-0.2944095864495274,-0.17974446870653663,-0.702913952529263,-0.4129052819607944,-0.2815619402192211,-0.1341253977389986,-0.5881117093516216,-0.5098071341846097,-0.17168669151987456,-0.21474628682800345,-0.5776712330679592,-0.44379940038708254,2.1759291985666236
0.031024223703173953,0.8161222825037859,-0.10749555078051991,-0.848949423873127,-0.001475229692839003,0.9683978453008402,-0.10717315930437817,-0.904285557859427,-0.03688830082273459,0.9169008532573502,-0.11665318368119243,-0.8271474463791537,0.06831514177801223,0.87459431287007,-0.17033401828206696,-7.992540409390441
0.8817624271795081,0.743599142660449,1.1134334907032966,1.0800579022605592,0.8004418537877662,0.8362826324749015,1.0739554101150923,1.0106966226388006,0.851826286341004,0.7339061338174605,1.1411954406421012,1.0587216305278655,0.9110322361740261,0.7217159958528206,0.9951020483828128,1.86966153233924
-0.9936476100031884,0.0052708845486217045,0.9255161032222539,0.05362514091258802,-0.9916030407716601,0.0773716696048655,0.9485372365349127,0.0006475910930664568,-0.9765608428226473,-0.03157859114372504,0.9388212702669307,-0.04742478285189994,-0.9601813317621057,0.035896239747412996,0.952249314965827,-0.7638440629729002
0.03551932175617236,0.8625252168994525,0.6032714518891258,-0.44576297006987403,0.04954026756303075,0.843671547171093,0.6343473098945205,-0.5134442682589646,0.05312820221594639,0.880517757183292,0.6455134922690653,-0.5706528746116256,0.08712891753876893,0.8970782481026067,0.6269921644928838,2.0165516927933607
0.21598947043844344,-0.24050489895053526,0.4403497505642857,1.310272160378645,0.37317188220782105,-0.35009456081988966,0.4312053952790764,1.1543725887270542,0.3383544577993353,-0.1996134760094146,0.5131042271267562,1.2593632469459424,0.2953156352465056,-0.2524845627491497,0.5250137398844528,10.790113560161892
1.1290215138757493,1.4508169188355342,0.9901569256873728,0.5399890745462494,1.1663916154648255,1.38081085820213,1.0749312298901519,0.4532013011263716,1.2322600316830108,1.4850914233644958,1.029044536116279,0.42223905436014836,1.1449151820969343,1.4193349304379734,0.9895836381258674,0.640030863615525
0.34412136752648187,0.020190001136122612,0.24808011725809215,0.29723347047667276,0.426113782788532,-0.13790022216240205,0.12925758814373123,0.38317506475149216,0.3957041230413642,-0.026978396299889695,0.21469547345605208,0.28802713539564234,0.33383044664077055,-0.022986231899156204,0.18620873053919662,-2.404364018618218
0.4663740384950257,-0.06448626537025434,0.6782877835756997,1.7492537184100663,0.3998227758605142,-0.020175720511054807,0.6932889722728254,1.7765567870031813,0.4976352975434638,0.03667155660058502,0.5649286834855459,1.7208920581468168,0.4241745986130482,0.040648183683283406,0.607481223666607,6.438372029569351
-1.5682370566029533,-0.2696881377692276,1.417497144075257,0.09189318268782573,-1.4764195563240199,-0.19620046822602233,1.3361041861231435,0.11624562386192548,-1.5285930033988644,-0.2950375675751877,1.4930922955566808,0.02624696937797658,-1.5816898097714542,-0.28172296671422176,1.3109463362618317,-2.0373749488275315
0.9602368928689204,0.49955168302277253,-0.4870852938847731,-0.38230037322037813,0.8498573402450593,0.488245212109663,-0.5344670352084054,-0.3163340619196171,0.8359423753260701,0.46991508639910917,-0.5309112925394158,-0.34154147695558024,0.8958273738940089,0.46965392551457247,-0.570201232195211,0.9412905781046103
-0.4412354078848738,-0.010120253846792687,0.6985592768619295,-0.10475759941204416,-0.3067735772626723,0.05845861585837507,0.7702040931936072,-0.09366274071621707,-0.348546688313003,0.005953215622662225,0.6608602103790823,-0.06525579246709637,-0.29189734290319813,0.11047985100679962,0.7046463347353249,-0.3605036614189764
-0.7876708875356742,0.03846494934754712,-0.012645150646923661,-0.961725961048582,-0.92616718205234,0.059430047458190235,0.022064919701305093,-0.8801109141941897,-0.8934668531117622,-0.015614131895492083,-0.03732415323534906,-1.0670461234226132,-0.8940599139168547,-0.04207208743458554,0.013546831402818049,-8.274544992406195
-0.522779938101903,0.4581633771514044,-0.1248445292883877,-1.0041159175750294,-0.49980722458968835,0.32172494626714354,-0.09940896271111065,-0.9005401777048511,-0.43364924171937536,0.3208294170233095,-0.13388263597110137,-0.8981539821432564,-0.4475005072879306,0.3734035367144874,-0.1184080087657079,-2.310610556070496
-0.19462143846289867,-0.684060958736477,-2.0184652873926705,-1.4016900824513605,-0.336835079152372,-0.5814340821763057,-2.051369920171887,-1.3975519143577202,-0.19808112825330298,-0.6227969179796784,-1.9343082545113486,-1.5200727815778317,-0.2319246072561794,-0.6861317705382785,-1.9691013275997564,-6.147040935934583
-0.6988335938261205,0.04103787240301328,1.0565497048326833,0.6549120056106288,-0.7161805423261449,0.1153915383641976,1.0648513232197496,0.7470772218544042,-0.6767980431976431,-0.007979352894784509,1.0705022322680706,0.7858293444627299,-0.6907697192087665,-0.0762914628349031,1.1284739697863326,4.453699458672378
0.6471423573848328,-0.13513462492158865,-0.6035178469244694,-0.28477475214240455,0.612182280277455,-0.14591611564637913,-0.5782280796589571,-0.43477292875323625,0.6519617406949645,-0.17949663452360082,-0.6501276686278116,-0.3151839755792161,0.5051931046031835,-0.082930845338426,-0.6160479395010835,-6.742813778282819
-0.20737379037363549,-0.07297500842861576,-0.24018041337162435,-0.6296281486305298,-0.2140541197075497,-0.06617248813421761,-0.16285635582217484,-0.5926558858225497,-0.2890085128721562,0.05983308400827461,-0.2662467457071935,-0.7807444726984599,-0.2783688076242816,-0.1751884564106254,-0.22558102441159447,-12.846176815649812
1.2801895379355936,1.069897027437847,0.19128695069777257,0.6091334631916647,1.282598677756686,1.1957969436474634,0.1320764149699702,0.6575274835217442,1.3645274567616172,1.1383662797738805,0.15323451615603187,0.5922670523545878,1.3423263773334684,1.0617286379900674,0.2003688959305872,-2.679700301745337
0.3824081246009414,-0.22180956257718726,0.1915056007393408,0.5080161091614469,0.35368883370218496,-0.2038971355483619,0.12987635053659277,0.4406514686955289,0.24585062102216965,-0.17884446555990144,0.17327394128507062,0.3956565486928707,0.3508695164689887,-0.1601543844483854,0.15304352579663374,2.199384832426884
-0.3913390237683215,-0.6732996415765943,0.31027192907596945,0.38397924715473447,-0.3908381309665606,-0.6615294833823745,0.19549864262697308,0.4539154890121308,-0.3860277763974975,-0.5811355812918371,0.2438457225849009,0.5165392730034091,-0.41923401365646207,-0.5773481625951019,0.29406602052850916,5.298127380707797
1.7475553055683681,2.144531239278055,1.218577776776034,0.316371148448177,1.711998849535624,2.123388068051248,1.2130991860932887,0.2649795053858919,1.7208920022637968,2.0024914794290583,1.2421462940966421,0.2666400014540976,1.819982076916312,2.0274471424812224,1.2286926036899548,-6.387736519587538
0.8695993085217933,1.4547998798251227,1.270471037202135,-0.08948939343136827,0.8099565088772673,1.5213777338851389,1.261180533236095,-0.1531101930440267,0.840948543424401,1.5223295529964382,1.2618858412017986,-0.1060239990341853,0.8446085115322693,1.467946469036447,1.2502534895539503,7.167108398595074
-1.0830108231157558,-1.77114751739346,-1.977657730915494,-1.010238785068609,-0.8995796039137547,-1.7460759707529236,-1.9346134304144653,-0.8936081550377108,-1.0200036965629864,-1.7219955989205402,-2.045974484210291,-0.8653760409420443,-1.0768301235964335,-1.880423053230002,-1.9432578795523139,-4.943710268757099
-0.487295312475271,0.36982630588665205,1.3419403345970662,1.1809967893925168,-0.4593947148681567,0.26222537696085285,1.4327639687629077,0.9801021572205337,-0.44981399867664446,0.40328781524130086,1.4334460586036426,1.0406498600442657,-0.5155274240045585,0.3607173878707917,1.4277435501177504,8.43904439325344
0.3847021393282538,-1.0566592824817318,-0.41920654649074607,0.9606023758416364,0.4723255605607904,-1.0620480398998067,-0.40832596393944537,0.9730930617403621,0.38410201910476766,-1.0345328241998424,-0.37760981273710065,1.001499038168455,0.538043333837569,-0.9880854529862575,-0.4801347214332251,3.716982981153494
0.03608022611387982,2.134487883216028,0.6736988528906809,-1.2113546470039307,0.06446600984571663,2.1781925495372128,0.6420407222491502,-1.139401772367594,0.07814441337776262,2.1777873747400633,0.658127370327737,-1.1332873901995495,-0.019439506243886864,2.1705489424495656,0.632024357034773,-8.834124412177916
-0.5545702505042399,1.0177776056431909,0.6151546718010695,-0.10798202761495773,-0.549859935144597,0.9893804404555081,0.621899625119185,-0.047561124566902035,-0.5500730379285128,1.0163417799304695,0.6625849903245192,-0.1019511425542275,-0.5317707018276991,1.0154160662876484,0.6696962721958029,-4.855509982540073
-1.7101782338801044,-0.42491534896093436,0.002990500787991752,-0.9300730216478102,-1.7549712552242782,-0.4934084451391888,0.10266569590878996,-0.9005287306412753,-1.716931654311335,-0.4631593738146073,-0.0756694838340718,-0.8454229413833351,-1.6513043684439246,-0.4516910897224568,-0.012942073013246756,-4.340620835745222
-0.025284269915917472,-0.11720805949311819,-0.9279934920805409,-0.390313214524079,-0.020291435098052334,-0.09119415399855743,-0.9294871074809322,-0.4335095905162935,-0.03227324070104737,-0.21502304918041565,-0.9605791731269433,-0.4549579599081157,0.049002396771029876,-0.14373738792645063,-0.9757910365595895,-4.098475758828119
0.4724534504254255,0.8509362512261273,-0.1621644035462408,-0.8224040180161729,0.3808710851446448,0.8751789599714611,-0.21062338722766075,-0.8758276329879543,0.3974059041286601,0.8440618130349443,-0.055252268043714,-0.7816679619692637,0.46826348812068763,0.7448172189637722,-0.03824536932290219,-1.797986372951589
-0.4163756840201527,1.2254357514683631,-0.1657445265877892,-1.5341475394978143,-0.5544298466517691,1.2904369987314428,-0.216917694745121,-1.5074218756352966,-0.40507062095480606,1.150206669135375,-0.20441254150922272,-1.595111383531898,-0.4799970978849608,1.3313464764326883,-0.21390949377391819,-6.820548106276943
1.307194382127372,0.8201298106489217,0.9391811174141665,1.0163672359473555,1.252455571482962,0.7505868567037199,0.9410380345085453,1.0186334531726533,1.3335125138715893,0.818034721432429,0.9470857522775286,1.0147678098491844,1.3662719745790923,0.8601580588440054,1.031682176898596,4.903234447784768
2.7139590182971567,1.2649768301235822,0.4369139364410153,1.9943240240595146,2.6027610218253803,1.2377346064327839,0.3564580513304812,1.9199622329175914,2.6434278041774766,1.1484617286411936,0.497655698090901,2.1068012596001857,2.81286301508511,1.190646951769378,0.4465374112659014,13.500192993241031
1.3227675689057041,0.4644525559389696,-0.24341650519560504,0.8393185318878164,1.3355635024026584,0.553900254450822,-0.3321623594507658,0.9621677695053783,1.3304638827851691,0.4233718279632871,-0.26935403295522975,0.9254178049223294,1.340793431054739,0.49869430815398685,-0.39698099702346823,-2.7913444364953284
-0.14067493308279916,-2.114642735656299,-2.2131839568737712,-1.00379912488081,-0.16756580383175745,-2.094542779687312,-2.175518360878393,-1.0234911251171448,-0.10761377993454674,-2.076019260915957,-2.1467673711645725,-1.0091488322409854,-0.169259667999489,-2.1287484062457587,-2.2146442446165375,2.595742973880988
0.20498225703222295,1.421763602948499,1.2730529030474216,-0.22074215899957841,0.27033861185314756,1.5520670550237678,1.2424992395785046,-0.11200858069628512,0.22056105266397405,1.4481061131346475,1.30328804050269,-0.07184627636507204,0.1854778474117674,1.5293905142198347,1.2325359056046294,5.498419146338319
0.4864236661348412,-2.122056503039965,-1.432371666066196,0.9504196997700496,0.49557078463206083,-2.1050837948898025,-1.3303609127558333,0.8657552720472282,0.458465282774479,-2.175503533866618,-1.507331341719999,0.9162613454273529,0.4757945269796594,-2.2340740769509946,-1.4504659568557763,4.516763765186515
0.3449370175020932,-1.2906534555736124,-1.6553779950496852,0.11017822623922188,0.2394656932350615,-1.1742156032939228,-1.742248758228909,0.11656237574401823,0.31222249233280097,-1.203078777445423,-1.74680327577101,0.25005717294049473,0.2788017556595778,-1.2915714717206899,-1.7013740098144374,1.86436857348739
-0.6806406453481547,0.8826660678612829,-0.3339121953731952,-1.5264175116190062,-0.7383753290318574,0.7826978768082968,-0.17743929862456698,-1.4862792630882808,-0.6036024171267609,0.7720782975885605,-0.29414716857759204,-1.5249759168918615,-0.6019252748229297,0.6676651645552646,-0.2809318705116038,-7.3143293570945485
-0.968682187777881,-0.88697299506265,0.5469714524035911,0.5214974550752047,-1.1344650819728008,-0.8318699034956314,0.4893767349136512,0.45743687469798516,-1.0694300643767285,-0.8413737660983752,0.5111431095388582,0.4397852305879382,-0.9863878502148794,-0.8992330516664813,0.5409711152765206,3.660477926766215
-0.5626759982448973,0.014870663077731675,-0.9435792423998268,-1.2731713283746013,-0.5496020566204534,0.06890689405158826,-0.8954698842247306,-1.2448728136966793,-0.4610241890391566,0.0767705377747696,-0.9244269951040573,-1.2527481700059857,-0.49163567021360144,0.061457596736565895,-0.8300826212437181,-7.586000609199068
-0.6252875748596308,-1.1670924516776549,-1.171995409285973,-0.9694577171182075,-0.7512126663170545,-1.159669080549609,-1.175706359601193,-1.0283449476753652,-0.7232141562488112,-1.0264020064488084,-1.289147494406872,-1.0691679535524643,-0.6300885391286246,-1.156398737774673,-1.1207719307925388,-5.108656304847897
1.57430445831855,-0.36565652593627407,-0.4829437237109006,1.3283495300029033,1.5849508126165694,-0.3460772430261947,-0.4252215032784872,1.374479599570426,1.6289046176076207,-0.42185015624615824,-0.41209122901810724,1.3186312589993365,1.6694406095942302,-0.4218681831686276,-0.4069304711829174,9.098955015999254
-0.23457913686386173,0.2753925377071029,0.9869555096079109,0.6262690783266255,-0.27315241037894605,0.2723732489291295,0.9680675858167797,0.5606340630315131,-0.21395954157403346,0.2789491178674712,0.9730206924771535,0.5210756685404164,-0.1801015123136026,0.15417317082995052,0.8475355654147273,2.462282260810545
-0.8643923710343772,-0.6551582308036664,-1.6430430742846456,-2.178095251014695,-0.752943067791817,-0.5892237633411929,-1.5795022945582222,-2.1635889703746245,-0.7457934711225854,-0.6287539128117261,-1.5210991169831671,-2.1842195740297132,-0.7956931890613164,-0.594702776218573,-1.5790252574575474,-10.746670425721657
-0.41476802516101174,2.001358643355208,1.1941507600337915,-1.1503681182395686,-0.4036419644321007,2.0763214534596592,1.128896680536171,-1.0536955134194006,-0.4299874666005023,1.9977545223107527,1.1271370838284518,-1.1412522326710892,-0.42261973012912224,2.103213679103519,1.2526839301024275,-14.539300836479683
0.5960053366193907,2.1371704592795204,3.1176446922118197,1.2759560295008858,0.6485229487577862,2.1651953601843883,3.078703859752558,1.2901172388264548,0.6069313439670919,2.1204710459953766,3.091341435735941,1.3465361684987434,0.6073765954362329,2.1238985258468834,2.9843234678092605,5.30983240578575
-0.7060406548135423,-1.7973300799298666,-1.1688024932756675,0.06423086732413678,-0.6186458099113084,-1.8378990774488781,-1.0379202851404388,0.10668895526183837,-0.6283834723118988,-1.7125620165621258,-1.2970780989839479,0.03451559998084409,-0.6282000340329605,-1.737145149159426,-1.128609747536943,7.357825750024958
-1.4652983702754911,-1.5475544702990296,-1.1587993141926518,-1.3611213257685484,-1.5174444086960657,-1.596858423298999,-1.1903863265426857,-1.3163182609165944,-1.462402641055322,-1.5783127889356168,-1.1808654513922026,-1.3117172206797894,-1.5190212323605154,-1.5543336273349149,-1.1741550383004813,-7.614050698467381
1.9265867429513674,0.6876471964940403,0.8434971366977791,2.1723482996203702,1.8996323911423407,0.7346099319530094,0.9165489922143208,2.2291063469115366,1.8929488993326902,0.6544172569128542,0.9266439593338301,2.225866342643603,1.9125390449332726,0.6945855966685515,0.8390986201295744,8.081457609010009
-0.44449570710883224,0.2213654126341779,1.5523636437035655,0.47531869292714785,-0.4555745361026672,0.22555250311183953,1.4614632225003614,0.4932623906263571,-0.47019564603318953,0.22361220314493369,1.5112568949168852,0.5090544193154846,-0.5089313420700692,0.2499051888026059,1.5819017172221188,2.703530941105799
-0.9286162976412744,-0.643183671644024,-1.453657713068687,-1.6614784708051,-0.9606744443598149,-0.6473662119415325,-1.5441550772816415,-1.6755474737770453,-0.8990637916106479,-0.6601545037353418,-1.423002200359225,-1.7315178311564663,-0.9028228243192314,-0.7864808795463333,-1.444689146256041,-11.635040725856797
1.8318160528651133,0.6542110539703005,-0.8199772563326063,0.9093775305984626,1.9308548383506894,0.691613144206217,-0.7874324862400928,1.051059986708357,1.8562015233059084,0.5648596039406498,-0.7939022588304467,0.9940467892790761,1.8874530014439193,0.7080983646031628,-0.7423109805990828,-0.9912564341575933
-0.8568269900364157,-0.7588231241634164,-0.9337190940352926,-1.080424124269428,-0.7688385778284288,-0.7165893768248847,-0.9686688477025933,-1.1324908522878354,-0.8195693475513233,-0.6924805889288882,-0.9849599869845571,-1.0590007826549737,-0.7461073574632878,-0.7296797521883384,-1.0108691987620613,-5.4886486366602165
-0.3698165165731955,-0.5031995153083964,0.2611274766287781,0.020167668940288777,-0.5070773072901824,-0.5432061387105864,0.05009988790479197,-0.06537566932949869,-0.42045312685560443,-0.5272108963516758,0.11806744092530923,0.002248571706496663,-0.4026800385746975,-0.4993784523566406,0.1390491037339811,-1.0400504144766018
-0.7724566864562488,-1.0646338300983387,-0.04899007841061487,0.47061658129034883,-0.7448046639109827,-1.0435894236702936,0.00012470169470386178,0.4258816753205552,-0.6770482497598731,-1.1387011021941869,0.006178688299551302,0.4479962108023834,-0.6639433641179808,-1.0795793990678617,-0.0009509472697354811,0.9258580185874874
-0.1029889841767612,-0.7175534538459092,0.4575453881119265,0.9671532697437364,-0.1717388126504227,-0.672724086170926,0.4728110455980595,0.9504669457754057,-0.21198736133096016,-0.6753914850087088,0.43133212862381937,0.8235660826858381,-0.11275846086517034,-0.8507507818779261,0.5739565829855335,7.985124206505229
-1.0216611694131799,0.05891418729756903,-0.17264176099219353,-0.5488815002862218,-1.0231584468702657,0.09814142873300166,-0.17152252044103558,-0.6239796836368579,-0.9115239103713424,0.035932999565517224,-0.15305490825012452,-0.568560419914958,-1.0023265677697266,0.01512123538141974,-0.20709245731246817,-12.230291702664484
-1.6934221888255496,-2.3782391677794257,-1.3005533584480446,-0.42871510870570173,-1.664285519018335,-2.3197534285290775,-1.3249994421516091,-0.3997496671410048,-1.677874500948044,-2.3596228544224,-1.2369615734979302,-0.4768150447817774,-1.751476238953955,-2.330959207707644,-1.2877021318922408,-8.155119370823202
-0.28129371567396316,-0.32066611903455416,-0.3926079093813266,-1.1437660714316118,-0.3207523727899459,-0.32809290264198326,-0.5288122051357559,-1.155255394227631,-0.38695838677589656,-0.31840021166811483,-0.41807349912265124,-1.2067405262855952,-0.3874381264353286,-0.3396527600386873,-0.3449380578475568,-0.9078604338778549
-0.7158789376783945,-1.3372353483158,-0.49128930642688734,0.003236748612308757,-0.6878454967575267,-1.3462190701489019,-0.5067110639715424,0.05640346079905091,-0.7610209563458289,-1.3599903496386632,-0.5440281193902634,-6.778020941075255e-05,-0.8838159852411243,-1.3752791164249967,-0.43909708615389265,-6.381762337002107
-0.9246046467790116,0.2170200918074801,0.4187891552559043,-0.9972819517029141,-0.9955779755615466,0.21997262693611164,0.4062826521775035,-0.9687445802556961,-0.93821397948923,0.2884947528957962,0.46692723157253424,-0.9598247075890597,-0.9732473104364618,0.29697655992430966,0.5164055595773449,-9.803720977946195
-0.028682575818534353,-0.5833715920186409,1.231426539176381,1.6804773657447243,-0.015392222629827281,-0.6124535470338461,1.2650077923901988,1.5875096942362104,0.012433001216701434,-0.561747338949118,1.3169753426962918,1.7436928013300257,-0.005829240257224954,-0.5681443335455245,1.2157702194240259,3.2709046095832264
-2.4582487758102283,-0.267297550667977,0.39432571807317796,-1.6780494235715997,-2.5008778789597272,-0.3009270317683881,0.28016168169147065,-1.6933907569431736,-2.4575955657671344,-0.3119494910085239,0.3619445520351519,-1.6722933278559582,-2.483435462425376,-0.2583319158335842,0.3044710361539634,-13.695647958540963
-0.04857653692083933,-0.394787217160394,-0.05269370996113708,0.06758687810815536,-0.03526904056049304,-0.37871829927509876,-0.11579303384186414,0.039045959614230484,-0.06176072882293801,-0.4738629063262415,-0.06739947501367033,0.13687701747287925,-0.07448119355293781,-0.4426782850468136,-0.0204004292842158,3.630241271760055
1.1314433396520616,0.3714807331744021,0.025147389959702764,0.34476796300962975,1.0060195608062965,0.37554821568161034,0.07385380260814933,0.3442704657812534,1.0412984864792665,0.436593728018824,-0.09664314449112567,0.38646566531980225,1.1115139262816438,0.427344252005776,-0.02710092790757613,3.8341035891340036
-0.6494083990000598,-0.1423272285731509,0.11076116266610377,-0.5616978610913861,-0.632304256438523,-0.06955826384127703,-0.0018314092307167018,-0.6384963974709028,-0.6001168304139494,-0.11659965690094012,0.08031904025470378,-0.5645514355677169,-0.6648231548530552,-0.025542724690650664,0.14299089035494444,6.537439904225767
1.5080046796055513,2.1542904272111865,0.47707272584810767,-0.24800472939571083,1.4455579431369765,2.1829143751271975,0.49235159906425,-0.145225987907478,1.419253996346842,2.1846738433788166,0.4936606595291532,-0.058142475616643846,1.4209689246837645,2.233308000947002,0.5718012587741814,1.23192067932874
0.7980439005317721,-1.5225143245293864,-2.2376478561297337,-0.06596075369740928,0.6794178206121744,-1.5581934252796916,-2.1977068606180366,-0.012207595902941931,0.6606876691479754,-1.4948660277162231,-2.2636849443407976,-0.13616476679987222,0.7134642305400535,-1.4323200087311045,-2.262028681561928,-1.2136538968421005
-1.6884761466322304,-0.21846570697310552,1.019768670225685,0.220388287914724,-1.7798665374225042,-0.2577150612626531,0.9898498855910087,0.15241062860709081,-1.6891736097880954,-0.275853590106103,1.0587943589025843,0.13252239574015132,-1.752466151584112,-0.30299827763690174,1.1097930210471851,-6.336453658381395
0.1456642245262505,0.301989920298422,-0.6289904948821351,-1.6567953459097167,0.10682778441596127,0.30280510705035996,-0.7044150154452167,-1.5054466517546865,0.21022379408491007,0.3231146219400916,-0.6654026973656614,-1.5571887379644354,0.11654225687705844,0.4061724010381028,-0.6633693252939368,4.065469775238097
0.5750652215645294,-0.22506147667697896,-0.46707935392419947,1.0718583083874829,0.7052357893335791,-0.29191145476296465,-0.48530466626634466,1.1156301210026498,0.6333811079658125,-0.30044206793087797,-0.5625763233381057,1.0299494195356633,0.7181496110401829,-0.3099932743544611,-0.3671470848302633,9.143343035533482
-0.10991212918640264,0.05361277900135954,1.857635521004924,2.0434397303317415,0.020364943478576567,-0.0378005067463759,1.9245378987040231,2.064567258224617,0.05667299379024883,0.06897578524222236,1.7720685931128544,1.9706364434426353,0.008099112450241808,0.06511709588015299,1.8758755140939174,12.448664683171863
0.3138441422885062,-0.08325435954199939,-0.8742128882362444,-0.5412737809688664,0.3258093767207215,-0.08943778105027206,-0.9358611045653937,-0.6054440729115739,0.34809236467017507,-0.059548675049873184,-0.9338435045677286,-0.6341346277633902,0.38297323349438506,-0.04041624422197261,-0.8485857037946493,-2.0423041794364902
0.14587714612603264,-0.6524965298863568,-0.2479304288597305,-0.0165158706377935,0.23385044878839,-0.6659257257028947,-0.236848869884428,0.13319807647329904,0.19135257955477972,-0.5968885618059304,-0.10969086354521672,0.12412430739381174,0.22220015703697477,-0.667466177990682,-0.15934630622507812,4.206635382351647
0.5576419900235454,0.926784219014406,0.4501414957474989,-0.052305753043240644,0.5965689030104113,0.8636546013168442,0.4373973863451048,-0.18449378031349345,0.5678207093105985,0.8604972089339543,0.5601609547901099,-0.04523983867029431,0.5544158583403304,0.8938518646580119,0.5879037835838616,-6.338328661430215
-0.7909816674947643,-1.0333080378321595,-0.1161742693640715,0.10302859802561698,-0.8310981563071985,-1.028743275542011,-0.1487143624180875,0.1854607850115465,-0.8577105135637852,-1.0724777771510223,-0.11962369513522739,0.11948181597455694,-0.8587143660248703,-1.004063873548921,-0.1035177089271833,2.093102365359957
0.04927151234986089,-0.10217743589632244,1.6036770394091522,1.5730318443688305,0.07565430956884579,-0.18303710963917882,1.5107776855944026,1.5350042179543584,-0.05808567947386145,-0.17636183732143085,1.4999844050082087,1.5682169725849378,0.04966399071369663,-0.2514822521942997,1.502010435395307,9.833786046620965
1.513214422645495,0.994551898434443,-1.4100101383042616,-0.7106091316807989,1.4296106027980857,1.0487728558164255,-1.4085554133574618,-0.7681288314442475,1.4436833851406807,1.0497737807524523,-1.3781938282670803,-0.7527761382257928,1.5144917982836448,1.1206323035616916,-1.3401175462700525,-8.31934446812842
-0.5210440688169642,1.61535992810528,0.451490237056838,-1.1555347403518959,-0.5505707463947715,1.6392256025262548,0.4672921308457116,-1.1728871284037448,-0.4664452438018043,1.5441439366941465,0.5485015217049278,-1.176168990526101,-0.5498591575413475,1.5202250117674136,0.44933251394316737,-12.53390630974668
-0.48866469157667797,0.5405998994408189,1.9905979042964106,0.3043811189896517,-0.5273131673041188,0.5958380462229128,1.963722954463225,0.1474828154406233,-0.5075268265612662,0.6323876533181195,2.009604505783426,0.30809868854759503,-0.40591401241006264,0.6640445220678137,2.0417409788218035,8.673995471454308
0.572484121971094,0.8257544888115492,0.5553673888930055,0.22546943414062293,0.5692886845773492,0.8544660286706993,0.5229917305259241,0.19281705333445304,0.5579863023990678,0.7842963097409689,0.547983820491064,0.19000949398487227,0.5833978094799339,0.919285144900961,0.46367242333194963,0.27414371385817715
-0.3603551038219623,1.5058460267420681,2.3352958975828355,0.49848250468988725,-0.3687986788571241,1.4832465693080976,2.365656337317171,0.6576912734374405,-0.39700617657724574,1.5456036212570043,2.295450227358434,0.6031326951864734,-0.38819983259278246,1.5019031047774278,2.2238275428689986,8.072247719405121
0.9941467296364219,-0.9958678093297448,-0.8750828928874764,0.9136695361803086,0.9769248077435997,-0.9870943214617544,-0.9220132017551768,0.8351407684801794,0.9731235242721484,-1.0659960351000064,-0.7701481766749005,0.8382064191536543,0.9340173410383772,-1.022868843861933,-0.8646346700596814,1.6293073536437008
0.6772243056038848,0.005783114700871866,-0.4821424651774356,1.2183229547908958,0.6492967444831929,-0.1114372075570377,-0.4673751004231065,1.2486087600859554,0.7364844216212757,-0.0458361372278564,-0.39912708671657215,1.3017290746699923,0.7367279425198752,-0.16547697619168394,-0.3731276175619037,2.760632599219647
-0.4150263051065154,-0.9579747718981966,-1.7979786637455994,-1.4614147497769119,-0.3607375793458699,-0.8788752657624617,-1.7774701910048865,-1.3859123587255866,-0.41550973267356495,-1.0259974674593177,-1.7403196625934143,-1.4715976262635435,-0.37494258334956504,-0.9555572631268873,-1.7563072712477927,-12.269680723283482
0.706735658991859,-0.7718311025681434,-1.8872470893978028,-0.5623139606755804,0.6644301855758199,-0.6557635138469045,-1.7484114470648757,-0.45187722336793096,0.7110514815174198,-0.6577096335002718,-1.8382364717654245,-0.5226171718836462,0.6682241711553901,-0.7177469591713506,-1.8131115978172931,-5.811462667534804
0.7334265879187174,1.1931129452880709,-1.1023875246188728,-1.3903733458021925,0.7256997196564419,1.1523887590879933,-1.184218343572194,-1.3377349493212798,0.7120305889052667,1.1753806914127896,-1.0566520473333765,-1.4459750524359969,0.7151761333355537,1.2422237217450807,-1.0222093680529727,-12.526568520450047
-0.3362372413490161,-1.9400428434403978,-2.146510014959548,-0.19374525220692146,-0.31633729155540147,-1.8414111555694423,-2.198525471134742,-0.23949848185662576,-0.3249711601704489,-1.8546409700550166,-2.205715105533679,-0.2164369922822556,-0.36375457075372875,-1.73787813654385,-2.2185393038062733,0.6906153486577336
0.2195439070556215,1.6617409096877285,2.092543936853247,0.7900946517483578,0.27251416033273507,1.6998896390638303,2.1692604348009072,0.665562776941129,0.24474205314534048,1.6756085816413298,2.1606056348815734,0.5809312941359941,0.15473347347333558,1.676307744850642,2.0592122605950296,2.7326835829736504
-0.9708444868773866,0.6595964190713378,2.017592989167098,-0.18093293544774067,-0.8801280013147137,0.7121950438595284,2.089116083477139,0.004022245833697466,-0.8762011139674033,0.6903901719144705,2.1759712865395544,-0.009353538540412293,-0.8407443423647318,0.6165137305571096,1.9851138382985334,-3.149887975939371
-0.024970312915064435,0.1392808059199709,0.15082345604466146,-0.144250072912923,-0.09173817037098092,0.14649926020794996,-0.05198804188393587,0.006318826191586413,0.0745858792714539,0.05433076165616686,0.019712808622097525,-0.07960290775007467,-0.027266228182604567,0.07226448474090064,0.012792014430132628,-8.63544066397676
-0.7473540468912335,-0.4084580026505204,-0.38284546082828697,-0.7847368746512305,-0.6374044417453922,-0.4603330067634801,-0.3272029783876191,-0.7695143412136897,-0.7539296631300092,-0.49792850138034134,-0.34209509228778767,-0.817304395332062,-0.9262307814383293,-0.46629365435247694,-0.31142624168994626,1.1575244688063124
-0.5212872934887487,-0.09302062924438156,0.75521141151012,0.8703812858927876,-0.4191255410129366,-0.13054328092042153,0.7743808367674612,0.7119625089807612,-0.5409360828329078,-0.0353619050433514,0.7203142821388653,0.7192541368432026,-0.507612037942066,-0.11934825356383447,0.6666738850395596,0.8047775129194752
-1.4781909056866602,1.6133258963050503,-0.25486586870667804,-3.2549846978830144,-1.4297379943165178,1.5709097782242674,-0.2413328978883113,-3.2011327442676296,-1.4701649306008209,1.535489449354067,-0.22116576640674598,-3.2740765086062935,-1.5029502985056082,1.561909526931178,-0.22411805335392138,-26.705302569126687
-0.44769576956645707,-1.1799657511578596,-1.6007971091758486,-0.773604793337828,-0.5346747839413024,-1.1280280339113553,-1.6442546709934953,-0.83326509082154,-0.5008095341157369,-1.1708711642869303,-1.6152385929834554,-0.7920219297799369,-0.4125734852466201,-1.0368033490086745,-1.5103851991495834,-2.165097976555556
0.12730292831856432,1.9068202628869901,1.5333964064892964,0.3528263271550456,0.15722198159641224,1.9803346695985922,1.48581940919625,0.3452495125604992,0.16691756831277108,2.115257738335347,1.6157889765548683,0.2562943224365834,0.13362933863551207,1.9783540669246875,1.456470923385574,-2.102537323453771
-0.17723357240789434,-1.202458837772616,-0.17019141912439018,0.8003199555363971,-0.1272644329845752,-1.2728875454133668,-0.03749582290428849,0.869225829563532,0.0261320523346254,-1.2663542249711117,-0.19073807055408115,0.8174236664435587,-0.1549755796746799,-1.259610233425665,-0.10206648969727364,5.34000037156889
-0.5579347449863983,0.3625242278131995,-0.4105279458814843,-1.0454695525805673,-0.48671039205530414,0.42843198578749303,-0.37165467601323865,-1.0164145940311802,-0.5313605943745737,0.4835936448310171,-0.3442085336246431,-0.9446012377517116,-0.5245065555120227,0.4670336837609151,-0.39020464942348043,-7.855102496676473
0.8111172638919802,0.1180996046687907,0.3877504786220802,1.3456188380120493,0.8484511059970088,0.17039216754597303,0.4388262802825013,1.2947490780627462,0.7335308329491783,0.10953341126169325,0.46757822964286677,1.2973425068151032,0.8023035930540379,0.07991364345704158,0.36378804993962965,2.6361474794166817
-0.5436016139010224,0.7988505423414793,0.22272847061606127,-0.8660928610630937,-0.5344974908313513,0.791047907461084,0.30657377196303165,-0.9125122447652293,-0.522429246499208,0.8740614975762985,0.38379758226649713,-0.8922558960729479,-0.5342621079759713,0.7938086379428886,0.356463689048567,-4.230376363310938
-0.49853065083242193,-0.4189904902695888,0.6451544372360474,0.11648866756970729,-0.5132994829937265,-0.39122478949388106,0.5952234778901788,0.08081575062394689,-0.5863803324122778,-0.4137568650542909,0.5488689785643365,0.15792359495376745,-0.46428665889626713,-0.486626769637314,0.6138949807222536,-1.7345713862042804
0.23580240144924108,0.5066726713071804,-1.421717120596239,-1.4224188070179555,0.2672865262153971,0.3977246089158647,-1.4185802892851316,-1.4148902382820208,0.1947372062346099,0.47304900310300335,-1.4519933046468287,-1.408795267917733,0.1592037536924236,0.4993268303871076,-1.4277393792979935,-12.574058361846243
-0.88216179609013,-0.3485290495614247,0.020681785771356796,0.5292117254102374,-0.8016924756707153,-0.2205689947924256,0.024636890409666393,0.48295867019107347,-0.9810628794980607,-0.2934623417618969,0.10313018015167423,0.47615403249742244,-0.954561050921712,-0.2960936537101768,0.13411368811449081,1.544175736346906
-0.632320651698643,1.3911246508087232,0.050278059469151405,-1.3747676211080315,-0.5712531271586427,1.4571029526648067,0.1382648224430815,-1.2798569865027538,-0.6912492288863764,1.5832198068913443,0.016934148908343855,-1.301196311481097,-0.5613698052282381,1.3616902256084773,0.1369244437581952,-8.031945596139469
-0.10578321591014615,0.2904837257592443,0.7114433856581743,0.5349585280871457,-0.15860199758321844,0.2453967958825387,0.7073193119833793,0.5376042041369841,-0.2724896773176233,0.26726124179748867,0.5515504222180134,0.5356467867773622,-0.16747866395588507,0.35723136668552735,0.678137894754309,7.302263095110889
0.1644192327288801,-0.0971410283609235,-0.2812214346844194,-0.013235036490013521,0.16893193236662646,-0.1208327676508974,-0.2691402371640688,0.03191357898132342,0.20077118470513217,-0.08621489747883343,-0.3494725333392998,0.08796165448554183,0.16835271155704004,-0.1132449863669293,-0.2573124974276333,4.26140428692885
-0.7659421887480944,-2.1661130020508637,-0.5843820870623425,0.7950145660971502,-0.9419353117467839,-2.1818033735425946,-0.7035590990607434,0.6105133815445276,-0.7798326523488839,-2.164782120777848,-0.6229901918398281,0.7593258354083969,-0.7800334809654247,-2.2695163676826486,-0.6651135812439023,6.1152084838854
0.000841680560789277,-0.15844233500462468,0.20802393454723306,0.36263670790713126,0.041160349881157084,-0.15555030458148147,0.2344959181143696,0.35810211747396126,0.04145046406568256,-0.19222471524037818,0.3029074233517559,0.2826255467293031,0.05159556659655381,-0.1519604836410779,0.2857872245220011,-3.337956128236596
-0.9411085654832255,-0.5151685922045128,-0.516806606966045,-1.0700653834259328,-0.8988820174310819,-0.5159366983418969,-0.3935092952324791,-1.0683588848488603,-0.9040181489173031,-0.5194302400121973,-0.4396107582373918,-1.1261191854746657,-0.8501237070082058,-0.4790864324329961,-0.4554421682407574,0.006454434989985103
-0.7241933406420151,-0.7261979804678562,1.2045288684328161,0.5764795537774954,-0.6879488531550589,-0.7278752435110768,1.1378260158155724,0.6035099160032603,-0.7646628454813476,-0.7364978260329659,1.0764710419051138,0.5746929128652823,-0.7327467225368772,-0.7243710426682378,1.0796518298414257,10.80222264582323
0.7705004492423244,1.8374589984661989,1.937946719180646,0.9672654412688938,0.7971332451700692,1.776878485344137,1.9095399064115686,0.9418025230169742,0.8201144462811456,1.763831401677486,1.956571091465761,0.9510541919929583,0.812745704116693,1.875358202792198,1.9274015959655328,0.7469757578129141
-2.2224717752293808,-1.4963051585218827,-0.5216402218310455,-1.049308803079707,-2.306758673204195,-1.401858339703569,-0.33849477124162475,-1.135724346219061,-2.1443343370932646,-1.276506521733142,-0.46072040786532276,-1.0966059015843515,-2.2657807739172493,-1.4411911131344652,-0.5153034737772906,-3.3302825071640596
0.09613471781825701,-0.4869819637880986,-0.2829762691061751,-0.3969760723532148,0.006551356325778419,-0.5539963117966553,-0.3676705759468868,-0.243542638964727,-0.0008584425864535256,-0.510466175516502,-0.28175435672181726,-0.2338397736109389,-0.03076813374241208,-0.46619898582327685,-0.2627085261974727,-0.6323316802383091
-1.3690130723162839,-1.6685783854480674,-1.491241320858359,-1.3421768009217256,-1.3016000848008995,-1.6596839243445969,-1.6037567825918262,-1.4208352026112072,-1.3545071304683702,-1.620297601738099,-1.558496670656091,-1.4134937299550165,-1.3251762571292467,-1.7142472890740414,-1.536236827501271,-0.11791439384382407
-0.1693447896979357,0.22737529875656903,0.8187576000326067,1.5062241058395192,-0.11439658531417962,0.26881393910252244,0.8315898818999589,1.5616524299746672,-0.21991688322243486,0.31609709464454516,0.7221558221409725,1.5335449744622827,-0.1488474530697962,0.19616445927774467,0.7953489071060243,1.8898062823689585
0.5023998442660733,-0.28058728756446394,-0.20257153810260742,0.7549866483719179,0.552884845100305,-0.28663112012868536,-0.16066014375138343,0.7699279459578321,0.46015264638363745,-0.3678388758780425,-0.3123810959548927,0.8560913734890968,0.5423343398367643,-0.3228694005375312,-0.23277504484183503,12.20419966817578
-0.36751442976751497,1.601888080666129,2.0445816877060894,-0.4143259205935449,-0.3571017899569212,1.5866803163148682,1.9486219482450373,-0.43025311768566593,-0.36465238937439937,1.5903981219849537,2.061445245043619,-0.47517351596528395,-0.36295004424722266,1.656822053134942,1.9766725689109286,-0.13079027127386356
0.5106903465507475,-0.5855988687492512,0.9806705296136338,2.1078766776784708,0.47701133537606266,-0.6739490008238627,1.021198170701387,2.092198953892313,0.551168707292977,-0.6219470004184755,1.0438430358825666,1.9971457423965295,0.42210434548439935,-0.5693503119139444,1.0180860704655028,20.413741919346137
0.650100278265349,1.9024111125129428,0.19503197754484602,-0.8302483743666993,0.5823536461721387,1.9055134323673304,0.28258616647860446,-0.8401822407180023,0.598938797304042,1.8487116427100028,0.21259537687246702,-0.8204956548184354,0.518004328214671,1.8959495173337606,0.23115567707289703,-9.570694736345569
0.9681392574936941,1.121565297591607,-0.3968100039965283,-0.8271755768327194,1.0940151043831234,1.168455887947352,-0.44557996990490334,-0.9075365096649505,1.1294532255057537,1.0618424729343887,-0.38877843474181795,-0.8370030723003697,1.07097302678249,1.1168558943972808,-0.4215138443772058,-2.413313940926481
-0.8495674155005815,-0.3350036182914524,0.17722588705984782,0.09762762111697404,-0.7248359495354669,-0.2930966169277889,0.29612632252385496,0.04295015895662048,-0.6948370097894356,-0.2928482371911961,0.2563506836319223,0.054838678383391785,-0.6387896588687065,-0.29295972026714123,0.3323488977192407,-4.587539835916201
-0.6838397230799651,-0.8615895027103299,0.6630369433168151,0.609983006338203,-0.6091349316808712,-0.9166442241147077,0.6987913730694004,0.6375714359223433,-0.6337190949101618,-0.9142806021326852,0.6592423212894141,0.5683464806476758,-0.7016254061045377,-0.8382744077560351,0.652347268862423,8.004827390315247
1.1511658030547904,1.4164499009693918,0.8711042110949517,0.7257261138387056,1.1284842313287295,1.4418477097072542,0.9562716706876649,0.6075757644739818,1.0633771139145423,1.4322716233319257,0.9495336914348872,0.7264434404020839,1.0858896581969675,1.4230384432936205,0.9850013315481554,6.121328184859818
-1.1309915308567924,-1.0878425716724984,0.4444794975322592,0.11883280038339637,-0.9488419572980148,-1.0002922958029026,0.519829126885775,0.21291546125682337,-1.044012953677755,-1.0400746957138307,0.446238312439204,0.11988411282408334,-1.0795264306243386,-0.9905939585605642,0.45718748004995263,11.366450655959415
-0.6991676927205748,-1.7123544999741538,-0.247894524778328,1.0942441274455492,-0.43846262674165326,-1.7944056228365113,-0.1683800758735996,1.02966164123487,-0.5912049659299938,-1.630734079957932,-0.22791537918178784,1.0897567945822448,-0.5764882949402909,-1.6302611495608332,-0.2657027447573037,7.627637408819805
0.40581526564921105,0.6084751940515123,0.02259616570644065,-0.0738879816352852,0.3812387744689469,0.5392804321135511,0.05585853760208413,-0.002044775500407509,0.3781277429861557,0.5916331811534736,0.03112368803072779,0.06170823638601735,0.3861682825335034,0.563650304914781,-0.03289269783655152,1.3228276685569615
0.45318306903550964,-0.37170206121046173,-0.22808161427586918,0.20013263633235948,0.24916743042740544,-0.2719537136701141,-0.1858819154013233,0.23849175994021096,0.4575433844037195,-0.34681493524260093,-0.2704357040595325,0.24112545547273112,0.5110390716601565,-0.3416741199393123,-0.15130962762028768,2.4668689283903413
-0.5876106763670076,-0.1395654764771947,-0.1643993381725568,-0.6404454022307322,-0.4712586327206728,-0.1378605636835772,-0.09883660657680943,-0.7162883710485929,-0.4491610656576934,-0.04102341918822698,-0.10046826159716331,-0.6058099280796759,-0.5103018360330067,-0.11347774282841526,-0.10892265188141573,-2.0271528365311795
0.4185635390910678,-0.8203360237892531,-0.29874038695265787,0.44233284902800213,0.4408217021777616,-0.8523394399737512,-0.3888794224611278,0.3684337834672218,0.40235392040873275,-0.8583469610590054,-0.4797535398692355,0.3371604580021996,0.4276639710557597,-0.87910599525739,-0.40279233236806644,4.005746763752285
1.2270279874081973,0.81488805537138,0.0275125079607923,-0.3624542616885829,1.2354409772983808,0.7622125785089722,-0.06310206035370206,-0.32631533943686564,1.2995905549394964,0.7816840276587929,-0.05757983599243914,-0.28711188271470794,1.4131766489300914,0.7775829138009678,-0.013570446462299476,1.599825222847559
0.7529454559431664,0.8801607066506315,0.6470121254467358,0.9254308294540097,0.727496426320001,0.7050301813755963,0.7050849923434356,1.0808924780954454,0.8214805196506492,0.7984279714552104,0.7738222076670555,1.0314307574561652,0.7513473511175257,0.6943336891845796,0.6812451048796592,4.668025523937565
0.40046194022189985,2.548178631702885,1.7005212001967833,-0.5928027676070409,0.4094455516903199,2.4215780391086117,1.6812467186729672,-0.6029687474682784,0.46972009232299006,2.4407563647272075,1.6073642027678023,-0.5703226819923923,0.40291665621194456,2.500612965014862,1.5526954002078985,-7.753993562735393
0.5403318650987791,2.1684428674520055,0.9299684257689663,-0.6715280099521475,0.5462421596552727,2.163078234669326,1.0257475093103612,-0.6630868010038203,0.5572759412912551,2.2652803139397157,0.8913675437940596,-0.6609590602224251,0.5862334878838825,2.1922561246624044,0.9534307354033699,-6.628423143168645
-0.6479515521382098,-1.0573963036583647,-1.6202922030513551,-0.9125536769724906,-0.5831920079493015,-1.1242448390213555,-1.7021292239496115,-1.0165125972416793,-0.47583547389959957,-1.0306697055700924,-1.6331009673781895,-0.9643955180524697,-0.5286737498901811,-0.9909550325698042,-1.6113534991139258,-6.712133359756341
-1.3068337457205215,-0.6863423898138453,0.10961723161764171,-0.4786307763382784,-1.3178771897537116,-0.6226854119099338,0.11328198719951596,-0.3907705705736495,-1.1990744279753605,-0.6279495119865919,0.07118237420856094,-0.2800693505445443,-1.1808454697147592,-0.681204943727198,0.09963847630446887,-4.2445556121061
0.5850852717624345,-0.20497322602412646,0.6260771801832634,0.816843908643875,0.6585458975178579,-0.16376081886720012,0.6246298905737,0.8429711999567618,0.5870140614023687,-0.14524589192133652,0.6887900623775352,0.755299936810443,0.5978558302596537,-0.21171124698719676,0.7327514911497701,12.003410718323348
0.35250369365939127,-0.12841912344111622,-0.6195391523591013,0.3946202893571368,0.3964679290986813,-0.20633893414915394,-0.6842803428637122,0.3260259057394864,0.29602439427950356,-0.08802985255358484,-0.6761312069155513,0.32306644019724723,0.43682224702408434,-0.17549643479183294,-0.7930400979254765,1.058287865095112
0.4017301370508274,0.5135365604829804,1.710809325601624,2.0452231924804254,0.46070960722213494,0.5212487774214566,1.7246408095595571,2.060038637467655,0.4283158179520715,0.5693660985210331,1.7900031616560197,2.040561946343349,0.4386849081894191,0.5643365091423497,1.7605178309677803,11.103647096241044
-0.788897971407355,-0.8074466063515133,-0.8556262637969265,-0.8915727968536544,-0.8681419743488082,-0.7380229204367332,-0.798326774058841,-0.7932511435157198,-0.9368482655807288,-0.7921754079514106,-0.7736492128520975,-0.7874936066846097,-0.7642375487670215,-0.7466264890300846,-0.792241010117753,-10.148034981081587
0.11053337823631397,1.8234816537659109,0.7287261499521746,-0.8593780297021603,0.15458693435600485,1.8301603596913063,0.788349299961631,-0.8101534636531311,0.2650325070282174,1.7283083471325553,0.7863015969181281,-0.7920633168718689,0.29858850225439404,1.8361661705954495,0.8167941610272211,-5.065302524464597
-0.3807605508350029,0.06381828829144458,-0.10669909545742662,0.007632358710440504,-0.40836686634093644,0.014934333196596209,-0.15768636150761073,0.03226149392673525,-0.3219993648767684,0.017975329648041757,-0.02623889137281605,0.025153414198638865,-0.4396654891776032,0.1700058225778074,-0.2288144222449254,-0.3279916816098103
-0.7191912311567141,-0.258877778530535,2.2334617591412576,1.5866453447375428,-0.7351144147030632,-0.22397972103169006,2.2672784858925534,1.6140536190302175,-0.7687755800715257,-0.2582316603918006,2.29586894446322,1.641918298106022,-0.6833194612793833,-0.22446830107437005,2.3797252040848758,8.126655440385672
-0.6300195165210017,-0.12409377700697224,0.42997756399289744,-0.12967751879291406,-0.648578019885472,-0.07831522734112928,0.4741913700821473,-0.04488389710913837,-0.741390418182125,-0.11644737156170006,0.4310642308303974,-0.14432158411903256,-0.7932970835703698,-0.12844199445995982,0.3780446810403447,6.902502803337928
1.7088698428434004,1.4766448615531473,-0.6803694083325316,-0.16575130531969773,1.6305862821095367,1.5154479291674354,-0.7575574498200583,-0.24986916187080904,1.7293407676405406,1.5630535820168545,-0.6386078385358274,-0.26787227911047595,1.6805989236356627,1.5358527932233148,-0.6459207276374811,-11.337214650318995
-1.5257904761591474,-0.6303152470102557,1.0369551141857078,0.5523281382551108,-1.5530498442246916,-0.6496282270714967,1.1096044973957349,0.6401487070794023,-1.5394123738547922,-0.6106452685889798,1.0885559378041203,0.6186737583066884,-1.5821838793663952,-0.6147423743869803,1.0417035065721314,4.172279727289446
-0.3700094078737163,0.10922905376777378,0.7684027398911673,0.5531875817281243,-0.3464501902968582,0.1485041884938778,0.7259591467428758,0.6209930932787746,-0.27345757228588374,0.09981229799592427,0.7715470610461277,0.6841881820109754,-0.25463443643670497,0.11280141131314277,0.7202685489432475,5.062126149699614
1.583426866731054,-0.629119931887935,0.2949099508729447,2.4068236783937964,1.6204125430790308,-0.7040393466494204,0.3007537763033665,2.3053345373636516,1.7309362822906205,-0.6655221623084059,0.2748773825864226,2.360459633244177,1.7046754707934482,-0.6530698549328138,0.2669163743364929,18.784309914077113
1.695776305931754,1.82839529001537,0.24995344908340458,0.00797016958582919,1.70188541940991,1.8182930303270308,0.24163883444448747,0.10822653336093986,1.6449062694922454,1.899527239093506,0.2976641238528033,0.1859891729716675,1.6451807829345273,1.8781723456309878,0.2962093215045003,-0.4140169668922715
1.1374679982211884,1.368009520395002,0.9563959273151125,0.750005634857588,1.1649772416285589,1.4262000320964872,0.8576798924211246,0.7563982157142447,1.1849056780774816,1.424164401827556,1.0069018354840564,0.7271276297529078,1.1450577768547099,1.3671994624550465,1.0015428391261958,5.93137808680641
1.613842740428648,1.7182922629064317,1.588946852854858,1.3148567802856088,1.5773887817360899,1.688243162973588,1.5164712574591324,1.0758936743663068,1.577214494794992,1.75655018343618,1.522515921500543,1.1019437993507786,1.5844815854034004,1.7784286538256215,1.5075994855944639,10.056212164800066
-0.11433639684197726,0.9880592241680612,0.5010835766322794,-0.754421562627898,0.0003850395930598688,0.7665631525983603,0.5387784268162609,-0.7108027570090654,-0.07601442468712158,0.8934956316455012,0.41808146265383045,-0.7384129681530762,-0.012253846196422162,0.9033232884209126,0.49584190356722335,-8.529209760673664
0.08493046667834218,-0.3510905577121428,0.773676652918407,1.1879270928747672,0.03494941486359775,-0.2883806005268764,0.8363030661879043,1.1055992042794598,0.12569099309210943,-0.12597863220058736,0.8751155518830582,1.2401064616038948,0.11364370148266112,-0.25510658479069703,0.7355292901211209,8.02652720804002
0.2741820753368046,-0.8002068423433362,-0.7114336790236255,0.7087924204443788,0.15910930749293556,-0.8033416667533777,-0.6732673473420048,0.8474031406080347,0.11282833400348763,-0.7730068303410087,-0.5499122318326817,0.7388054796516296,0.27174292394798394,-0.8519195086255175,-0.6776841135085541,3.966676557863616
1.8353254593139994,1.5667286794868707,-0.09503873045580015,0.5600707313848198,1.923626709732265,1.5145844069376806,-0.11039433759090499,0.6377047275056125,1.8097318883550624,1.4803500030603116,-0.12642637152970573,0.5612406562724712,1.8132720602740624,1.558117838747059,-0.06995938018029571,-3.1662455463619947
1.1598079901062412,1.234795952665822,0.13264267818178496,0.3808799278603804,1.1336503621137102,1.1163824684198884,0.06453467611364563,0.35979699463410886,1.1943247848804621,1.1754710519010008,0.07264159379183274,0.3558464413115517,1.119924466720143,1.1964037281041902,0.1330369638890759,3.2847431472777364
0.5987104857082637,-0.07067626744444624,-0.2722754721271203,0.5531230492565506,0.6350392873197508,-0.11759557796532136,-0.28165621911090666,0.5204812181767583,0.562129026421439,-0.08729907019002789,-0.21007231325566933,0.5162630215623835,0.6289594881263056,-0.0629228352482964,-0.20450292507921702,1.0337920212012235
0.1644521473848859,-0.6510500096522596,-0.2991366118891015,0.032126839546137584,0.24331529728934725,-0.744068190440761,-0.26592732108701056,0.09923099164388871,0.25847400257953906,-0.8216706505856258,-0.2861561078868279,0.0855248427041838,0.18578347942795048,-0.6898782981015896,-0.3394175877288295,-2.8870968907984507
0.10990380705512663,-1.5285947494169374,-0.23898901752430965,1.1031748801683618,-0.05028776623431154,-1.5212286830923858,-0.28068696834181633,0.9893394580070749,0.06929214011956161,-1.5454324784443694,-0.23090765621620915,1.0035484124141054,0.008189953664028644,-1.4879722407810707,-0.1752857461813734,7.720934298525231
1.1824261847534265,-0.4385214648726426,0.6753330003498451,2.4564957873117073,1.1107376165536165,-0.38227461821826064,0.6398437987807146,2.453871030472423,1.169942873344618,-0.36670309235851506,0.6220333375304151,2.434083470776905,1.2629381140633194,-0.4416146418103196,0.6264723976857773,12.210564657575427
-2.4524705314858934,-1.5078833515201553,-0.07361207744701732,-1.2341120174117453,-2.5066439053020395,-1.501666299176091,-0.004422256242520031,-1.2776517186169185,-2.481318580284746,-1.4182800082734337,0.0660640849685881,-1.290631386581181,-2.4839011130459294,-1.534241671966878,0.1046470159242129,-1.9768493394768827
-0.4701241006535214,0.7283572047278962,-0.15449567761088473,-1.095410064855593,-0.3391673227414592,0.7718156179417188,-0.2179189835900303,-1.068716230729359,-0.3997975768354192,0.778475328904917,-0.1158347805163007,-1.0211693388743404,-0.4523820082428607,0.7686697079089739,-0.15645014748737246,-8.175327654086331
-0.5597421051940179,1.1914978714746034,0.5091238892197018,-0.7832042233762663,-0.46135453913682867,1.0224632042268849,0.46797613869142923,-0.838450277052011,-0.5283560145602435,1.1313158089869009,0.49694648150123893,-0.837822280000753,-0.5752592752368876,1.0585042786321899,0.5448639444163307,-2.828167717287532
0.9070131070035529,-1.8412731895369803,-1.6671351064468658,0.5416031212829506,0.8809625952536428,-1.7445634546733866,-1.577489826244439,0.48877935180590415,0.9503424796449799,-1.8795168661414918,-1.6181003400508274,0.6672933653320422,0.8376945710121315,-1.8474545646614808,-1.711637083271812,5.607630841654931
0.0921697420613247,0.11005875000561693,0.02087071003427997,0.26817033307281535,0.06018254756240108,-0.03362743349541189,0.009000553811250873,0.25627119360482115,0.07137953883694306,0.09598258114675182,0.004688634205418686,0.26232793496206186,0.16662968335761735,0.07655974912505883,0.10641459391944025,4.164567395664934
-0.06230900310627237,1.1147166947003873,0.5668590209042255,0.09625770689688018,-0.05417915240228391,1.063802882223026,0.5293691662106133,0.1510853980871095,-0.08472626220500543,1.1409966455260787,0.6543566582141355,0.11537013723980255,-0.07854548803184028,1.0783600542097678,0.5865833397806485,7.949697614931274
0.5443206756415078,0.7491544702238235,0.7424610440107907,0.5139554745203682,0.49998754358511444,0.6466300868311838,0.7664361871832535,0.5702445369082703,0.5285921577503766,0.7200601623162668,0.727731385074448,0.6973358245836278,0.5537762337390756,0.7967524819777696,0.7054649973955649,3.3949829218903558
1.219574837325601,1.1761349900950306,0.5717930304374748,0.9872469273139803,1.3223109459069924,1.2203318526994231,0.666904278016032,0.9420451242195285,1.2573379165292298,1.094723619619553,0.5593730395960474,0.973517980877053,1.4121151969283003,1.1960439536262504,0.5923611312635633,7.5661248183483245
0.8368851538264883,0.7041367596177003,0.49248834106497313,1.3647305882459473,0.7917641593445155,0.7429878794442469,0.5071383018917437,1.4438038185547852,0.7974224859976558,0.7074196956646636,0.5304177489967874,1.4364171691009575,0.7870407555428791,0.7542713554560999,0.5045964724590386,7.8075660095889585
-0.9200860376740839,-1.0302137937778983,-0.2395198891730407,-0.6116272507417295,-0.8992851128020329,-1.0684325949776137,-0.330075175892183,-0.5866187241105882,-0.8581367525669286,-1.1260985712246683,-0.3934459141800462,-0.5393309472063861,-0.8975198029561741,-1.0862196273287528,-0.30976391262141245,-6.785958686380735
0.31587489228539695,-0.7570876920154995,-1.4442245844625319,-1.039405622464542,0.3478700585243251,-0.8451458927572532,-1.464888153634973,-0.9958801600220311,0.3269659303628287,-0.8905596653461352,-1.4997832763480694,-0.9760959038983031,0.1525686561225948,-0.710267476674432,-1.5275524984026854,-0.6348143540941216
-1.8149121079996313,-2.8408423071076134,-0.8411188032984089,0.371895586951863,-1.8514281773849335,-2.904429830191244,-0.7297797777127476,0.4018128100622692,-1.738059395843882,-2.8895909129653394,-0.7764516391082668,0.36373063593361565,-1.8385407988346962,-2.8715174324001085,-0.8459266416509595,5.246225717679086
0.8067587525945011,-0.24048486821848766,-0.7773183127176695,0.40185911721673484,0.8164344012060483,-0.2779929016150115,-0.8281994354748197,0.4293422032758998,1.0311769784883997,-0.27971074252169487,-0.7852185770815968,0.3782067820381121,0.9265154157370694,-0.26024461235736623,-0.7778634306735297,2.802894446195558
-0.6896861065194518,-0.05464387145973638,1.7560066159001424,0.6938455624260879,-0.6969010704776594,-0.005480019551033107,1.662513526709213,0.7104514723795736,-0.6853751346002005,0.10661250871970168,1.8051692244081827,0.7181047613842667,-0.6197027779449951,-0.06435695562401625,1.6840577409939474,1.3399965180245714
-0.050828678559372745,0.06859900621296404,-1.0262196129459735,-1.7652150115228762,-0.18063117238133902,0.09698379919757544,-1.026763744382912,-1.770785630852976,-0.1937944443582821,0.13809975899226065,-1.0714834203973176,-1.8322094642297428,-0.20215156735037693,0.14286470323594525,-1.0967443864468065,-5.97037856510736
-0.5822831318894337,-1.105590740928218,-1.0546689784472594,-0.46905410812163706,-0.4380633088610244,-1.0800696860749346,-0.9300027799903905,-0.3113181741429421,-0.5842887384754121,-1.0818717465418903,-0.9455905254948397,-0.3819048056417488,-0.5838198383505042,-1.1954417461929285,-1.0385957461348259,-5.937739505589931
1.8197790505895508,0.19116136926612912,-0.0630631959609109,1.4631218209259642,1.8564803120618227,0.0861878726627251,-0.11308695049078095,1.5237919131153255,1.8093442907194994,0.09151194390926859,-0.0737565141972537,1.500397268366476,1.8749988898559884,0.22141076722787703,-0.13859005701060928,18.488289242404605
1.728031729114308,0.7271960366391216,-0.3689427188334916,0.3388777342495203,1.653797530255532,0.7351591766594914,-0.3683644336700776,0.38623156865155245,1.7205628655090746,0.748980688982076,-0.22331492027283467,0.33993734907957834,1.674824966676258,0.6850680655811078,-0.274877669201009,4.549215539793657
0.8052033054040773,0.8249755566892077,1.0793662603593044,0.8902199614560946,0.7418643036845675,0.9357642658523438,1.14697659358097,0.9218920347813763,0.7298116673256356,0.8567491341557547,1.1044959315872498,0.9437777418806412,0.6805058592675602,0.8449285389373855,1.0549609750262192,0.07587499435642542
0.528977756832267,0.33891032953456895,1.3043691029359104,0.8406475585095418,0.4244866247906881,0.3404913327340393,1.1988768155502987,0.74483832677312,0.6369177724391493,0.3168405727017575,1.1202656563796993,0.8118686074837802,0.5308655452978399,0.3927549473865377,1.1358933520635384,4.955718798691146
1.1921147486385166,0.41607880582837425,1.5226111816458388,1.4518255055578047,1.1954350529596,0.42448409420727456,1.4690957367646136,1.4374538088739834,1.2894984119852473,0.46911799318725794,1.5499139502775523,1.4178499789827317,1.2847675384495163,0.507333998432978,1.517213609933865,10.783241604435744
-0.7997735020346717,-0.620201171990306,-0.02109440248666508,-0.015559611729364,-0.805718814736195,-0.5683634740331659,0.0006764578509772723,-0.06675143673491866,-0.8956661042139598,-0.5902145974722263,0.09150808908411655,-0.08185931213645581,-0.8588370480750745,-0.6151812008108328,-0.020318100404282627,8.957097740767637
0.12582055888609955,-0.5302642763477706,1.1556138227205368,2.118506169076421,0.14541482064499078,-0.49734237061818,1.1982931647570996,2.058542624665749,0.038596942949503714,-0.4852681577796976,1.249751105847001,2.0144674052432068,0.061340661521532974,-0.44055982317212544,1.3772862630258145,8.260935052753137
1.6020256302799873,0.35123707204574905,0.1719097852628348,1.1283964970478766,1.6999131950043844,0.33006750985923056,0.13671610138741302,0.996080744188849,1.6846327900906855,0.46461695129191316,0.1444756554958378,1.17857077149776,1.5860539357785504,0.3275590532208505,0.09429518033170417,7.023869376633999
-0.05163636987236256,-1.0095948495292097,-1.2743121578056598,-0.9343123791686296,-0.11140641935239097,-1.0274535151526674,-1.2201633527343725,-0.9664962123690742,-0.06404395812613721,-0.953748660341156,-1.1456152715037837,-0.9133636415991016,-0.2513685383637276,-0.9737792074375721,-1.1902907569543613,-4.421336554018719
0.7031107606986118,0.146494628339231,0.5076709429595454,1.4695032353653923,0.6915376786207439,0.3662635546638656,0.5360573465152837,1.4757430192573198,0.64408418054427,0.2518204025296336,0.6086961653330282,1.4413841292638665,0.7590462824952509,0.26043695298158626,0.6050313273744866,9.859706104282518
-1.9036259341046922,-0.935699301503399,0.7912528214608779,0.22483773993175515,-1.8457968407071574,-1.0494064080410799,0.8061767121576486,0.04905630996175506,-1.8235861660061177,-1.0098460743146196,0.8140983625389493,0.025672862662686646,-1.8594248852178576,-1.0136831740572174,0.8540493297084129,-2.270433379849577
1.1216931992909431,0.34272812631508687,0.9106601746296268,1.0787315218959563,1.0458796955707022,0.1838227217469815,0.8418549700111246,0.9518877891821654,0.9744446018118348,0.31073240863048096,0.804915897133955,0.9432053701139198,1.1516953452801801,0.24634913919265194,0.8515039641224812,3.925862934849076
0.37775441075243427,1.0593707059613904,-0.38531499212652587,-1.364096083826002,0.47801232232754154,1.1730071649876663,-0.3792304883815358,-1.393375262766524,0.3876273292657954,1.0941773278436464,-0.4280409688604931,-1.3124297264502789,0.43496023213465657,1.1581964028656078,-0.4320333657941139,-9.145099258122636
2.047262836643493,0.7423565322449241,-0.2708599166371911,1.2218963480807241,1.9998275832054335,0.7592890076677722,-0.23341351457891707,1.2001677468429355,2.0648894343743476,0.7126981438383013,-0.2400380184512966,1.2633112380946163,1.991576604185915,0.7330701909865204,-0.16176661432621528,6.231004583470179
0.5370404769076085,-0.10077082515706162,-0.827803540657226,-0.17291570261255773,0.5473115156081989,-0.15996740119911576,-0.8510386077788071,-0.3092469056450458,0.5240526220153863,-0.1133032766722125,-0.7978070176345806,-0.28711617660085664,0.5474693755153148,-0.0844943091011688,-0.8482061576048804,-2.975142390932462
0.6802028475859674,1.3238976009028252,0.18249223978032705,-0.3191808835044573,0.5724030335114292,1.2176873537298443,0.2506949319098321,-0.29601021925076626,0.6078480398055619,1.322183505609825,0.2292087768238343,-0.29645844057693505,0.7115030243009712,1.3407983584978136,0.19042701920245833,-5.786553225141846
-1.0670885936426548,-1.6305049276138024,-0.11783302249090934,-0.9615830001734582,-1.1015383461855075,-1.555901036472887,-0.10477884428459622,-0.8604410573731835,-1.0844558640404915,-1.5332627668589793,-0.14381110529620572,-0.8370302299764686,-1.0434224330215822,-1.533698648842068,-0.15710815638387782,5.047546493447717
-0.9472098370186919,-1.6179394619343372,-0.33558227091070614,0.7548963526112804,-0.9199304829999451,-1.6848907175079313,-0.3605790899639148,0.7252432899083275,-0.9919906332299661,-1.684564724917879,-0.31148012534212455,0.731962438922953,-0.9456211583610915,-1.6165383308169063,-0.42558926828495075,2.7372792118744016
-0.2660352210336706,0.22165549284671549,0.29712652801459327,0.1049339032955459,-0.21964476086301093,0.15275186713480715,0.2424521253187013,0.14146137145281285,-0.13478071370779188,0.2874429427904678,0.2916922866176666,0.17208710525301707,-0.11097897474660946,0.2586847545495358,0.28976882084238376,-5.403235679521703
-0.764400008669657,-0.49542680789100235,0.5491184117828721,-0.33976240941063374,-0.7458738383895781,-0.33927168945233827,0.4933483612187686,-0.294184009162207,-0.7526041432758405,-0.4383629208345551,0.5197400084816487,-0.29897580338874186,-0.723171258498661,-0.38893693163704623,0.3833560858058833,-1.824511791700489
-1.4556641162678077,0.5941705735735813,1.7354397468858267,-0.29548531265845446,-1.4624990646206653,0.5362642224970586,1.7360039449342546,-0.19194726989584737,-1.5407664599900035,0.5596572730796187,1.668931522048628,-0.29928168081645173,-1.551991792846633,0.5686435743360723,1.7104547357302984,-4.059067591685398
-0.49508315956242194,-0.4078492729790512,0.9706233712852932,1.3663234987857873,-0.5623091912932473,-0.3976086073610513,0.9703896184265163,1.5457140408450225,-0.5895264461611568,-0.4960633632628825,0.9796704474267388,1.4427080350291033,-0.4917167927954011,-0.5328534175740933,0.9784977174490291,1.6929621078647905
0.5373867849613134,1.0915988388484952,1.0045913733608882,0.43199971905409784,0.6164634004769804,1.0261251380702467,0.9479797993203002,0.3952324986463463,0.5720705856524586,0.9531211332266493,1.0148912974620052,0.42193032247473516,0.5738325946366937,0.9773405797972131,1.0794985182529544,8.579109889846123
-0.39297232687042316,-0.26002689817093166,-0.08421277274730844,-0.13995497462558515,-0.35165082061620456,-0.2500911121405617,0.018823516034541826,-0.22112727595835097,-0.3330888730213794,-0.132974131438937,-0.1487652398743798,-0.17999640729922814,-0.3851203958445138,-0.1872225857294977,-0.17119691087283745,1.413703397532597
0.5592843503301712,0.5160867392292265,0.48358639527165737,0.3607141246415199,0.5938427553694035,0.5328002481933445,0.5846688877946692,0.41117774451155875,0.5538519328569601,0.4857618123421489,0.43302321258775606,0.41782090976725056,0.5464350621866325,0.510327223051278,0.49262694935809614,7.852072659213645
-1.2371021904644894,-1.069254004993874,0.9207908357052339,0.3961933708859919,-1.1922061787226719,-1.0813360702973813,0.9029251920795238,0.3597852058909185,-1.1263223227780375,-1.0419998173765814,1.0163593678079819,0.34480613302181895,-1.1136429436427207,-1.055163791564867,0.9341504023666983,5.898234243535132
-0.9444091749635684,-1.0248115441603136,1.5911723361206942,0.4519385471208751,-0.9204428260070976,-1.1573145090267123,1.6154930366285878,0.5259181283724368,-0.8879916239962847,-1.1363403686494131,1.6125167496825719,0.3403243162027466,-0.9596629815970129,-1.1020522575247078,1.5770695200580196,-0.7092058870460285
0.2326808180856424,-0.5377848762244455,-0.0963194246709007,-0.2305579832447111,0.38559629636616377,-0.48549030696399004,-0.1359127105713791,-0.0833586377839025,0.2518242999437473,-0.4797225940445194,-0.11149371372813265,-0.2434647741510514,0.2543106518315946,-0.4314350945041216,-0.1693074433946402,8.36403486496944
0.6010742492141616,1.3536771538504928,-0.031262605310701214,-0.20367659323351134,0.688478505736459,1.436697517724235,-0.002508637939838871,-0.19974658243378007,0.6628119912545261,1.4047498974481847,-0.07592704538419637,-0.30968412362250697,0.6314190104783862,1.3511520282728087,-0.026135592172951933,-7.8946126455067915
0.9900571460761685,0.4480031123059054,0.27885179003261606,0.8098798116186684,0.9502490542375394,0.4636600210644127,0.3461787918228516,0.8353172683685421,1.0071288798138243,0.4453396791920593,0.3761881287679233,0.8227777024189996,1.0694933624227267,0.559737810257053,0.2763335891511093,1.9898332456277874
1.9063597215131058,0.07851259268551641,0.7941089591413822,2.321071304515816,1.9449422192450427,0.05921197335585711,0.8507540072508031,2.233553455374881,1.8279446986115209,0.07564766098729037,0.8050343093549595,2.294597250422443,1.9512492479902188,0.06299348734186257,0.8091315189262882,16.13805762047973
1.7012988263131126,1.3008083143388973,-0.16914596801211476,-0.2898365116127959,1.580804952405903,1.3900406799122458,-0.1575377527823701,-0.14432231421079875,1.6994682207379952,1.3114032631544323,-0.25403514890736223,-0.23692712247906073,1.534771245200657,1.3451387862686235,-0.2908930371188213,5.193709006938343
0.5433438190515035,-0.7025423180758595,-0.20116525637525046,0.44504295120591597,0.6876622391010422,-0.7301703362570259,-0.2135615727311025,0.3598109933047155,0.59539549852355,-0.7314952425093514,-0.13924296710669523,0.32869182597944024,0.5922983293756419,-0.7075671276074519,-0.21174560561425096,10.181444167214753
0.2039158210727203,0.5071689884258439,0.5562318006991107,0.397399443557845,0.18628058901591235,0.4136593419487006,0.5623477537505401,0.2836427990243908,0.17875257900070773,0.4618994080038949,0.5181723910823257,0.33276079568843175,0.18844698230617385,0.48535865975515774,0.4802203901882106,4.464406527453993
1.6117446742060593,0.24631233709906247,0.43407315474499036,1.737539294717457,1.415932517881719,0.25143497622016103,0.39479124479488903,1.722159001515462,1.6015503600167582,0.16854574214566245,0.363322794436532,1.7753096208893004,1.5931864080104678,0.14588424503920794,0.4339413898783272,10.87148997181599
0.17605706508868205,-0.5427068282166357,0.8689131576473421,1.3371060082127189,0.1648077204097657,-0.6137624318519669,0.9046976302328783,1.242375694271286,0.20803194570172948,-0.6435812993238386,0.8797242139671646,1.211863033843245,0.2129388039410278,-0.582441881172466,0.9863892547980907,8.65668990712685
0.5975350830282797,1.0313234299025469,-0.07550577044554321,-0.13090179277002434,0.6345925464407476,0.8844518583566775,-0.028997467418790307,-0.1145487916811438,0.6177130365519599,1.0144008125678212,-0.14545969281471488,-0.15137884931120496,0.5304932750507664,1.0256897898485933,-0.06125120598061392,-2.248868101927543
-0.15199169334509594,-0.7061466495889555,-1.7930605346205117,-1.2021227235866616,-0.1215271672709643,-0.6238841683833747,-1.7457310502410563,-1.2820690147902336,-0.11681906978739573,-0.5860868425141108,-1.71138376909117,-1.2558903849571041,-0.16323703318589247,-0.6770648832998776,-1.6715143026156665,-6.647233311976101
0.7767116706099182,-1.2042356626515294,-2.050207164213251,-0.7136452325200154,0.7162394442035886,-1.2528130529426413,-2.084686598077501,-0.8342988493505359,0.6965452537276109,-1.2595685296886594,-2.0720550873649883,-0.6764199392673207,0.7415888632116667,-1.3098878358757422,-2.1009537617587952,3.963489243012355
-1.2295667235258732,-0.10352055042447719,1.9919433871315617,0.4676484868699,-1.3367027499707913,-0.07225668216513431,1.8901676522765822,0.3852107268472441,-1.321636909258605,-0.1063594976400487,1.9097983750980212,0.5094637599703382,-1.2911735576401457,-0.08996539274701959,1.8711960555582214,6.092926991836241
0.8312215186959718,2.436528861454682,0.5747594630926558,-0.673533468357047,0.7056293760599371,2.4355929655238824,0.552955198506908,-0.5753071583411513,0.7703136619467031,2.4109581744325963,0.6544378198606855,-0.6445850958911297,0.8861275647992681,2.3260708521398787,0.6778087410973829,-4.161305184231836
-0.5995286096827415,1.0776972888421912,-2.1109687498212613,-2.963674873551759,-0.6293776927207333,0.9653908987981107,-2.1488257409091336,-2.7791796693075894,-0.6480462804117199,1.0843880224805238,-2.168090172534804,-2.8524622600686613,-0.6593030400838199,1.085123947563787,-2.0728583993483114,-32.16265090586908
2.260392323413544,2.8052000167142492,1.5191028546847793,1.0325831980650653,2.392442275712064,2.799190605618774,1.3761645624999765,1.1109647640840576,2.2167076305194438,2.8282009398071803,1.4159251030214497,1.109011688222101,2.230606027033514,2.8566731824348963,1.4459856529703212,3.5050657857294056
0.9136499753541967,1.0632816602380728,0.8011356188717881,0.5505099432904421,1.0280994781370298,1.0597416323379376,0.7318718581418098,0.640666183545518,1.044174494437715,1.1654659274180863,0.7333573134730184,0.5591845309342202,0.9824234847590163,1.1606746109451023,0.8102165999659701,2.1060420229428063
0.035381595894767026,-0.5483638639651133,-0.7497649319733527,-0.2109321460253175,0.15532585648120859,-0.48209873646968215,-0.7802900689367518,-0.07031267090417409,0.1259046391524581,-0.46617374686550767,-0.7855164662019831,-0.20039475095598416,0.09739195544749037,-0.5136231764567283,-0.7578659654568971,0.43108093701249706
-1.3530388196899628,-0.6056891423820936,-1.5125723013488828,-1.8925333920624947,-1.3692493729436594,-0.5741733809493555,-1.4478705969279146,-1.9872166698620402,-1.3644690786332379,-0.5998286636549188,-1.4496529747873355,-2.0058438838709476,-1.4857133757711936,-0.6816817651232201,-1.4564874464472723,-15.377403264005368
0.90275829990006,1.6561356583949265,-0.17371067390808473,-1.1694121644825166,1.030490659897177,1.6148489750536903,-0.2212119055294377,-1.2099581479707817,1.0426431539368994,1.7183731323779503,-0.18614640118148792,-1.1433448822890722,1.0517984002732899,1.7024950779857657,-0.2739688187374555,-13.009465663846775
-0.2799942648721753,0.16710319101469528,-0.9672266218543504,-0.8147140024280732,-0.12853586207608939,0.12513440766819825,-1.0385549793352304,-0.8136695849845564,-0.2444715383137484,0.1914625333234699,-0.9381184774841184,-0.8049767693966909,-0.23584136456912405,0.25101585924268455,-0.9342966416869258,-5.753563029413743
-0.13465160688683625,-0.6735090393951519,-0.7728159013309026,-0.7901291439322236,-0.12210183073142833,-0.7469510323479099,-0.6373855741460376,-0.7606756263443124,-0.17277783544784148,-0.6580181492238281,-0.7599826787918994,-0.7323676175434073,-0.17768099381420835,-0.7399700971831695,-0.684952120861231,-3.6417124688926608
-0.3384576939178119,-0.6651545497009559,-1.0274487228874316,-0.04421644527667037,-0.2985863207507927,-0.6934707815148923,-0.955786137904577,-0.023469265531671384,-0.3281543070160343,-0.754053247618175,-0.9258097965605738,-0.12340868081426201,-0.3692344190135567,-0.7558499949361382,-1.0162487153334365,0.8230326178905223
0.276157561153183,0.590280434591788,0.9683259290636012,1.1356046252155632,0.3674166093400443,0.5231886303298291,1.019903557796892,1.0571807869827647,0.3479869796568048,0.5012271813555009,1.118197574825464,1.088020998252251,0.351109772179975,0.6537224826522786,1.042731853292555,1.7741492909964243
-0.1786436516432348,-0.28057934964185544,0.41273683512840775,0.47672187208648004,-0.08477171070073171,-0.2490835621462831,0.5191913534753232,0.5207385704744575,-0.14611056989961846,-0.26229099854864063,0.430981153441761,0.38821706661927335,-0.16602228231890268,-0.3595028604600547,0.4429995710409992,8.822063095334464
-0.004837799226614578,-0.40435508200756515,-1.0313829825022192,-0.5267516271669995,0.03944483884728245,-0.346379662447489,-1.0082021066501587,-0.4992399223080751,0.05958198540297161,-0.3852876242384204,-0.9971729191270167,-0.4466076791819083,0.07197834512061824,-0.43914820013357964,-1.0032407166802435,1.5569845799605524
-0.1210442638384099,0.6962383945793477,-1.362892891667189,-1.4187222020677042,-0.10841662564459295,0.6800608139874698,-1.3164524509592723,-1.4320290610754545,-0.007580744317824323,0.6261479506391177,-1.3370610004384578,-1.3697927596097876,-0.11737875857815967,0.6410005586892379,-1.4767923048821787,-10.443040119376501
-0.0025997904493276977,0.566648171133726,0.5690698156964393,0.5840989744879397,-0.030828384667149128,0.45054892329843277,0.46442479713309054,0.45837185994809015,-0.017524118597925985,0.5802623280717218,0.44034764565419465,0.5532160602262393,-0.053725988001244326,0.4609480211900848,0.5048265759741095,-0.7632853837859735
-0.4367644911723619,-0.2908779022077023,0.5214447103491863,1.3348374020988163,-0.32982105871423056,-0.22825451891888254,0.6307487303207948,1.2623814924034547,-0.4133288839368429,-0.3711560814993746,0.6020731678209856,1.3401609206764935,-0.3957250643785506,-0.22240544903648293,0.5926004116509976,7.759900161247119
-0.8440799158121357,0.682228312390538,0.8042238534999053,-0.5337526004186672,-0.7242817566543157,0.6749910674535651,0.6916090969598676,-0.40898170612213786,-0.7982317505441786,0.6013840839379909,0.7204951106492627,-0.43042348658968677,-0.7692159643563042,0.670967960266136,0.7721170536976621,-3.6416268699927254
-0.25762379591891704,-0.08402138235576437,-0.0936784548848868,-0.1776924359380355,-0.2973309269516023,-0.03606160798195995,-0.05241731861658715,-0.24112816846980187,-0.19202288197951506,-0.10181745384315592,-0.11112880091632993,-0.22515542084867127,-0.2596001632610129,-0.10630933796004104,-0.08905890633194198,-0.11515192465991053
2.1340148695162307,1.3913402215516613,-1.2250264389045744,-0.44569651187412884,2.1929973977439046,1.4525654427011723,-1.2485668908537941,-0.5739982865518434,2.149503737023468,1.352108241013408,-1.2818764273998022,-0.47777621166329975,2.0207080463563774,1.4979040362272684,-1.2986448320414574,0.7580148981409924
1.4673538735117428,1.5436141943964492,0.337108104257335,1.2058148884764177,1.445141717441745,1.592572195051873,0.332795912333928,1.2337838920196802,1.504783975524386,1.6562992797050815,0.2973218249319575,1.1036097528899316,1.6136249511764178,1.6540273507618077,0.3931839147704014,8.836571910386917
0.986778652330575,-0.15041778767071878,1.4336632154293931,2.260722874711953,0.996754456391927,-0.04986127594891064,1.46791830942985,2.2527884175244157,1.10485214362996,-0.16944080928839664,1.432857160432776,2.2869765689648185,0.9418374938694802,-0.10713927826973366,1.439634585656738,10.263668071219323
-0.42323246897562644,-0.52549333728126,-1.083453652045696,-1.0617946985356992,-0.4705831268507978,-0.4156971620709029,-1.0692480471002723,-1.0455729967242022,-0.3437000505648358,-0.5412898393164599,-1.0728399111910119,-1.0404142356536044,-0.4163774585042798,-0.534406245329476,-1.1093351228459998,-8.994441319031882
-1.3410715677531422,-0.89701591853746,-0.3741107038161299,-1.043345312859348,-1.118869754313305,-1.0063541556225122,-0.46083790044667966,-1.0591996783046485,-1.2317344043676213,-0.913303144564013,-0.46578375020390317,-1.015359792773806,-1.3423875875313616,-0.8457220310671457,-0.4338350735910532,-9.259029393363289
-0.7217733756008265,-1.0864431366857532,0.702842162110669,0.8182910600589188,-0.7344051247751797,-0.9922821078444892,0.7364808968468034,0.7646494835430653,-0.7884376912636533,-1.0138861104627912,0.7462958949072269,0.8799498076729587,-0.8463610301204769,-1.0101302865300201,0.8337671248870044,-0.05447586821358019
-1.351382820578439,1.0452704394129382,0.28674259970066096,-2.261280464813781,-1.4131033261826995,1.0315357964616605,0.2968962713946954,-2.2293884070452945,-1.4360539477352097,0.9804379165377957,0.244808134368725,-2.220149256741982,-1.3656632475560078,1.0486628840104757,0.2710399171776467,-15.308819016101106
1.5690038913850037,-0.1206263732435798,-0.5424044229568731,0.9030317895746202,1.632665492587912,-0.09427555856363919,-0.630158032691699,0.951253135197968,1.5701002278390541,-0.053667445499177326,-0.5569786281453792,0.9278702078041957,1.598187694478205,-0.019614608630228528,-0.5678233907300941,9.62172517774006
0.5425609904546457,0.37104245653417883,-0.08558235786350382,-0.3245828669417143,0.5307215538303265,0.30723137407864876,-0.07562921336627751,-0.4448651154480796,0.5299254371856327,0.39854713253066176,-0.12882083194373364,-0.4973361782658821,0.555339714404944,0.39915444034790176,-0.15901108871689648,-1.0064900885172055
-0.7691148438617775,-1.2732092949324672,-0.5150904882416631,-0.667920617117586,-0.7221263900931199,-1.2119467048089743,-0.5701898443162374,-0.5761704054164136,-0.6214076849485287,-1.081055456227631,-0.5900903469185291,-0.5459952861865278,-0.6927626968633404,-1.2229882636291638,-0.580004465101104,-2.931559447352452
0.20962740071712765,1.6326337010670844,1.2120836308834866,0.10816394507702792,0.19526228669361836,1.5937973646264907,1.155095275902415,0.06628504450652663,0.1741043027749892,1.6638576333283266,1.2678216181974542,0.03367802404144168,0.14574141511715966,1.647668600549289,1.3544360820429115,2.04252035129754
-1.0559705982751817,0.46504659124142034,1.103373549296966,-0.5242472181121167,-1.1049598795964874,0.4515391387563712,1.1121546275323413,-0.5455067213008057,-1.0052591418433825,0.4676697691782419,1.0840848430123267,-0.5639345722934589,-1.1111752937581945,0.5266645745976553,1.0159349260416468,-3.9035825473209043
2.07462670612807,0.45689813861130124,-0.037135117096546544,1.0538411668976024,2.066808421874516,0.37497442222060895,0.07119054959275943,1.1044302777598258,2.079188961312589,0.38705864355354536,0.03756171318782314,1.1416804185114795,2.166404939033656,0.33027446309205577,-0.090925284048075,10.669490127310725
0.014357140229083935,0.3140533825714876,1.2021786352452561,0.877252856065847,-0.08516001073080363,0.2804439175430688,1.153108519487719,0.8645124115708519,0.046489278258877026,0.26567716856094054,1.0845387874403272,0.877298187726553,0.06179338430001072,0.28848779993675805,1.1492854436193802,9.662377367474704
-1.4328945788315737,-2.2266291929558024,-1.1645539521211798,-0.07108397988437738,-1.4937288947520047,-2.18701510455937,-1.1342152930703702,-0.03066557030730286,-1.386363499067168,-2.2079980414816083,-1.187828657650467,-0.04783244459892848,-1.489847814428448,-2.09755671677912,-1.1203942498428907,-0.1459463109151416
-2.113413495889703,-1.434955399441231,1.7872688049913221,1.3096062974294214,-2.0840461004270545,-1.484327565721468,1.8585128603029035,1.3395140708519897,-2.273407354503215,-1.420610370947812,1.894827534099424,1.4647738609197627,-2.172529454300057,-1.514758731698084,1.8020931104819327,14.45255144318273
0.44440377906551976,0.7304053867009523,0.07143330511694787,-0.07050641481824993,0.5803091668251861,0.639152741575286,-0.007644420835584691,-0.002569176703503609,0.4775657953202449,0.7207887304406762,-0.0067361301060969506,-0.060057475056661404,0.5054403470153952,0.7971956627114231,-0.04653062487876672,-4.002402036037145
0.5229704979196942,-0.061864571048904984,0.38235443802418406,0.8325358090278117,0.5643858923094722,-0.14406015429504548,0.416046546152024,0.8317860006532128,0.6085814790909175,-0.04352189070904282,0.26617635047983806,0.7855418632910179,0.5438137770467406,-0.0010470559397886825,0.40150332688611107,13.293694660341586
0.11256819141109861,0.6881989079427161,-0.6640511889970616,-0.9700708086813742,0.1438996191669665,0.7067537391484994,-0.6591248775331893,-0.9597700389017034,0.07447646358930286,0.7643704056110174,-0.603563318209428,-1.0335182366563025,0.09934557109781436,0.6853815698375255,-0.563510287413161,-11.193434788322133
-0.13964966097749243,-0.727753563372464,-0.008768816249910955,0.37352335120427943,-0.11787663854871472,-0.741737596864858,0.024005279335303022,0.3212889796036782,-0.16969866662584612,-0.8197888981217263,0.023820504416942962,0.2949727612060388,-0.06828625730089062,-0.730292656255803,-0.003278063438522494,6.087900372821883
1.1985620462598137,0.3756325280443122,0.5015898598534838,1.3261571744980944,1.1413648772648388,0.41846890056837244,0.4955438123062842,1.3395336015220254,1.0320292736068664,0.4286860992918946,0.33978255665249657,1.2306585326276847,1.1440111075029789,0.35037446734939415,0.5010009634118032,5.166524460107269
1.5318240221754036,0.4762392387839473,-0.7092177059560367,-0.28412616090905773,1.4496777554482458,0.46372330308827053,-0.7530114923890677,-0.2551835181031984,1.4285631857598677,0.4552296625766849,-0.7121228615409938,-0.21335124609516035,1.4328087607350852,0.5856905415875899,-0.7205841042733957,5.308246509158987
-1.0553155044201805,-0.6972318693465818,-0.5942360747538685,-0.8123275131161398,-1.0414718328392771,-0.5795489772689836,-0.5465213073388151,-0.8115651583942199,-1.0388050377177929,-0.5881346661972817,-0.6354781667119742,-0.7494718349231344,-0.9602778299397222,-0.5161658624326417,-0.5877810122301718,-7.391676191371017
0.3972037088604895,0.35451689478262516,0.3014118172101494,0.5703436867626569,0.3523757763537152,0.45198955267097474,0.19676185494167173,0.44065944767334486,0.31893944504030697,0.3400347755625174,0.25193011960782397,0.39252308996806407,0.4097775371498361,0.38772448524026687,0.23410457528453354,3.792514232156405
-1.1913850220312194,-2.1567218378945294,-0.9058295945618524,-0.04036084267213386,-1.0765305026067489,-2.1594600299646785,-0.8645511863216476,-0.05948042161335117,-1.126546161112827,-2.181730709296776,-0.8492199257551759,-0.11695439850542583,-1.1300823884688074,-2.1743821669553705,-0.7964536522266586,-0.22975901044619684
-0.5700618913717729,1.4112020136878958,1.9336946036524527,0.36765700069376367,-0.6002917735773532,1.3696691481323682,2.0506331441929158,0.27457322680035123,-0.5824792189135186,1.4228357778938314,1.8914402059331457,0.32498989296790054,-0.689259008229166,1.4042455351822452,1.9130527355214864,1.1903132579277478
0.733652584665143,1.341446934097585,-0.09774637276683942,-0.327962795342597,0.759305473587495,1.3253665130811694,-0.09083403559731985,-0.34271485483861974,0.7572157439021163,1.4010112738178022,-0.13684302364090536,-0.4690586572836145,0.7408813906810565,1.293972730132067,-0.1310531085937805,-7.078472586430948
-0.6485520286176181,-0.513468881045079,-0.21401969278131638,-0.21961851664638624,-0.6206349164617623,-0.44940616211875567,-0.198290032042074,-0.3029571788149443,-0.7899998889722449,-0.42471617467449485,-0.25504586322906775,-0.33509953904803874,-0.6372997694797453,-0.5370497771957077,-0.22162033565413966,4.720412620800541
0.0980081933301706,0.23970162562964933,1.0681430200813946,1.0639317619480477,0.14969608671467705,0.2552332024794764,1.0605877985826238,1.000138781078477,0.06457254204153436,0.32787586404146846,1.1182218961280666,0.9912163112766227,-0.007439284487978287,0.2686017814313044,1.0393443279281613,0.6542610621536267
-0.21434964349524166,-2.745897761233423,-1.44799941330839,1.315359408262371,-0.17980903901229497,-2.6506981573532986,-1.5236290024932508,1.3286670423099258,-0.1465266051346198,-2.7298711192141667,-1.4899218705830073,1.2401667743999985,-0.11870200030098174,-2.654150839460509,-1.5227120599425235,5.309894039818987
-1.2031995966304718,-0.9219565166549897,-2.039519025304024,-2.3486017999055937,-1.296005494316149,-0.8924923526417591,-1.936102222850909,-2.2979297507034415,-1.1997535433160738,-0.9118903483790439,-2.043371959223087,-2.2424002659080395,-1.2491967992077337,-0.9718479712105862,-1.9257552596455607,-8.982535566986606
0.7854931211214458,0.2440585630504728,-2.008882261520665,-1.747053834169644,0.8961023104857838,0.26305656968387503,-2.0422187664643516,-1.5790677847285872,0.9131249794229203,0.22237764022713627,-2.062564141497833,-1.765991421815534,0.8776205647389409,0.30274708606294837,-1.9072340353936068,-10.44171726036052
-0.21778067997258507,-0.5353636259430414,-1.0753694476680122,-0.12052500550105526,-0.21047597060170506,-0.5728426044007271,-1.129477579337156,-0.1552727521696583,-0.17831965796662455,-0.5983174231772744,-1.0133057920755033,-0.1920430853793571,-0.24728220299862438,-0.505163838439701,-1.0907985552645887,-2.111001442488759
0.3823861137432551,0.4824896459611454,-0.5344715649921682,-0.817623061950102,0.3396965918682627,0.48845172598443914,-0.5107140836627483,-0.7915576046555497,0.31615612332381,0.4325422990708364,-0.41496700617143134,-0.7299943533603032,0.3279175559020745,0.5071535534746443,-0.48359112231019247,-5.530743533593477
0.8717343443090629,-0.12181566236988998,-0.5874877415059349,-0.008073816306771689,0.8613367555529818,-0.1393271126532156,-0.6818897071381398,-0.054444929914055126,0.8457577856499131,-0.17945234927211523,-0.522567212116529,-0.06323820931800099,0.9317390363244776,-0.05849759421798231,-0.5911965480550526,-2.5518901489470665
-0.7880902971298581,-0.8967049186764914,0.8814852636518117,1.1459769856936286,-0.7563287463610204,-0.7417717983056501,0.8561038668975085,1.0793893192393165,-0.9219238927904359,-0.8396274649785668,0.9132901071043759,1.1421519039862507,-0.9078273543101245,-0.8461266602979919,0.9440432021525754,5.840837675798763
-2.014402295442041,-0.43621382162733824,1.043088027453615,-1.0360836494459305,-2.132169065853197,-0.3858985060364191,1.0029356258111508,-0.9890925944145479,-2.0272480466658376,-0.41691483052496997,1.0658335577973028,-0.9150334875201466,-2.0173790751314704,-0.38609278871220776,1.1166243337957695,0.12276592357461702
0.05598970209343374,0.4520799610638435,0.612701369167743,1.0367989844244159,-0.010812691981343672,0.4701075973946894,0.6419848278850366,1.0649632242726619,0.042660182122733654,0.4751419315621074,0.5503165054398754,1.036581002740916,0.048368060565732056,0.45321579184156124,0.5222502064041881,6.41546821223663
0.25095952117656567,0.9877987850884431,1.3662012938410693,-0.1287119901229673,0.2662126938599742,0.8959674373844564,1.3287469048324063,-0.100651372833785,0.2920956719434722,0.9221783448740204,1.350126660474847,-0.04096527282129366,0.2875316618167957,0.8887059835846097,1.386218156813681,1.895776790673314
0.7708833107241189,1.0067387227268378,1.9566849905997836,1.653357900252596,0.7544307181219309,1.0370221893847897,2.0226899463340926,1.6808085682610714,0.7836445077582229,1.0197325693423243,1.9441067393878284,1.6823752849606175,0.7733346386324382,0.98961388447657,1.9129586824970928,13.327301968659894
-0.5055562411224032,-0.4368131841860229,0.024984229198592764,-0.587350070544878,-0.4106440094685992,-0.28926267908901776,0.03127269215349558,-0.45575557760049507,-0.42869962687785446,-0.3558231648306148,-0.12992711294920598,-0.47676489992018545,-0.40884616151563274,-0.291822236470376,0.04926210039379343,-5.809909281456065
1.6456110508467232,-0.20990911126413775,-0.23992308899089276,1.3107541701389993,1.721825147785141,-0.07950272437658759,-0.14239029071636194,1.4250018413404524,1.6597954766821177,-0.20813259808435128,-0.12859688657247365,1.277202133829087,1.6929886594758154,-0.06752439303450279,-0.159436656020222,9.2784332856166
-1.6887075000791412,-0.05534140672453198,0.5301460535492081,-1.2628184128550426,-1.5964642199712034,-0.07363612913296498,0.555425144529699,-1.3211894978981906,-1.7284465477883544,-0.08580831646195569,0.5314030616530891,-1.4160668091512019,-1.6285881931080877,-0.06026399602072546,0.525027082054571,-6.63092634771822
-0.6173481597719768,1.1714332376091225,1.5189334913406154,-0.09875779253162487,-0.5908984256483769,1.1569837745251328,1.3869910349647172,-0.12004692743894713,-0.5479197724480822,1.0921221629352769,1.4397324055012028,-0.07254732682248728,-0.6439163905258678,1.0727462841360134,1.367869240732545,-3.6960210210381854
0.34513576891555886,-1.4397496780193122,-0.2885479099696444,1.8050184940009135,0.3149252006101186,-1.4345254838432608,-0.3128975892273859,1.8256206908798314,0.32626075207173244,-1.4352191334867446,-0.19256102218218232,1.7542492925948905,0.27176982983009823,-1.4383639625689553,-0.2510972051334909,10.830377763747464
-0.42109727317938905,0.6046285772354463,1.3286055853841545,0.22623266653169874,-0.3872056180026988,0.5458903225690479,1.3896043504935804,0.3290902262957978,-0.5270948965257995,0.6417144417800815,1.4241292179513134,0.22554064874375226,-0.3877896560463048,0.6173507899159315,1.4225489662639332,-4.648761105431255
1.5800669295403578,1.4040039175680648,0.07861332979468871,1.0747480625658012,1.7022348043902977,1.3543024647519661,-0.0011324308587138399,1.0842938208120734,1.6538438668392033,1.3928194910457785,0.072533696132787,1.0048284365915974,1.5615347069111247,1.3350551871234602,0.09398512275350174,-5.4795619317985995
0.22697651049948836,1.1049753179012678,1.4236202022151059,0.5060345948001306,0.31643834475004107,1.0238896846230063,1.5621925139612645,0.4771977726104331,0.25298373563692206,1.1698025157445153,1.4967105008001143,0.47647715656176237,0.1802368494532613,1.2253164432971648,1.470065830305214,3.878764660623132
1.1099349028601357,0.6837797599234517,-0.807251679536334,-0.3051865873344781,1.1219264641812812,0.6631609176131698,-0.6668503645754883,-0.27726893867713437,1.1025021608972814,0.6323579453494861,-0.7025954764731788,-0.3687731153697222,1.0714242235737552,0.5608377688770778,-0.7035502589921063,-0.5421283936386937
-2.0043095848991834,-0.42096173778792906,1.0903319307730723,-1.494145481334829,-2.0185007386367415,-0.3063438408084741,1.0080317663179383,-1.5067829953660157,-2.0404716026295033,-0.36545877181040304,0.9851969560669004,-1.550645274521121,-2.0570683157230727,-0.4502251790492866,1.0633251899102902,-2.6610523299444737
-0.3592942875624185,-0.08225401287257944,0.6581208896631886,0.5082846190379293,-0.3876126664491031,0.00037068506364684034,0.6358106783231253,0.5512427443716595,-0.3407440638812086,-0.07436175890902945,0.7504642700267938,0.5022619270420293,-0.37766894893665864,-0.07354836621055968,0.6916015073913064,1.101507691427914
0.36810443513402596,-0.6570870488735885,-0.0632476250230851,0.6827543181969244,0.31031783491048226,-0.586487321735476,0.017789089618131915,0.7083092750902279,0.3107240990753332,-0.6421099249570852,0.003396782585518607,0.703890789416156,0.35211143755411284,-0.5312137524224252,0.03949068898196603,3.295451124646108
0.7994654626889923,1.5667191667654556,0.7587475728426067,0.5358639971858357,0.7358193035173024,1.595913773550147,0.8398311792092144,0.45330082593751136,0.7728924813319425,1.630054116824338,0.7871483699016436,0.39198727802659,0.8159191924541482,1.5276691999272531,0.9192470601462075,0.20453530098632525
1.2497595079111095,1.045078960347167,-0.5883639433931931,-0.6777204480518573,1.2671510108508133,1.1185897134875424,-0.6289140505475291,-0.5732600849657034,1.3113947206123266,1.0386564693139855,-0.6094171213700712,-0.720387637843078,1.1864668603623847,0.9983434752841803,-0.5716359924766682,0.7479177253141329
-0.11229438739472214,-0.8325504494719914,-0.014836098147458905,0.7420863034073018,-0.05821390259369257,-0.7675670416687544,-0.10761559042718719,0.6794328154813151,-0.022638834741740298,-0.900572538764361,-0.06019925934981026,0.7123778918667135,-0.09981668468235261,-0.7907044572744096,-0.08791208564914432,4.4754118052457805
1.0172194414641045,0.20541123659258437,1.2427659370113884,2.1577200771995417,0.9372069246464366,0.20085843398689956,1.2806599639921605,2.0616696270951578,1.0294291184731832,0.16099250016271585,1.228927758565185,2.0763065132385194,0.9668263545221932,0.22544446508811508,1.3091123675887075,16.013936318224353
1.8133864446403656,2.374274612182656,-0.5698893187882018,-1.2919223244767797,1.73181733864457,2.4276182602597203,-0.6661749808342246,-1.2592838526803285,1.7289681664799057,2.3773036059016146,-0.6759712749270255,-1.2158443626697797,1.6325434245052277,2.4395053242046623,-0.4541900244022983,-12.71598602283676
0.8015368748827061,1.069266318135209,1.505223780403771,1.0424506800444844,0.8752457054858637,1.1343239175925912,1.3884655778939181,0.9792169434924862,0.8688652474605345,1.080929584606626,1.372214859661794,0.9181802490757391,0.8384539173291681,1.117849806329146,1.440969013120732,5.180046296757476
-0.7404467620040169,-1.1797248768333952,-0.588163557632909,-0.7252792935907617,-0.8277606112119356,-1.1798926441662165,-0.6452409962742147,-0.7310325677041835,-0.9296875765292911,-1.0514791508495736,-0.6177241924998449,-0.7905941315100984,-0.7986078416692138,-1.126112191066752,-0.7091632909264013,-2.290612126523198
-0.13755326389068165,1.5409668749039438,1.5604097573159212,0.05382134574463955,-0.0828394863907739,1.45665163901348,1.5219433598309224,-0.05523982232180083,-0.12388939129095697,1.4554059486675521,1.5420638306424101,0.05806851500848874,-0.06043955682561832,1.4538562224444218,1.5813475139794837,2.5028444660256834
-0.6883244980290563,1.0584797229186031,0.4763618608413923,-1.2288234839979522,-0.6707987631932,1.140439549340341,0.6183460269995046,-1.1194341798964809,-0.6607592777048656,0.9610343508243206,0.5744900194411,-1.252336636531509,-0.7334831675181,1.1141499901915743,0.6037630514997576,-7.825264546161458
-0.1320250963011327,-0.48363273801817086,-0.279994336279961,0.37392084620735083,-0.017079279770372935,-0.410428404981748,-0.30742357889227956,0.3737302421732838,-0.06137975579842833,-0.46864744882393233,-0.16643337722152357,0.4263873844665304,-0.16098571892682303,-0.5264327711050463,-0.26517722710948155,8.795179117862224
0.16612448925400441,-0.11742233513343364,-0.9938089321824892,-0.4478100171956229,0.16676310064920988,-0.17840616267314255,-0.8842274282461395,-0.3598487901124106,0.18845517196877842,-0.20467904656049757,-1.028576250510047,-0.48332772856466577,0.15604122483757563,-0.3040053438755651,-0.9503874690450155,-8.010559127119912
0.2670941103753932,0.675799462389168,1.1288424297890431,0.12416254333169746,0.3349040551136221,0.6626201688000984,1.10307587349776,0.07547740478957571,0.3689467294676417,0.7266657775198534,1.1054396283321097,0.04629849056593181,0.39566887933548034,0.7162475803852367,1.0790693166315877,2.539388497206863
0.7120001897845266,-0.16122612996294547,-2.2005708435853273,-1.2709255777792365,0.6935145276686846,-0.10744228591340513,-2.2023612021250636,-1.3636353508626906,0.7295160307711686,-0.1363198325851321,-2.2296162149629257,-1.1964706649791055,0.7470448021408819,-0.05840310980806244,-2.224454566885325,-6.154430268825958
-0.5175806496171951,0.6241413789628494,1.1493777845835274,1.1114937449788174,-0.4504941166892811,0.6494566253937809,1.1099637177415143,1.1430593976099883,-0.43607579110844225,0.6898243492425697,1.174336478745296,1.1397176144244023,-0.4485093578060786,0.6917303801556177,1.131345293494734,3.669608869121955
-0.33390037961307417,1.069513445013381,2.5010651162841535,1.1708658783840034,-0.4627024977464429,1.0894589592392157,2.40907619732472,1.2535953520321712,-0.38831034903700373,1.0762140698558051,2.537012869978895,1.2730096932447466,-0.28357575062087703,1.1157715893045057,2.3496001523726617,1.6513499648514967
2.423944968440449,1.6027120814432712,1.1661825074736407,1.7344478551492404,2.365008149573368,1.5406631657216474,1.181936488223445,1.6554432369476335,2.331988736500341,1.579888984255059,1.2123443514399883,1.626107893586974,2.337265771703468,1.480315784440233,1.2199245697696186,17.554290761648826
0.32427774049191777,-0.8948841297103194,-0.6016595373818261,0.562934303725331,0.281685438140123,-0.9831540728649414,-0.6278159449584108,0.3802482351854578,0.295064164959205,-0.9112358350440628,-0.6174145449767051,0.48225414917663617,0.28097892680253866,-0.9160930627000364,-0.7571828494697023,4.383863613963888
-0.5266674956592525,0.18384979488695743,1.1481761514392332,0.6853459552476017,-0.4763080702971719,-0.0479932348719731,1.178323744732853,0.6617153539778786,-0.3994246454808705,0.033758387854816316,1.1012753329650422,0.7200044906411428,-0.3263542520282478,0.08794325424432789,1.043726854163863,-1.837982181979282
1.059347040313029,0.3845389736540683,-1.0263216682315064,-0.07142665969599041,0.9108302657338352,0.5581008306129416,-0.989972095075987,-0.05309159106747519,0.8659627987384027,0.47268131287907383,-0.9321805425294207,-0.0444095826072396,0.9474030015117536,0.42947072523357227,-1.054495904027429,-1.0673108032940812
-1.6786158296950364,-1.5124009257078468,-0.09386584584863135,-0.4988691337605547,-1.6528969502186677,-1.5628262307362204,-0.14778357689426325,-0.49824372441398757,-1.6706225076786039,-1.4738315406847975,-0.12580824098619645,-0.49407473758800174,-1.7567466750244083,-1.4997348256367404,-0.12484986156316202,-3.2160569017367493
1.5504218483019214,-0.13771927558231248,0.2967186827490447,2.4111962325067493,1.6007823927803195,-0.10200545776857418,0.2857744916349688,2.3941792314545927,1.627883224222541,-0.0818949764679291,0.3357615935596359,2.334869620132859,1.5557790005140566,-0.11543869177899055,0.35936926049351836,25.204506668089415
1.3339419744509988,0.30046694602055485,-0.6539602622590652,0.011652126279832642,1.3311749951868181,0.32967579764128446,-0.6393953932127018,-0.010988793402685347,1.3222213166281371,0.3711350065121335,-0.7621270680525011,-0.01927500120392252,1.2791765859403896,0.48335453854529364,-0.7539696829559737,5.246841751512276
0.3642932420908038,1.9707620729114204,2.361694603371273,1.0310394410344026,0.37080112766227036,1.9483789826760893,2.481109615123465,1.0099100503562266,0.4742070651298688,2.0630559085908176,2.4202135323446203,1.0446500049989498,0.3733418802507327,1.8928888758792775,2.421287481332201,2.719994612346469
-1.0961924332500042,-0.8566006820248854,-0.9741131667633487,-1.7236950040047097,-1.0582186180049797,-0.8741154440568963,-0.9944458046247585,-1.7795473576735643,-1.0969967527181852,-0.7848649894532467,-0.865202508828942,-1.797783324776491,-1.107647347581865,-0.7427064801007491,-0.9193755594095077,-8.638672684061207
0.17986845293572776,-0.31347772842970767,-1.3359769867023685,-1.1216612708030054,0.2321157477115397,-0.44796972645974203,-1.3246516336663934,-1.1529065245637398,0.1519182613992805,-0.35128453620307165,-1.3026648578677555,-1.1379258048766567,0.1835243322116862,-0.41741187498618393,-1.3731959828780678,-1.3485470196659328
0.06088596707761103,-1.0859959068050067,-2.6373181620143207,-2.0020983894475233,0.09743104054380883,-1.1642691950971715,-2.6760479534761297,-1.9998081331327235,0.07150623615226592,-1.2070780312592149,-2.586722023483701,-1.9452418405963174,0.0544563205315939,-1.208968358877704,-2.6523200385698997,-3.7636376752186655
1.0211209343268361,2.415716604992386,1.1181476420416872,-0.36647947347686594,0.9684283782703997,2.432887118415208,1.0479829059903774,-0.39021861261770296,1.0375296533967864,2.424764499664319,1.067516026273785,-0.3383836594658028,0.9351701070414259,2.3882090488862677,0.9947773047887647,-16.070728836997986
-0.23481905143216447,-0.1564610710286058,-0.6188531398207615,-0.13569786441764417,-0.11899859640068972,-0.2637977418289864,-0.679107969344358,-0.07734458243615724,-0.2169413352927248,-0.23314778174367218,-0.6600515382801082,-0.19732286804256513,-0.18517410529531414,-0.2101378965860825,-0.613503685615183,-0.04133788165308605
1.2773905925513545,0.8458276849545306,-0.2734389937654521,0.312426101045813,1.3675411704047793,1.0087786647992054,-0.2229236730094394,0.3345743780779788,1.2786836298080935,1.005338337764465,-0.23149465793406615,0.33646023985270007,1.3564473411156814,0.9733274666977266,-0.20881932758261193,1.0438521281065647
-1.1912224583183955,-0.8639268749393504,0.08136188539123565,-0.21093963991597325,-1.2279769683689181,-0.7460340665781465,0.1298139792281811,-0.20264049581304666,-1.2258416966409884,-0.751009341782639,0.04438445269171595,-0.22813197664331325,-1.1726263910437227,-0.7112934039661952,-0.0009772055039854385,-6.943770328683384
0.2782253024042096,0.14417159422170267,1.0692246328491744,0.37291086646940363,0.1862902446636418,0.29348795831472246,1.0604305095858513,0.3172377592520355,0.24407929578968893,0.22154772129177808,1.0001516837399098,0.37030234263625217,0.2153109696201299,0.3241646352666542,1.0397287263689632,8.150560126144487
-0.43967666316362436,-2.087284226488188,-1.5060579033706938,0.7585556889217272,-0.4456251319195407,-2.058296444605681,-1.5335230408092966,0.6253833319742712,-0.4039922388643431,-2.033673791555563,-1.4643380408331081,0.6626898743080811,-0.5043980667354118,-2.100582600517248,-1.4010374877437415,13.88617107736549
0.4616748460347804,-0.17678268902440994,0.36296589771881727,0.8587580833426824,0.4148199831542999,-0.10915357857362339,0.42399227902725456,0.8754612692720407,0.5307907470716644,-0.17648354868718558,0.42322695599170845,0.8871168872427846,0.4407519263270959,-0.12835938074634173,0.42192880501931396,8.668113395723125
-1.5512512814162678,0.05845959479267708,-0.19666900173810276,-2.006347880924708,-1.4887609526153907,0.04241638434000418,-0.06268043405862977,-1.9147005870042166,-1.5006945970244783,0.0760332375536718,-0.14440541374526344,-1.8987676139430438,-1.491517313290462,0.07288091375210407,-0.19744358035722723,-8.092805459277962
-0.6057390119515847,-0.7979403586856142,0.3185265416932278,0.13036636862103124,-0.596398101074081,-0.8069705249463206,0.3337948313530101,0.02819500033810643,-0.6178716885243699,-0.8563495777073409,0.35866873395789695,0.13005482668920515,-0.5785443365654231,-0.8381376052850577,0.3479566511834788,10.000555291515255
-0.5512786468285453,0.4204836959336035,-1.118965169995208,-1.6150779107844806,-0.6351308795342281,0.4995352644743711,-1.0379615464579073,-1.6589979484839437,-0.628052320581413,0.5090373607488189,-1.0590180441527877,-1.6163934118461463,-0.5720325852477475,0.48044100781303356,-1.1118378436322418,-15.446641350844688
0.7817618904498866,0.3495745252866352,-0.7351863103618353,0.07789696040808852,0.8944275783537798,0.34450794018310127,-0.8186195058147946,0.13513267934724824,0.8416713385665159,0.29800922069152236,-0.8050572015399631,0.13725931674171035,0.833558383220698,0.2739246551836979,-0.73216144236512,-7.825190635473948
0.7138829954967207,0.6723307948888003,-0.07322195051960403,0.033100854936810004,0.8051806592581864,0.6921948229269996,-0.1025762450415311,-0.030414861012142292,0.8481445090650241,0.6744719071796305,-0.006523485912776253,0.04624957636597987,0.6817350385286606,0.6622040360736732,-0.04136785596860658,2.3890405400963854
-0.6585958502623132,-0.5377155866809644,-2.6748010497230514,-2.8265156235593945,-0.6019532783106412,-0.5981245646764946,-2.5355941816517573,-2.8738025408232026,-0.6186570493002456,-0.6105875590103729,-2.6663785877454806,-2.839648116151206,-0.562014375733448,-0.6108511948689703,-2.5851275074318187,-16.633618844562992
0.9456115509348169,-0.7892496973356494,-2.452181073111566,-0.5267810395443352,0.9254266003615969,-0.7212612744274445,-2.509770873252919,-0.5477554097145814,0.8252333734509798,-0.7238647470259768,-2.4831031080803947,-0.5919498975322085,0.9370294599321595,-0.7460112921170188,-2.5313760341629066,-7.525360808322136
1.7769601163381812,1.6740471433144932,-0.49185708979357506,-0.14263347325387563,1.7279363345940657,1.690467748232208,-0.5136533816949039,-0.22143654339783853,1.7047618337835257,1.717164701392939,-0.40786091327832513,-0.24670109207392643,1.7653593918899373,1.6824285567637423,-0.37589326945014956,-2.401335138548629
0.7029739604572884,0.6529343658479505,-0.9797808577662332,-0.7805986114902244,0.6903019536555011,0.7480844570383884,-0.9994517084288472,-0.7570489435599934,0.7164614986960095,0.6597452499268188,-0.9989992774329878,-0.7427529399260014,0.6695114266879177,0.7437591552568087,-1.072793093726947,-2.4889122904874057
-0.9045954894402635,-0.7089268596376607,1.032242794412995,1.0387987500106306,-0.8999424385726572,-0.7087282532512362,1.069013908231855,0.9742769387813918,-0.9236949688560491,-0.7379484170621949,1.0080976972139737,1.0477632120553397,-0.9283391777139264,-0.6984405470146732,0.9861777926979343,4.457453738754687
0.06308717809645131,-0.3502513181185374,-1.1896473544769555,-1.062198289242805,0.13831723391812586,-0.45632896653427923,-1.1114450718817566,-1.088654335791042,0.09704048389246792,-0.3795486259111355,-1.1278226227572563,-1.1234964253452344,0.15173940708644226,-0.3085869978535579,-1.2351570503455256,-8.025393848613055
0.677215259503095,-0.16600302545182136,1.796694147236335,3.0751475772133885,0.6513217815934148,-0.18092351056502926,1.7721974309432038,3.0303385675751495,0.6939562371880476,-0.20915222452391474,1.8086561433511457,3.176734920711307,0.7407934377578814,-0.18357923508937268,1.7698068693180704,16.191375675441517
-0.21833102478371977,-0.8998243967884394,0.3740538185065947,1.0593986929865966,-0.14445417606825403,-0.8260711078581805,0.3269022329816036,1.1170116844055071,-0.3257309134919032,-0.9014988294126134,0.3142029221240574,1.1134420770795965,-0.16264599813218947,-0.8723861250557504,0.38173956860303293,6.845172541902016
-0.7300063533659626,-0.5987713640995506,0.40134515001456456,-0.3832728614242102,-0.890593227199784,-0.5088141795877824,0.3867495035983268,-0.43799789067896816,-0.7671589968085735,-0.5938312233483567,0.36987105669703463,-0.4432302234600659,-0.7691593973085264,-0.5660605727914866,0.18569507263629031,-7.431338695916862
2.140905848775216,0.5190685494142859,0.40663961553049405,2.130016753114839,2.2492707259739224,0.5357474170594351,0.4167918121391222,2.1102608576123507,2.1897013314712575,0.5203920223312829,0.4294976848291055,2.143932277927446,2.081254397631607,0.5890240359293013,0.476889442108056,12.026486926679707
0.5467014690747503,1.0305720002693752,-0.10470519601077724,-0.6013988053314717,0.4806506587507175,0.9517300678329317,-0.15752887323723014,-0.5603400128754046,0.5243054497375275,0.9226605187287785,-0.1840583464269997,-0.6354090693087006,0.5737315283788413,0.9772985169257675,-0.11347212935002256,-9.210877071728444
0.13018205062277668,0.612839253826192,-0.531896209750647,-0.8027990393576714,0.07178198345611236,0.6036332767247357,-0.45225946560334984,-0.724778742356177,0.06131969786991277,0.7258082339471866,-0.5527057893589986,-0.7164628268804447,0.11596549448719257,0.4970815312700512,-0.5883979610099195,-3.7747781703522607
-0.4661301657638442,1.6323217012334221,1.0185996809730922,-1.3681004525285407,-0.5119845008831593,1.6441844709922309,1.019183275067792,-1.350590597823202,-0.6032610317615796,1.5993679569691062,1.0664142590864312,-1.376210080561232,-0.47448713535749065,1.5772295732575545,1.0145475353564313,-15.577547655128075
0.8332906388451239,1.0556650252301123,0.22968426715369378,0.42903966880129496,0.8593838650510559,1.0802445345619829,0.2078562630872401,0.3443227523118618,0.9462026783279986,1.044663441971419,0.2231807740103707,0.37603268163077347,0.9344024915536353,0.9906318127113515,0.2623362354871892,5.01121253795109
-0.5959843477605334,0.20418031934306047,0.43680709303155996,0.15601958517062775,-0.5426100121915869,0.18499279079477632,0.4506180049748615,0.04981899082579082,-0.628938263043993,0.2512698726766995,0.41350743811374746,0.18950039058039808,-0.5976880897957536,0.16931159021344608,0.47169463616959173,-3.889913159692276
2.4507249947808867,2.381221478211144,0.5689968043155356,0.9617215608976876,2.4507551955324574,2.4473655816891275,0.6056509099493306,0.9931785754502014,2.5156991903560746,2.447797341392368,0.6162605339615284,0.9513763080369552,2.6086963859536247,2.3526646906052613,0.7141379816478587,1.9967986616218742
-0.18129538529919115,-0.035634031586882255,0.11011977350248006,-0.09969054688414362,-0.043353993550391004,-0.09967465417358334,0.06716353987701842,-0.10726329190887259,-0.026196482350375437,-0.029722007167024105,0.06777653878016425,-0.10990852074920615,-0.14435668542657304,-0.13157188584822732,0.025233897216079743,0.5644891576817077
0.9353502839511537,0.4146809314521593,-0.10307884167851285,1.1274189677090194,0.8964166974694795,0.3889331256506854,-0.12112778545464653,1.014699124430384,1.0009306998375398,0.44379468784574655,-0.14353089204017094,0.9727834174530339,0.9462943960035485,0.4227097963369704,-0.14200717730320594,0.8728825362152475
1.0132962054899766,-1.335337989377261,-2.096185785280933,0.21584961578319883,0.9976079866441159,-1.4122064263618275,-2.0719102962147695,0.27189982680617364,0.9751560489779633,-1.3187428758593756,-2.104475263094998,0.36483786235585,0.9429249180680437,-1.3918923917752941,-2.108411722989712,4.715702860828201
1.0369781403238947,-0.6369984090995167,-1.166526090376485,0.41347816033279794,1.0206361868796645,-0.5311736914949212,-1.0386853194320294,0.3726481796798006,0.9969033101806374,-0.7197981154601608,-1.1893949441920242,0.33268942891813574,0.9285136998851182,-0.5846620290031959,-1.016427728320643,1.7407811696080704
0.9030580762367518,0.1952294300647059,-0.3374463688993697,0.16533162134328663,1.0051829447586191,0.31323805614176,-0.4003700337882178,0.1853495135575054,1.009189544552998,0.24121218853549922,-0.35423966210452873,0.19466351423791545,0.9904474433095123,0.3051469857660217,-0.37927218425023645,0.008098251618523733
-0.8843951014379827,0.20278156269353964,1.1234805455934698,-0.4939071846103516,-0.8943488715573763,0.2366852688554901,1.1416534661805697,-0.5080287431119526,-0.8026486161070446,0.23949083616968572,1.1474399536793218,-0.5086592854181023,-0.9397112648552068,0.13624354464196364,1.2412587494966316,-0.038032162772238864
1.775599059811314,1.7570839697085947,0.5282224793414538,0.372604856366926,1.861013250309064,1.8035446936361348,0.5401462986163318,0.42708047510911284,1.878007821243829,1.8325210570671269,0.47601375829719633,0.3673012929371707,1.8784450529122272,1.8202041123040775,0.5162960542166779,-2.776094264912399
0.3769517638174471,-0.559882465366693,-0.5851975637085152,0.4803095666893603,0.32283033413610923,-0.5469701594448699,-0.4755314953638347,0.5109363410557527,0.26072325435553406,-0.6071667159342419,-0.5215303547729575,0.5378502680513949,0.31020517083946075,-0.5456648392216384,-0.5645796301352561,-1.831024012201735
-0.28492692895680816,0.6118527456064907,-0.29208878573607816,-0.5470194064502466,-0.18343842456310167,0.6853849296903399,-0.2311216564863532,-0.5159985806310112,-0.307662090266672,0.6843441319533732,-0.2961099544507492,-0.5623290382344422,-0.17469712938410642,0.6549448065775674,-0.2581393762447684,-5.617423317097369
0.13405749348746218,0.1911910569576338,0.24954236704601673,-0.2666587596342238,0.041373346304574975,0.15950074333226927,0.18508387147612815,-0.22154362770162378,0.010222443784206094,0.11370028948753995,0.17133448604537838,-0.14025397584328064,-0.004091943723729521,0.14184800307656784,0.2533307082778326,-0.37355594167888945
-0.06325648799804648,-1.0055097894872032,1.2713441601155027,2.125380599527373,-0.15398834741089926,-0.9952137419556641,1.2637969086241494,2.0568207104307357,-0.06733039531192052,-1.0148039511809102,1.2472227340784174,2.0329978234144663,-0.06512771189996513,-0.9914404901996989,1.2461550786033329,14.69470921794685
-1.2519415596261738,-0.24273106636246922,0.4913459955408555,-0.5462405447715964,-1.1762390337157789,-0.1904113497092548,0.47115341757634266,-0.5142074957560986,-1.2229432658147112,-0.18261257659128172,0.4974836381049972,-0.4480644957145311,-1.2020080194853808,-0.19562128674275325,0.525097228786238,-2.6627641559883033
0.5173771099440583,0.8049771921445719,1.1990815415843827,1.1251261587705312,0.572391162854561,0.7733378025552293,1.1989428660299655,1.0796361025007042,0.5436403120114099,0.8176294600996228,1.2737444342269642,1.059348633663484,0.6254588151879252,0.6934385858820561,1.178431615167491,5.6223794538123855
0.2006188435910015,0.2587334437305979,1.6372682125269982,1.7494699494465515,0.22462523947098217,0.16164115524917286,1.6759778851724956,1.599741014293823,0.14730197161248745,0.16068508065864168,1.655971837665505,1.7868453811998535,0.1615127740201282,0.19832224509482232,1.679962959959424,11.266832644614055
-0.7330407817675972,-0.11637997975281217,0.8884779885714382,-0.2344314236827954,-0.736114440577001,-0.145996186709373,0.788336239048359,-0.2053962773077045,-0.6865722868984346,-0.16823761526533476,0.7730226458040731,-0.17668266534126123,-0.7574368092466159,-0.03995823726144314,0.7808159140342954,-0.012407263633065824
-1.224558398413066,0.3181804151705192,-0.41494249140079836,-1.3659091849218157,-1.3186545767921478,0.2577894954734981,-0.42725942960503105,-1.3801220623112922,-1.2416553852092556,0.33618176037031794,-0.520711589620487,-1.3837814556866743,-1.2905575968317695,0.42757349556288154,-0.48944707154115297,-20.00548151889074
0.3557426927823056,0.4893723533010703,0.2829409278091867,-0.22704845244978988,0.35323386823133474,0.6794116899087964,0.2437588300745855,-0.12101721540095817,0.36622746513668886,0.5767335190480306,0.3584584791894133,-0.08977714978928977,0.31529369963929565,0.6206176804954658,0.2972645013017577,-7.2689645903376015
0.16569871126723423,0.201346458613609,0.9288353627662915,0.8021431572020742,0.21643900152726508,0.27878667606300234,0.9391440803462129,0.7867235722398446,0.3222228283810529,0.20275402203663098,0.8776637585331878,0.7674403725633372,0.27864733963654864,0.26249018066315183,0.9598906421341021,12.95184574093037
-0.20828509288687994,0.5163470135391989,-0.0748427370571654,0.014039172007581202,-0.10070111193467197,0.5057041011151351,0.10744986031642528,0.1025666945104089,-0.0198608778375753,0.5992397480115804,0.01793277705567259,0.11450877527905892,-0.022915590819922005,0.6299393632917014,0.10323976378508401,-3.4778336002040198
1.4080742692228758,1.3418202246626016,-0.46244190214596864,-0.036017444637862064,1.3648977960846267,1.3223751095431318,-0.37258671652238756,-0.1680704819232659,1.3162389731526962,1.3538368440984145,-0.3160217215628235,-0.09752904448749325,1.368492480465385,1.43235975209332,-0.3003314618371756,1.584379246565819
-0.2255214417272826,0.22016397084090833,-0.3968063322562005,-1.3509181169634288,-0.16039270684392887,0.20557749118748803,-0.33222578989095053,-1.3075420928922576,-0.18106391785360346,0.25772557039153116,-0.3176335341084303,-1.2990659902738915,-0.16598678949786216,0.23096731549546706,-0.371854581641798,-7.9622365673951245
-1.5112821791103057,-0.24966113347663765,1.7933736141773848,0.7137315457262624,-1.498035201385725,-0.20693042151050323,1.799164274285523,0.6523061069320577,-1.5224707931956687,-0.34738472352645766,1.7962101973798212,0.6765024801665556,-1.5597997911713801,-0.3325294042436251,1.7670144158886298,2.4992693549643534
-0.1500592167892943,-0.12367524424763415,0.7368570268333914,0.8815305803612277,-0.17732868380528852,-0.16401993889764613,0.7621394206079014,0.8064179351811029,-0.19726496443703825,-0.03466154481491068,0.8597760350626444,0.8337072536487325,-0.17583634628511863,-0.10654069656532444,0.71191811713515,2.2536958501047435
-0.5401890038799659,0.7729617057146388,1.0135478314190889,-0.19416365015458004,-0.590979389789541,0.781537566998225,1.0049814784755549,-0.1648948219556613,-0.5833971984552535,0.6348053229452514,1.0931320034372758,-0.1596436968411115,-0.5654329868947319,0.9306485397458887,1.0901696826509646,7.189222353440924
0.7386657127511889,-0.7619031295859847,-1.7699188448040732,0.653151025600557,0.7620407034398887,-0.8265288938740716,-1.7733237369482435,0.7198624249776499,0.7416569529727334,-0.7793997291533608,-1.7912699507488246,0.746781683950126,0.6798867100554359,-0.8995703188820889,-1.7827781155563942,3.215530410809839
-1.6386702199613061,-1.140693497072429,1.2584240641001265,0.6307899011916691,-1.6228467401385618,-1.1164428262347215,1.3139832894434467,0.7250417644274147,-1.6101172905844314,-1.1110691708866387,1.2190533538739419,0.7115216197769005,-1.6318344580648059,-1.181311714746648,1.2451470484048586,1.9512658249047394
0.4867730682753039,1.7266647154711101,2.105163246037124,1.0010062342704305,0.4872959511401254,1.7244661311693037,2.0458050718024863,0.9703740039474785,0.49541442692120563,1.7080465331916403,2.0219996630898165,1.052195869883958,0.497561773643888,1.6590320349309067,2.133952624063584,-3.186997986983392
1.689401339655271,0.6088649541017107,-0.9958160900599708,-0.20934824161736054,1.7174653614489594,0.5510517323656977,-0.9167476267222435,-0.2985704513682542,1.7719769581672657,0.7026076870608406,-0.8380357240162419,-0.2865777673103532,1.6105595857787758,0.6452003693423388,-1.0271241603072572,7.782423738380939
-0.691640294956289,0.5963067844099859,1.6248095125146576,-0.14873569942834033,-0.6328270513609797,0.6154124625136127,1.6041416483733897,-0.3240275874840618,-0.7351397629020551,0.6248134765980174,1.6599507724156848,-0.30770035504758536,-0.6360252946085867,0.5678338028009914,1.6558116810188837,-1.3048354859406128
0.45704936964297677,0.4248191060082489,0.9827455425078342,1.4345221237486159,0.41762820188344235,0.41874165775868,1.047561820190508,1.4027645457466598,0.39799509070335287,0.4704713538222184,1.108133288854959,1.5069315425453285,0.4471390398464215,0.4619122175141654,1.0289032289115208,9.31250101550664
-0.3473435058243345,-0.3168467305181797,-1.3409035404338485,-1.3901974189773765,-0.44693247314015006,-0.2858174099012067,-1.4151461168570771,-1.408238823743696,-0.45334028107611773,-0.2728199478588239,-1.3253407788633937,-1.407756744913565,-0.34551863385934883,-0.38730114522997267,-1.3629688618916427,-3.9677165096626
-0.6084749860783988,-0.24942748041186985,-0.7196870467204466,-1.0100295220876305,-0.5022336831036869,-0.21550192052306927,-0.7345572924302186,-0.9902662643644808,-0.5543333658293115,-0.12788202675853283,-0.7796049065844982,-0.9531343181363918,-0.5322733149130138,-0.25632973909485307,-0.8037178394256316,-8.594732547179557
-1.212985078005131,-0.9804110960861705,-0.7926440823272631,-0.16060899093613878,-1.2174763386370584,-1.056287944733171,-0.7378770503965268,-0.20609300473726713,-1.0768138964197576,-0.9020949871174069,-0.7949803636114847,-0.21221713428140332,-1.261053438592952,-0.9081994196981584,-0.6879296715956965,-1.1873055166535185
-0.852492259972529,-1.419055299270924,-0.7369633651142606,-0.5134498474755593,-0.775312370605912,-1.3915777825718576,-0.6599837242388897,-0.5716866260677073,-0.8481792760361179,-1.3165100857662166,-0.7012467605596429,-0.5668910102071452,-0.7818759495155081,-1.3707638269050355,-0.6529970740922264,-3.287148633008653
1.0646042236696918,0.035665339684057995,-1.4541856807530609,0.2593288973218803,1.17009015475135,-0.08037777265810604,-1.4836693865375936,0.3248034233129202,0.9999409353270402,-0.09838334929899094,-1.4747603817675725,0.18407385976087717,1.0554803596784055,-0.05949962532271629,-1.4027047208010135,-3.8022558924496663
0.2987350384053663,0.6809882976602443,-0.39326396618970705,-0.6357961027165892,0.23536920483907459,0.6459084833323255,-0.29764132059728526,-0.6496004698694354,0.29069420250920575,0.6721695293769607,-0.27237645268268884,-0.6508564847677587,0.27630358218858314,0.6568196765664205,-0.24096301056263514,0.2909313159731681
-0.6580231422430889,-0.06156357230929076,0.8903911087540729,-0.1871068462946842,-0.7162400459541887,0.04578988092162994,0.8623065685014373,-0.25803724308770415,-0.7383769005799808,-0.03187260697595161,0.9301975441237785,-0.11963633968032067,-0.6784783133554402,0.017829131477618984,0.8363116767234353,-0.7558077016423853
1.45980778629523,-0.4956651575600155,-1.4885962764130731,-0.09315836178918513,1.3967807808784023,-0.48224993207604366,-1.4521717035916368,-0.0993361407998182,1.4747763984711724,-0.4324671688338336,-1.483361031398525,0.021639998861156473,1.5226592540067636,-0.4754811905462957,-1.5059352368305312,5.3899933436457985
-2.4178719317235107,-1.101488444656081,0.56744508887554,-0.6511370408982452,-2.3702980453359825,-1.0862426275114796,0.47927527488679533,-0.717680171566651,-2.322541008487445,-1.100009415010759,0.526436089242534,-0.6537966025598566,-2.296931435953569,-1.0686269161759672,0.556558144788021,-2.746248191870004
-0.6704459722361004,0.5114236249156976,-0.3532934950535496,-0.8844477366223563,-0.7722152631700222,0.39490536806423987,-0.2525903439425048,-0.9219164098844976,-0.7004732394021195,0.3699679362701339,-0.30306531496659034,-0.8437161828349671,-0.7202368617363628,0.487845976923376,-0.3367594912938526,-5.9377805989958645
1.8427089390501739,0.5009474410359827,-0.7804960009863349,0.305459834841022,1.7966383612019345,0.567849281219823,-0.6902190740479579,0.20275193281055404,1.801380445538485,0.5604092931198513,-0.7094034749519534,0.2961280679899539,1.7933194702341029,0.515649502824317,-0.677258101240934,-2.7369007542400583
-2.089561737049497,-0.6531987627227555,-0.8365381702548217,-2.1336323531148724,-2.208008637100887,-0.663110917146667,-0.8106555247346451,-1.9587700702552633,-2.1741681084884847,-0.744471672176368,-0.7946010270672804,-2.038341844252585,-2.1623651549543323,-0.7174672233292676,-0.7773914609169175,-15.286499422272882
-0.044458043748091036,-0.003457761369215398,-0.6201008621152513,-0.65125898440531,-0.022286882595846075,-0.11004706020468698,-0.594429978685217,-0.5682807501035287,-0.0840237695938671,-0.0658712716509552,-0.6797086470226936,-0.5168421857573295,-0.038111275271652534,-0.028351110271595314,-0.5447916144475076,-5.340558695410612
0.342232296379364,-0.33211964206390887,-0.08485893390992578,1.184454217556636,0.4504533451886906,-0.26161902081985466,-0.05235640952111945,1.3258031054073403,0.4438251083940404,-0.3436407926284432,-0.002216391137745792,1.2277073258237305,0.45088095326467637,-0.371770379213132,0.07920264185623967,3.1468788823068325
-0.13421714979939114,0.4261326713668007,0.756299901305669,0.1653950275160504,-0.06639147132757542,0.44262699074619083,0.8381205275972218,0.16887494764116107,-0.08296811353315767,0.44138273397785305,0.7558929384287465,0.11914107701186458,-0.14091242963243672,0.3414722882175339,0.671190049659943,1.8600408786951015
0.8572081937987442,-0.18957855499149184,-0.307960877026259,0.8302460324368429,0.8915624709849047,-0.0854900805986907,-0.2945427898490837,0.8239926424624046,0.8451261311289832,-0.1002395995260486,-0.2507290723507626,0.825307579524902,0.9352106870106491,-0.1264472949778794,-0.26960969704645027,10.286422011947401
-0.816742550652692,0.05673671318052679,-0.14524532264186177,-0.9201289994287872,-0.7703689905854225,0.056838775230693354,-0.06757283477128571,-0.871817770044131,-0.8522611263273329,0.06425717063828673,-0.18346563165249313,-0.8258561058741687,-0.7693680595386971,0.09172709078806665,-0.09874494864722708,-1.400662249578521
-1.1725095952953777,-1.8365436797598347,-0.40231115570119064,-0.03313058594725658,-1.2694599428374609,-1.8156519482845832,-0.4466045852634309,0.026575223061548692,-1.3087907365061244,-1.8542585944013075,-0.44002359041740385,-0.08025966936200844,-1.243949879999854,-1.8708291904403678,-0.33570911606427384,1.3126735831789569
-0.39625186388833544,-0.02973290831782769,0.4293881004624195,-0.5986281619071849,-0.5968215859540265,-0.06474571980587271,0.4433788154548419,-0.5751507331995087,-0.3795084408699094,-0.05255159716907308,0.5175862403520762,-0.5582216747300324,-0.44216937821419927,-0.09164796092796897,0.4764705982510922,0.5447647544477962
1.0740376441605624,0.008528277142088404,0.5397896665320825,1.9428744102204323,1.0548018280422538,-0.05079150951096288,0.5138744610982546,1.973055933618235,0.9835989818520389,-0.011121765369291284,0.5552786353373983,2.031314790496941,1.0565382539052006,-0.08399051249597889,0.522368165814572,12.55430522543416
-0.34527503236243384,1.298267926482706,0.42804889558157544,-1.310262321766921,-0.45865569492125896,1.3486192511250727,0.3558092634160696,-1.328177924844164,-0.4115101995070697,1.2803135662197003,0.39180409760547924,-1.2234247561922853,-0.35562393091293415,1.2923264677465665,0.3864369323611431,-6.539647599580752
0.9349435146594072,-0.12518728732254775,0.32676003705945045,1.149301467760553,1.0133747709670502,1.9339349997184174e-05,0.3737530699786932,1.2081247104250108,0.9768544680271483,-0.013788226375987873,0.47827117383630763,1.0506479128806658,0.9234563042120948,0.007853756918981998,0.45954089499418627,5.037671729793832
0.3212171798822382,1.1236776118953413,-0.373872567964569,-1.5224390936635679,0.35998108588576005,1.0622616052629532,-0.4497671176372129,-1.4864683070900138,0.3646050626854695,1.1906168918100235,-0.46166821221020454,-1.4027619110963192,0.338767887216152,1.0657149265092716,-0.4282835003191353,-1.932663812214673
0.08848096810199516,-0.6957889913251132,1.459573999495991,1.6678161367503077,0.0761626635083273,-0.6387841873826514,1.461092965933147,1.6676813105298272,0.03147548140780786,-0.6817830196597094,1.5908118966262492,1.7275679284603012,0.0469905960872319,-0.7237420108952127,1.505965830194049,16.432572154018644
-1.0983776793329394,-0.9796033470709772,-1.0376655492656317,-0.8448785324000714,-1.0491866996173016,-1.085057383482719,-0.9555927531383234,-0.820849959164842,-1.0981703526368656,-0.9891865241218678,-1.0119271577184576,-0.8568705419288921,-1.195872806306925,-1.037341039830972,-1.034855676508161,-2.2600346594415894
0.22674111073005548,1.3935800111117849,1.9121914395201627,0.9106586377319981,0.16092594878197475,1.3756730680002922,1.9468469644953186,0.9195900486549687,0.2976796899528248,1.4419005488221819,1.7938787595261165,0.9022675256356378,0.20788186168242798,1.3371492246921763,1.9209347116094597,7.737038631422527
-0.555898971477709,-1.1712028093449958,-1.8634444015354479,-0.9509295321454772,-0.6035644020539788,-1.1821538678664374,-1.7828077687557078,-0.9758604237586581,-0.5368920914184936,-1.1548155915230582,-1.8392327263904305,-1.025980559814664,-0.5626237126335751,-1.1339315055908539,-1.8224963417952906,-3.1050362087895342
1.7573902747298153,0.6276291761282444,-1.341078910028881,0.15234672005976158,1.737447446974052,0.5724747341649296,-1.3167577052164579,0.16928693684198007,1.8151566945355824,0.5895369911686228,-1.294982849165702,0.13250373917493846,1.8304627809543939,0.5258656746019552,-1.3931293435335856,-3.250406937958008
0.21116293271730052,-0.2425464764491768,-0.40898073069826774,0.30810765981933597,0.22384965567633963,-0.18282455851023333,-0.3886090359698855,0.3171779574115944,0.09464113431994735,-0.36282976544644946,-0.41149894089911165,0.2733984353339177,0.16710799918811353,-0.25221118087626443,-0.4416873949606128,0.9200458536883048
-0.32299356094285264,0.2975403108494422,0.4473491606247133,-0.3409897067234169,-0.4206619760807227,0.22329415768834104,0.416029225756227,-0.3373013143601875,-0.37187470852093235,0.23853592541643315,0.36714183322760263,-0.22499618521463186,-0.3564814166400453,0.24080493810954592,0.34095048196174704,-8.893325091772251
-0.3876635771597361,-0.16571550951866568,-0.41173394056971974,-0.4941183468291982,-0.44459977957420377,-0.16609032508335142,-0.3403548605312995,-0.565922547945574,-0.4071122921738395,-0.09046416118970402,-0.3009227118833534,-0.4916916928043662,-0.3566508024242531,-0.1778025913516897,-0.3342630557498257,-1.6391677070227313
0.7944415957972947,1.6069767872846303,0.17996327677509066,-0.3964289465834238,0.7760584809469386,1.5091277307785536,0.28959715270712916,-0.41488198109408525,0.769706016752985,1.5402054463604447,0.22858874884090952,-0.43561270547111225,0.7039185727243954,1.6532737992032671,0.3111446577171034,-5.517697188352136
0.38297495737622134,0.5186561888387088,1.1910833756905113,0.8004024872077748,0.328410393469454,0.43840028944268916,1.1016035057608295,0.785081343327259,0.4260834282867612,0.45689612253313705,1.1848757454425676,0.7046089697352738,0.3490176966364333,0.5661827635394423,1.2264730522887828,5.259527173340005
0.15972995368105247,-0.5935171860691874,-1.8809023327182302,-1.0780745564086398,0.19041473442766424,-0.5707679713678759,-1.9824574494594525,-0.9072393082935031,0.1717489827931807,-0.6019546333944921,-1.8940914121973023,-0.9649642124622609,0.30405906987297804,-0.6831629538123931,-1.8984834848398235,0.26913976242630966
-0.8315459145153633,1.1528737582759851,2.679267752127077,1.0784552741788387,-0.9469510193094267,1.233403262610583,2.7824377501138935,1.0740613631362126,-0.8896493165887247,1.1040540132222207,2.671978566916248,1.112884271138156,-0.8733302593802458,1.1438080857375492,2.752523697335687,1.0503151933036012
0.741222812676317,-0.704074739082893,-1.778651884771161,0.04462193777104727,0.9216640632471098,-0.6739273224914051,-1.6714180150765,-0.11524517166372596,0.8376466059902132,-0.6624765726787041,-1.8017406699183867,0.029158789857730724,0.8667691035583903,-0.6593450306289028,-1.7727767696390366,-1.0412308287925618
-0.9500409828624666,-0.5426152018796684,-0.403033438840993,-0.8680059200745531,-1.0701210219927308,-0.5453631132796477,-0.39810464457778405,-0.9116373264746425,-1.091645696855553,-0.5875126945659381,-0.3799372782307612,-0.9346173329460741,-0.9545486666186054,-0.6283693774137308,-0.37902367374040874,-4.275420221943623
-1.1944198416184115,0.052674252187376924,-0.6799854220422203,-1.0074570661032847,-1.1507813298296203,-0.016125756472903884,-0.6593234445104234,-0.9954262318573253,-1.1465362970862187,0.06019952205496204,-0.7575885160401035,-1.012091430812887,-1.2085993803494943,-0.002841511200150637,-0.7003323909710614,-17.713274787524217
1.1219255451878616,-2.231149534445367,-2.297216414908673,1.0304218089254122,1.1060113290560203,-2.2754425967671947,-2.20812496719733,1.0324623728119593,1.1009254963838524,-2.284920747143731,-2.2499404581165305,1.002345389567878,1.1231593446984216,-2.297016820449952,-2.1056101027257745,9.527427607185652
2.013518482609905,0.8330868518942963,-0.7299221539689393,1.0299953686441121,2.1514105872490528,0.7585001693654231,-0.7525038509244047,1.0392040186220572,2.009758249715867,0.9009537127084837,-0.7445546982098332,0.9879016668440326,2.063113554141474,0.8366405897158571,-0.690542407328858,-5.958906737656667
-0.40814792885280277,1.5036864664256242,1.1970635115840422,-1.4971661333867914,-0.5020596670531611,1.5155974396815028,1.244301061507465,-1.5055710159945164,-0.38296442743869524,1.519468470486128,1.231294411224442,-1.5058180377493577,-0.4193194386145024,1.4757437295419944,1.2808428847633424,-10.188543972741929
0.4819113709585232,0.9064109929366676,0.9625759618958175,0.21373956496389027,0.5827928390288563,0.9510212315186867,0.9558834181975182,0.20099035801452808,0.43049561638775447,0.9925752382988193,0.9428768380098882,0.252018766890991,0.44590200826536563,1.0865978865236936,0.9711246561249081,3.7968470115609634
-0.06828650675795939,-0.11458514597612765,0.13430771188371435,-0.1210945334167857,0.04931013220530837,-0.08708233555688633,0.012969615391651809,-0.09089319470766434,0.004657638732017427,-0.11188036631450626,-0.024816113821312484,-0.1036574418374449,-0.04439468444540072,-0.18566091434214882,0.04615835200784754,2.1101870363531128
0.29652629180958423,-0.06271971169380312,0.2727223405702763,0.41097571047567577,0.2963460764798226,-0.0775311375954365,0.2720038540055066,0.23039476536199452,0.29014917152480874,-0.041141107270897745,0.28437689671717387,0.27230182453527707,0.25169081025761775,-0.0870217223079211,0.18354806063767115,0.675822887975345
0.8411079276230072,-1.0835173572618815,-0.7316219472423097,1.708221252649316,0.820772282113745,-1.045175589219347,-0.6131625452080554,1.6301010195960086,0.9376765445384486,-1.1031422950520153,-0.5849164549293537,1.82887148593499,0.8651142166104326,-1.05765000792006,-0.6148135960597247,10.794783337600535
-1.0727883078387186,-0.9159829570493364,0.3682472245277615,0.5686425056242478,-1.0882885817774832,-0.9044205690517712,0.2988471689963229,0.5247585517467152,-1.1173734656234298,-0.8670950795231199,0.2994308128217855,0.5694199872792917,-1.0575964214993712,-0.9318117802997943,0.3417584217222389,-2.130212381603205
0.17417603344976001,3.124610068418772,1.0448385852073727,-1.0623848467393837,0.13793541789204966,3.157275451687676,0.9400997667858044,-1.0424382373362935,0.2209174287194502,3.11398356081535,0.8812016652798148,-1.0972286905785558,0.26497528999932,3.147270415205805,0.9565924710085927,-12.801217484596938
0.14718829369096695,0.5205654700885699,0.80942800032248,0.47001827673010044,0.19075030708148566,0.5515841597804629,0.7536219689354835,0.44254538629382734,0.1624470142854214,0.4998273606510032,0.8267810730595234,0.42833975023692145,0.19724713673272393,0.44998999972939846,0.7298816422146093,13.998241980119762
0.4503535338051475,0.0043426420234553564,-0.29396713369568256,0.1736338617616147,0.4496788801005214,-0.04899071308074279,-0.24438605830617657,0.22136745977082004,0.5044048593643652,-0.008766398489067441,-0.25415476463304737,0.22537936077782347,0.5412412420950004,-0.10113518011165033,-0.24891406313637707,9.211557341113387
0.4948688222667258,1.2442121190320141,-1.2414881058998777,-2.499387091173761,0.5186775091152896,1.241517135192339,-1.3437824535793415,-2.4579287383964834,0.4698597634244211,1.2519531396465051,-1.3248890573146337,-2.4774665651451078,0.4741184207231144,1.282256674656709,-1.2877102231329665,-13.89000619863757
0.6186304062500194,0.24869671801297133,-0.21490079608512766,0.08281485550197834,0.6137986836544151,0.16418650283100744,-0.2822901860358116,0.147621528729786,0.5698332950098562,0.14055955199502682,-0.21547406514230402,-0.011700467189022415,0.6211175293055989,0.09502882643066982,-0.31322817310078965,2.0682191961085943
1.5106411772746533,0.3158376899548728,-0.4253748041939476,0.9471488762725911,1.4184299051411757,0.2479864058299605,-0.40935854009552625,1.0632383320394438,1.4731313233334848,0.3082856488013348,-0.3321095047507268,0.9465966896905155,1.4783023558831754,0.26706592241293137,-0.4477347706288509,2.1287972019840162
-1.5212274321161128,-1.54350899958491,0.035133584634400125,0.08190768635210169,-1.5680302956609915,-1.5401966330330765,0.0030318871409851164,0.10404558874168965,-1.6322311302015178,-1.466460449345933,-0.09435159723632161,0.1466670380651327,-1.636718238410196,-1.4550705464827265,0.04039327776408859,-2.98726889869777
1.0300927007721015,0.8390984935240348,0.9396468801303164,0.9590118248240469,1.097124225729727,0.907667152852974,0.8154148794271739,0.9610434198581466,1.1163143429433098,0.7740594846379294,0.8571537062807983,1.0820185394176407,1.0992115709856427,0.8165665011292861,0.9333688583004417,7.723216041727241
-0.20018934214111345,0.7931999947679411,1.1519969201982352,0.3247719182085389,-0.19358123942894762,0.862142150320367,1.0972626676721537,0.18535245157580366,-0.2167389234690686,0.8900963551985048,1.2087782296301333,0.2369023769692404,-0.21800744396128308,0.8669258545365799,1.1024165635664116,-2.435475187550241
1.2676291346140676,0.6677928787947995,0.9199262602576499,1.4307774665412318,1.2871192500899444,0.7808065827159127,0.9856138915563566,1.5574150524146386,1.3668824557785002,0.7835711098808347,0.9524189548130323,1.624622377452596,1.4029275086286261,0.788295141660104,0.9807904415073408,12.428565235482187
-0.6100512681904932,-0.7233663523427432,-0.5952991303478464,-0.620815857464877,-0.4971332630188265,-0.7200827802212435,-0.5706205894230424,-0.6335365391107753,-0.6082274443329422,-0.8134725624895401,-0.543589976124023,-0.6196226368237558,-0.4990850679079996,-0.7815557437522075,-0.5817144072564555,4.0146830965628055
-0.6747927452181548,-0.5559097620613909,-0.7573491634793301,-0.5651914990551226,-0.5015813771409714,-0.6044551651086333,-0.7416467973433272,-0.6237948182279495,-0.6013170449284524,-0.5695245889139037,-0.7600681406518194,-0.6558034967298912,-0.6720833830944697,-0.5290186092354644,-0.8214304183034034,-3.4402603837897545
-1.4545409436113015,0.19801861701065102,-0.5497968235001792,-1.7837474818202013,-1.4094975635981126,0.23749341211513436,-0.42258888905728864,-1.7688242141525639,-1.4378129814460228,0.18318536079642855,-0.4884353570911486,-1.7352907536458508,-1.3402740739346555,0.18734940424638868,-0.5351401997881744,-12.594300941991817
1.01075919783248,-0.20620962550515248,-1.7217537940888576,-0.17696154812247378,1.1846960479273076,-0.2057011042738466,-1.7047960062725152,-0.18504236223627762,1.0520154211753159,-0.1761266740456526,-1.703848550630327,-0.13149355733455498,1.0551563448158492,-0.1375374439966705,-1.8216948575125937,-8.514602797822452
-1.1586057948882678,-0.3233384541626646,0.47878285891349526,-0.6115550051356333,-1.192413804098149,-0.30547511323186227,0.551018482413561,-0.5535821353188133,-1.2282265274059152,-0.22733839212049567,0.5831872924735768,-0.5514914862173406,-1.2263025381273018,-0.20867446157615155,0.640017296974696,-0.552558958339084
-1.4246326765789337,-1.246019930377639,-0.18195179913172216,-1.1834822897299686,-1.4825497785706059,-1.1294370638113245,-0.23409559333243032,-1.0569721645991357,-1.4208543427895381,-1.1859467619500537,-0.20826853790706434,-1.2034337744383854,-1.3873234849832214,-1.2480116948915898,-0.17865566023221496,-7.3456670386985765
0.2333425368682331,1.0803857466089446,0.29033236141889557,-1.1231925378609384,0.19909064486763783,1.0878322502009483,0.3414246258176167,-1.0048635714651148,0.2728818836915057,1.10584640315612,0.28713403866858345,-1.014444685651255,0.2751659450979267,1.1029541116208077,0.23360900884252972,-7.443268349309848
-2.2707763634983675,1.1748253432203428,2.2472059187547186,-0.8102774267891302,-2.2528897994206796,1.2213352931589898,2.1641932264971437,-0.7655770225711627,-2.30555204131562,1.2715675721580166,2.192379703090658,-0.8066739769171305,-2.280899323485643,1.2405796457546152,2.1915643523639092,-6.206567302419365
-0.1139733295009011,-0.0356238563357924,0.08614099530494346,-0.6918216408289191,-0.16916300327610434,0.12732317245344574,-0.03255568008620609,-0.6706243197905102,-0.14941511378091257,0.08294029846032015,0.03215227927182819,-0.6660252087741759,-0.12621397797090056,0.07123062404372311,0.05656804193198377,2.525964704018421
0.7172564697924703,1.029146771443583,2.442802937842654,2.4535259224343284,0.6543513780346272,1.020316900132734,2.528564152050899,2.5527930419217446,0.6080875644826893,0.9843570140287876,2.5046046645740754,2.5129355699133735,0.6998760022900269,1.0544213565986733,2.4902643256875985,10.295043134832031
0.005077984006400936,-0.4296033655825726,-1.0106736060832042,-1.20476050640299,0.03823156993317395,-0.3810580361282186,-1.138458424183815,-1.1267356857452422,0.036160827555006554,-0.33912559123096997,-1.1403295372920297,-1.138782303020587,0.01537594422187841,-0.36689914666168255,-1.1023558850778132,-6.14947405772745
-0.8606896371543962,-0.6351008184305031,-0.25029553180605435,-0.20770091069528263,-0.8011869619021803,-0.7614329175154366,-0.3759648565369601,-0.24452318252930774,-0.8403601980355404,-0.6537651579185942,-0.3673889946910885,-0.24480349342870028,-0.8576375125458787,-0.6191267345391276,-0.3087943377790419,-5.305860395084917
0.06757316352996207,0.9333747049862222,0.038699783881349814,-0.38065033922751323,0.04391360211325929,0.8459587061257657,-0.005403343348821573,-0.49618872428063565,0.02055833544682708,0.8732934021424693,-0.01953014284485745,-0.4165987087291357,-0.04744855275832352,0.9880684144380654,0.03549423552496275,-10.350602191552316
-0.19865696953400316,0.6510917964993245,0.10172108905575658,-0.879580605600051,-0.15730988585703,0.6681744931021122,0.1350442384298941,-0.9238589106760156,-0.18691229369077883,0.5323751649995421,0.09261521073606377,-0.9069130577127128,-0.17314265686861954,0.6735380337827052,0.15992004075897787,-7.908552987338096
-0.7555086234643255,-1.0375648868430647,-1.5835521523293412,-1.0735145424179386,-0.6847475425486255,-1.0629861540162067,-1.6388552349272523,-1.120002603115626,-0.6668199475462322,-1.0335797218396552,-1.5935023181487296,-1.118477839464318,-0.704735966737739,-1.0243453754351526,-1.5742773733304305,-12.501275940481197
0.13476091580168928,0.9168247113756726,0.33347437089235454,-0.18972191590532042,0.12204175030143213,0.8674252567157742,0.3344775882287236,-0.13286245540881486,0.13579498999048156,0.8644924721690256,0.3180067111842908,-0.11294886533203727,0.14422342851029588,0.8057447378342791,0.3183416741775106,-0.14607286857328683
0.5526547507299141,0.04843299019715068,0.21525330821704225,0.45138838303208983,0.6098818437962594,0.057042196132044684,0.2987458112266663,0.5046120020672455,0.5953489789685872,0.04862573242534238,0.27055194541683275,0.5221519265140264,0.6321003773772355,0.11539485353731038,0.2972795440297472,5.531134168154507
-0.15823683414671805,-1.9042681303312536,-1.9470038953097657,0.14093935989399095,-0.18373396533204311,-1.8371038712700178,-2.088038302446215,0.03630183482253009,-0.11307795767447346,-1.9068335189484644,-1.9841583588402805,0.027945286893030788,-0.14813915085546345,-1.9259140140675806,-2.0084489770271228,4.9363474852829725
1.7111304463030808,1.3515377307148235,1.5212127443429693,1.8301864397536802,1.758349431350077,1.3797372947338602,1.5776205872991054,1.881809788377941,1.7992747593380667,1.2953012165129043,1.490807202187762,1.8768958079581242,1.7220767093201503,1.3550423876088638,1.517630893908439,6.569992528044589
0.20673258417481363,-0.2747166856401456,-0.8189326323190779,-0.31861353228243855,0.1576017613716416,-0.2227728322549001,-0.7617737712202073,-0.15746616021883078,0.23373784373043502,-0.07822282097169891,-0.6170099991002789,-0.1648764406211452,0.1820861588461849,-0.18087191927252397,-0.6855602948437154,-6.057117822827296
1.1700560787969214,0.8042962538923337,-0.3647027888178356,0.04281376157233181,1.2713899564956725,0.8592049914832869,-0.2758043722370989,-0.004873033064803018,1.2105172768007726,0.8509717247219097,-0.33474002552437193,0.018883380348786068,1.3061155302200262,0.8879168048373675,-0.36440705397503215,0.005565906439475216
0.33676114779530947,-0.4226445968606133,-2.5502002946300415,-1.7873580016233297,0.34946606839360345,-0.3338672724658486,-2.55335544631335,-1.7708107453198563,0.3613063159735111,-0.40710715714672285,-2.5075877331919787,-1.8362817511436464,0.36518210277906904,-0.37932999476797463,-2.5562098592171485,-8.712355078372914
-1.11914028490325,-1.314531131445478,-0.49892667721425404,-0.5278386467682197,-1.162756984603896,-1.182330536811267,-0.4878994995669871,-0.5939794019729525,-1.1990999081579838,-1.3251928705324318,-0.4874978929435007,-0.49471782503499695,-1.0558208045654782,-1.2454312145659099,-0.45410340854292114,-1.7066947089089413
0.5337017993507335,1.3956918595131098,0.4232494591590681,-0.022745348541997716,0.48413356591950135,1.405708899128556,0.3470787488240695,-0.09270707166205411,0.46138200828805165,1.421914712390087,0.4576364695417801,-0.14565266134617422,0.5264823730185796,1.315091575056489,0.3878874993564597,-3.8555561025804153
-0.08178090346631277,-0.318326360957009,0.8261831788452735,0.3352741580044782,-0.2363339269921413,-0.17900928840262414,0.7827240546914737,0.26693124237975024,-0.21317169478705594,-0.3062382114956919,0.8451834155482583,0.25712032186447176,-0.19621801396315064,-0.2028236308099614,0.7652580325266151,11.635884283119061
-0.04772343734404685,-1.832558471955823,-0.6962888290701653,1.0529447316643035,-0.19396786541138833,-1.8358586124948588,-0.7408491091119248,1.0156143456213809,-0.14533729421672037,-1.8259867537300376,-0.6910942350098708,1.0370848893091655,-0.15170224484410696,-1.8920993902999363,-0.7217179132255332,10.477552381135409
-0.1828886583084959,-1.274020779085553,-0.006316936257961219,1.0866549972360577,-0.29286951966611585,-1.2844084337757644,-0.024777699575868634,1.1430066907496201,-0.20743489254669858,-1.2080913417547978,0.04627774204828826,1.1810646775614608,-0.31224774043937753,-1.1706686181422234,-0.07711373503860758,15.176394011906556
-0.035319169863074484,0.8296975385237603,-0.3544269917101732,-0.15213673405551256,0.01787881499891952,0.7143188659133822,-0.3656154862058839,-0.18843170508099527,-0.019485485233733696,0.7047482750453904,-0.3353950907594151,-0.20808999835125916,-0.015497856560092227,0.7715066453947915,-0.41611185948574025,-0.5781829033101591
0.13721069563188928,0.15673371231620653,-0.5350338055751892,-0.3475743976056603,0.10961163699166236,0.17816957607983291,-0.5802951712611214,-0.30770588169847574,0.16567820611922038,0.1873370709098063,-0.5052185870848,-0.3533566962531336,0.05503736259201866,0.20621053431093864,-0.5298130615632687,4.057971352785565
-0.5712324732371523,-0.3662179086409483,0.285711317282031,-0.46027865607483215,-0.5180581674881436,-0.3484751798828842,0.3412576674300151,-0.3562152732332112,-0.5309748139713653,-0.2681853715430598,0.3519086617842522,-0.43056862003750707,-0.5488361321316979,-0.3390633356584721,0.19990842873082604,-5.449865219669496
-0.8070386472140347,-2.338379969899049,-2.2046050865895914,-0.39245588356763045,-0.8017774300269648,-2.3404772511375955,-2.162943227846452,-0.33748738774142883,-0.7784644705687389,-2.3045493033222417,-2.1956693863421695,-0.2571418678586724,-0.8057978255901317,-2.3155779744184564,-2.229423762298943,1.4049279685973715
2.4092556770557736,0.6807302191941085,-0.14419636888391457,1.3002990656011009,2.3567568718157883,0.6565901338839473,-0.09610518248663769,1.1763477862607694,2.4008708406024004,0.6480221182907785,-0.18906364399839148,1.3051744479226657,2.410201262656872,0.6438399262791084,-0.1353130953871547,7.786837993220398
0.3935047600853372,-0.308250983375301,-0.2530551192527294,0.9357700902458815,0.2741084440546274,-0.2091759667844057,-0.3023813531854988,0.9247528755227188,0.31838011787403536,-0.22728938619976471,-0.2752554022950788,0.9581086775156986,0.4103431014735973,-0.23033968259075,-0.2862964983260395,-2.1086232346964984
1.0282580673279664,0.9034094383991892,0.43957264765300946,0.4493207927763968,1.027219668672961,0.7613509033878418,0.34081085099556496,0.4134105117376164,1.0167207083451442,0.9231194252859599,0.40753052256314615,0.47522960040786183,0.9988260701960132,0.821192482522822,0.4268249331496251,8.269752416358722
0.8494537789511798,0.27155169537456336,-0.5646261434765358,-0.07717840857996905,0.9625371947847499,0.23117827903343244,-0.5866139202611514,-0.1336884290058274,0.9477820921787122,0.3215215784294434,-0.5816350249550284,-0.1289453140565759,0.997335303941623,0.3127668369548,-0.6876343495378323,-1.2943096287110987
1.0480200727863327,0.48773090670504204,-1.906084565854091,-1.1393563561549163,1.0742136405045162,0.5367590555099624,-1.9529495680747628,-1.0643392212176859,0.9757393039939111,0.5177353619174606,-1.8833440255344813,-1.1304901475869487,0.9521065780897419,0.44152834462487023,-1.8764984382561989,-11.19027293643179
0.130461916999026,0.2697601850037734,0.32606016896687495,0.2402322306466297,0.19783793151018608,0.12132822591413027,0.22437208223378052,0.36377415839382515,0.08567168965688769,0.18990973013885945,0.20961477752244118,0.391384274513194,0.15481211668407782,0.14444863144075312,0.30502447790181464,-0.943074279968388
0.7261904154016194,0.1785663893058267,-1.8253690668040836,-0.818291754833074,0.747283425316785,0.1914380599778488,-1.7229471490817019,-0.7188609281201469,0.7505171721962423,0.187051617522501,-1.7655122004345616,-0.7406214480093186,0.6883906132728561,0.2731468600093704,-1.8363471441558055,-9.391216562028545
-1.083684598185595,-1.437747979560927,0.8909951809381964,1.1612189157369777,-0.9836359058262711,-1.369136820200057,0.7976018794299942,1.2765736625667223,-1.0522987960995482,-1.3812490120452106,0.8102827690247338,1.19034811558125,-1.0216917645088879,-1.370312812601782,0.9077866711161351,5.152437089792584
0.1441864214811982,-0.6331596964868014,-1.403779366899756,-0.5173604161274307,0.17173380713882003,-0.6360131380148004,-1.4689012077268782,-0.44926062865535976,0.09911979399592052,-0.6218159330877887,-1.4524454671937619,-0.4833367596139685,0.04314015254967345,-0.5484986921155313,-1.3524147128034487,-3.643072704322454
-0.45247401356086453,0.5624372981240824,1.3087670112693106,0.20548814456818276,-0.4584796785116814,0.4997352092077187,1.4533560318417444,0.289528431553833,-0.5274557308585959,0.4964630786656926,1.296736094401404,0.23918994201878938,-0.5629419267717806,0.49514457769948717,1.279465318103718,6.689699833805459
-0.7932731844812176,0.5805963185262589,1.0966690890450583,0.27573845901431493,-0.7573026915830227,0.5125690731339154,1.0129759395164777,0.2131736671536223,-0.7842187121929297,0.34200876308651307,1.0989858723024661,0.207136533503483,-0.7466308396129708,0.5409722607621101,1.080779732099758,-3.7782080008753867
0.7526357878718243,-1.215093721118266,-1.5369610807247474,-0.059734198359337166,0.5872738656152398,-1.327280855884004,-1.394026754400632,-0.002203990987964373,0.6191494207062652,-1.278518377220125,-1.3351808562704,-0.17319807626111142,0.7329449202084523,-1.3320581721444356,-1.3839348875041086,11.263561985009149
0.0015448339174907455,1.026684847167829,0.6567482203655064,-0.16142657868442908,0.05840669235723675,1.0046451923111874,0.7477512587219814,-0.1874029226710466,0.07641499968015618,0.933293808955111,0.74624172489758,-0.19623153212738545,0.10389122908408092,1.0530578631979743,0.714794165409365,0.7907670235343964
-0.1947066074173738,-0.3895603705688198,0.5767343175241313,1.547179218658584,-0.1652811751813637,-0.40812319593888996,0.44507749588194123,1.525408046020042,-0.17815058846866832,-0.32412208641879836,0.5961779444451437,1.4403345505218905,-0.23240059596784263,-0.38391289205400475,0.5116156664374047,8.015974014503403
-1.1567738798599252,1.3436941457798708,1.6270869704514523,-0.9062482359316318,-1.1722452057319472,1.432387169326659,1.6095990309613197,-0.9498520895790402,-1.2078241571104353,1.3814658251846332,1.6821096290636066,-0.9983488275770711,-1.2351428039915238,1.284974909944065,1.6368878215920808,-4.763124670700648
-0.3372827733656864,-0.47774983593048975,0.6609298008880824,1.0077808511092552,-0.27018418894468227,-0.4004786621805751,0.7018164018699473,1.0490681942277276,-0.40440667266244834,-0.3379865525707052,0.6021729939418141,0.9665213407437895,-0.2828489965452043,-0.45392552070661407,0.7899578869101199,5.195562370489745
-0.8544530943143954,0.4741663463260631,-1.378128934436645,-1.5398458762261966,-0.8453654499062567,0.4059361764022411,-1.2814416504248218,-1.529262822058159,-0.8608685254817793,0.31819284233334655,-1.2731482984207514,-1.5471228059179765,-0.8804860482256223,0.37455485141095285,-1.3185063244586495,-8.543004140832405
0.0068668904734252335,-0.4645830914062493,-1.0420904739647576,0.06315208026567924,0.06867859782478454,-0.4507307976645319,-0.9560198476676572,0.03799252771298632,0.01812100236648042,-0.43611269345569104,-1.0017753710737733,0.11173734098157288,-0.03741174299898585,-0.48104073174737005,-0.922733822793597,0.8650369507488329
0.8220708001401767,-1.0013133483514853,-0.2258639062277792,0.72199723430379,0.7797894337949801,-1.0080925032452148,-0.2647989383349206,0.7575963633505604,0.7857284690555537,-0.8714226858898448,-0.21712149964804553,0.6408005367887242,0.875411923905339,-0.8782326688604564,-0.2830388136777223,2.2558321938569854
0.34064495753099583,-0.3031710790446357,-0.19137706778138525,0.7298175207237572,0.3366146371156181,-0.4722482509267785,-0.18484093420819533,0.5984536145640751,0.41013178257094496,-0.3313660084973894,-0.24464035173299417,0.6348196751309768,0.4027532816832294,-0.42149889037469546,-0.20968887456230578,5.127057234350829
1.3985952756897606,0.23049350606907015,-0.20096857688394973,0.06509580155763572,1.262485830931843,0.29716951964026195,-0.23462387440815627,0.11064341008731053,1.3543405985140546,0.31864918234168466,-0.2410542855254768,-0.03988066894502296,1.392639194956355,0.28110484187226675,-0.16158129446034672,7.950008061762701
-0.43973787901460054,1.2887257411370145,1.4585025211520175,-0.19350818964097113,-0.5188217353700092,1.2720090567821245,1.3301374612795294,-0.2938832911342934,-0.5612476275691154,1.2768745232456278,1.4076862773144483,-0.27381919379387337,-0.5292074287394715,1.215423569071778,1.4002401488015999,-4.772675616242455
-0.2072303636142293,-0.7594429727576889,-0.6177471401895923,0.21949885736734664,-0.22452251159632336,-0.7230202146643908,-0.7025034101466157,0.35457799203028617,-0.22468519289381836,-0.7770449550714155,-0.5551574251958309,0.15296367210334297,-0.32712686321522905,-0.7754442587038174,-0.6525037738066156,2.068435065676754
0.3863044139903583,-0.6117636979281501,-0.2538795631142827,0.6843942518767073,0.4349902591785858,-0.6550239285413071,-0.2896123031761429,0.7988408518590226,0.4648894492881583,-0.6056379362870897,-0.173461275189299,0.7276279170940034,0.44127057462701447,-0.5594989534186983,-0.18020040434885345,3.196969115244721
-0.3930247788282551,1.2037483048399453,1.5175369082150334,-0.4168923268337415,-0.3419084266131083,1.1854055968592156,1.582041309280174,-0.438145253505386,-0.4107921060141795,1.131622836279148,1.5061773723766096,-0.41369309453730696,-0.3722990509542867,1.1501101706414518,1.6261347666490753,-8.629195975419448
-0.6902205024341084,-0.14406465616372655,0.41647576540869485,-0.34676891927955317,-0.6661345075808207,0.028905388940919652,0.41089039781615977,-0.33455666390585914,-0.749957084363231,-0.09240601785420614,0.4195704714700236,-0.41295046415095704,-0.6569671148128317,-0.042166140404773636,0.5016484195010442,-7.595647565223658
0.2230039199221931,1.9125838471600938,0.770021314648116,-0.8042735667552293,0.2556613021247793,1.835187325451053,0.789130206200152,-0.8488312447241914,0.2736873266772232,1.8202521884097327,0.6913248999827976,-0.8341411654009496,0.34719318548861644,1.9284503964773114,0.7496252553411695,-13.512872445772492
-0.8707155379890514,0.4476762635073035,-0.017723470149275132,-0.4881970735224918,-0.7813089039969918,0.4319305803317473,-0.08662471081396371,-0.5881147293002087,-0.8891091797604519,0.36005023754778126,-0.0075235285178179845,-0.4296368558801102,-0.9754121016867522,0.394024485095625,-0.08281607897332621,-4.863287645924145
-1.0674069390788739,-0.01408610722172058,-0.49621456774916195,-0.6408497665002981,-1.0452198296255355,-0.041355379838190875,-0.535611500657242,-0.5915344844289715,-1.096606963016543,0.019476967665656743,-0.5782331863915017,-0.762845992998751,-0.9975398986249948,0.013346544230565562,-0.4044936897024416,-17.47437904136148
-0.5281750058763277,-0.9686175671939301,0.15626249012855215,0.546938944156969,-0.5027951488835743,-1.0241622541604054,0.15434238859258104,0.5018153974636264,-0.6335061581818363,-0.9821036544623611,0.06988635318284919,0.550050461088434,-0.6157764495762054,-1.0653743423705488,0.09290737964950241,0.7625752153903971
0.3818537726309613,1.6011182608035759,0.627463238395808,-1.2644908160458872,0.415302890448444,1.6375395934585804,0.620686132224994,-1.1792972603124174,0.4309856734530059,1.6559404198640522,0.7086680568896365,-1.3316452888811143,0.47815011681871994,1.7362108604774564,0.612886815656859,-9.669164958927533
1.442335653130918,-0.45709871863879914,-1.4499104243761836,-0.15035288926486937,1.391863596458005,-0.4959573926838694,-1.4866353360244124,-0.1510704829291784,1.3447297628862858,-0.447265629272206,-1.597910486875846,-0.09983377788856494,1.3326357872627579,-0.35954340421913045,-1.5744688099260236,0.8626708508398777
0.3568771216034457,0.6295650945586181,0.7949884505239826,1.1440739096275585,0.4480945374906331,0.6893518278248589,0.8065318294154367,1.0362041126703543,0.3808304862669291,0.5664973864198365,0.879266887320134,1.0950931491825917,0.3609951647385232,0.6631458522010126,0.7133586071407508,-3.681725826794677
-1.1572288038888583,-0.7237581829194796,-0.7101563718270198,-0.5361605372074806,-1.157769322220101,-0.6915750451272172,-0.7913365712371494,-0.49955318284326594,-1.1723644574862082,-0.7797353389532607,-0.7964176486501395,-0.703927107226503,-1.1986890560963401,-0.6399519183940373,-0.765556412263205,-3.4037477030434227
0.49664580138861175,-1.8975631708080232,-1.965095034595917,0.7094411657358797,0.33932868973437824,-1.87563706585879,-1.8490037410044873,0.7447633209017853,0.4019140171781924,-1.9332053292428835,-2.021431362985748,0.7875328695995691,0.38477232583038024,-1.919089145498619,-1.9312700975825856,1.0411741376056893
0.5634356728538206,1.099408802879481,0.38135511435850783,-0.6808536887271569,0.5928803174066318,1.070074218873255,0.2739264583825255,-0.5950069419263411,0.5702266637205206,1.0319521345369234,0.33362599931084835,-0.5804990222974021,0.5939891413554996,1.0849267187554643,0.32615873667003364,1.5519279611733303
1.3023008240187919,-0.058761019113636855,-1.1573233534383343,0.645930945229807,1.3212003942351431,-0.16246856537649249,-1.1666223798819548,0.6730895565179026,1.286343643377862,-0.0831676090308425,-1.267208810723901,0.6213999524013497,1.2210437223141215,-0.041552087232804485,-1.2318274925553747,0.18246299675588018
-0.5137166485571456,0.17796868039775451,-0.02386733306652257,-0.7535407443284472,-0.4258834270157382,0.16922901493290765,0.018624376637036318,-0.7046865511825952,-0.46975597268468916,0.10036238531641958,0.007845038307823498,-0.6190217785205188,-0.4129425571221108,0.12043752863053962,-0.07271903710189348,-5.124455953847307
-0.4474691278773467,-0.6113697076125796,-1.5103723790441448,-1.2152582879157272,-0.4977830690750124,-0.5172081477407968,-1.5452680781529426,-1.2455911318061395,-0.6036736364261024,-0.6552596718336323,-1.5536984501157423,-1.3638656116372314,-0.4880722087848289,-0.6941030822712337,-1.5146454051799785,-6.458725740335098
-0.14507033148170295,-0.5691583405069681,0.8750479477000552,0.748510897378933,-0.2318906414278668,-0.5382824587711524,0.8920707023118207,0.7438942857296228,-0.16941240861616944,-0.6236011898668736,0.715022665893788,0.7162384523811471,-0.06136994208485132,-0.5998335808623405,0.8346795424680964,8.185910709660023
-1.8170047448323143,0.17427461442655423,0.3599380455575859,-1.8747038477251807,-1.8232069279676233,0.155614740992306,0.27418269813466223,-1.7707294490427052,-1.8406920976092134,0.15970776094109082,0.3555600770336396,-1.935389238369598,-1.7688678002568166,0.27745524815503225,0.33982999039570716,-11.381923936863526
-0.10924596251774397,0.8130285000702829,0.4097444616740709,-0.478383857965158,-0.07371899233880029,0.8116285636220246,0.44970074293442536,-0.4925280082719347,-0.08093005907328571,0.7852911427853936,0.40796182318505203,-0.3898214063942625,-0.06825298554236855,0.8132317876391356,0.5603117092786709,-5.608185604172429
0.4158597247354272,2.164032489802142,2.085584914236386,0.3925726009687209,0.39593292510513584,2.1567649759126324,1.9180104512936866,0.40358797401889,0.3913556314348125,2.1851958340718354,1.9886505557065564,0.4411976423840516,0.44541875185718194,2.1719488494664283,1.9365792451697947,0.5825276002902731
-0.44592768352505846,-1.1636059287841929,-0.3743352853026546,0.5433893652618058,-0.3559715799258914,-1.2821441989302995,-0.33024288884222475,0.47028782067586256,-0.4996436501868381,-1.1924346235838035,-0.41020357869996393,0.5021722592440452,-0.44808805373387134,-1.200517425162733,-0.33667323188484866,4.823932579457575
1.1382098480076657,1.4625526511397149,-0.3735503044801022,-0.9881658537513538,1.1684343947215,1.5318006991716129,-0.4371413120863382,-0.9809826503709248,1.213628381007914,1.516776042156288,-0.40588874718558365,-0.9363752471787204,1.101264821837653,1.5589658938452866,-0.33907224604174907,-8.860456465416021
0.2316448879105003,-1.1266981944796406,-0.09925656033830826,0.7613673226738751,0.2630129221233779,-1.071108873840672,-0.13540369647379868,0.8477628531099308,0.1871124027257593,-1.0360655530600584,-0.1479275036001478,0.860017123692336,0.2527264207461069,-1.0679092579841705,-0.16092136881833374,9.01217851186264
3.4036370197918897,2.81856152786961,0.34503578089015335,0.9431975231061925,3.4633038375269525,2.7714555243464085,0.3661386552856358,1.0239750694283982,3.5404442399545055,2.9355707689381143,0.364837539825,1.0547470845888678,3.3913534519696675,2.8274055289029323,0.36603663513198886,8.804998824558126
1.0512249697058325,0.5273927379609619,0.7701993174405335,1.7553331486975172,0.9108506374836639,0.5553832628513814,0.7966250159688357,1.78029865395913,0.957758961083711,0.5425846643874136,0.8331142272516922,1.77041854095356,1.0828947079550113,0.532699786335562,0.7491494055791569,11.84537997152266
0.45438273124722206,0.7303401702344177,0.7983782328509843,0.4472152383135095,0.3699128942532208,0.7436481332536954,0.8051237303139082,0.5361120709519797,0.4203827858810001,0.705767128877677,0.8197057262981304,0.48069191581755333,0.5554773754119053,0.7445467261435136,0.8535584427980568,6.648435109386266
0.34238132775655605,-0.8279994897815757,-1.196387762835461,-0.4482043164211751,0.3223509730540397,-0.8457170542993447,-1.1201650241367447,-0.41272517043599743,0.2437011849129018,-0.8920280438102923,-1.1646306279264067,-0.40718867637405265,0.4089993051126149,-0.8377127150808681,-1.1152286030232212,1.2612833768790344
0.8294363907858382,0.992826343716371,1.356518449086635,1.662756008112955,0.8276602470240901,0.9711350420602518,1.3164820107770792,1.5967659121854074,0.8363676511928168,0.9005733229504395,1.3676938758987955,1.6009634467894325,0.8220852354366059,0.9679234019759863,1.3977820241767722,3.90990989167187
0.3475414757681719,-0.06887437344696648,-1.0933685891803218,-0.2796751159054867,0.36585942618726186,-0.1904879911108041,-0.9655518729143431,-0.2899708376251777,0.3772031837973514,-0.16651959862921098,-1.2720957122714984,-0.29935764461386494,0.4242968579773502,-0.09861448133373528,-1.071984498003085,-6.051968734272984
1.065593737037872,0.5850785954520323,-0.2916307040874441,0.3586323591061515,0.9849328196727152,0.42627160826611776,-0.3024914683976431,0.33825038530394264,1.0610587770176014,0.3544830984842132,-0.2657664441620597,0.36557070903061956,1.0429177009008763,0.5094286346174238,-0.3095480338470735,3.4517138782279146
-1.3893163788630758,0.2681629313132205,0.9802569933204813,-0.3823439229146892,-1.3970295421081764,0.2620718469447011,0.946549086472168,-0.4273442070818993,-1.3478775061937613,0.31608385315827137,1.0423888339610266,-0.5244488405108985,-1.3843702775492757,0.25934977293977746,1.047553110265208,-0.6216009580006321
0.4209837226592285,0.10243233607099625,-0.31083325897132646,-0.19473067708010122,0.4171007857037662,0.10153121312219236,-0.43264709126759654,-0.20008753571744486,0.39543458620209004,0.08006804576694432,-0.43971464495542567,-0.2951068121804523,0.369619628810991,0.024600090122845746,-0.32381803924435193,11.157461403374686
0.871302150088213,0.595791427783802,0.08317108049114996,-0.04267361708846507,0.8394902389140689,0.5532725784205932,0.014630338375054688,0.05263226680217175,0.8146446456804469,0.65803850798178,0.0937801439085174,0.05261124968327611,0.6844918433219227,0.7317972802949377,0.022134289506668944,3.985679572013648
-1.013306939205685,0.5582026824468149,-0.8291778173445087,-2.0341873713567815,-0.9711802823241902,0.610804182639773,-0.8594281424305699,-2.012525865461489,-0.9933904844761254,0.5600535435243683,-0.8421005443733424,-1.9975760654514132,-1.1039182398192064,0.5498118392712107,-0.7943395194947329,-19.28708920057471
0.3655212883126337,0.1853947081857957,1.2051508644742936,0.9505911840324472,0.212504001563732,0.35140169549075395,1.2342353099628953,0.8625533447982305,0.33310121935303727,0.34373555704316583,1.1943517896033689,0.9389283741615513,0.24680187179885144,0.33289802659086587,1.1809090377195022,3.4793058129916585
-0.2957008067735883,-0.3062909040264723,1.0823049079648959,0.638960366730739,-0.30769800859505664,-0.4685562019132033,1.1462411471389513,0.6037631494291842,-0.3530481049278387,-0.40081619393963136,1.079064782537348,0.5645360234212516,-0.19882163135196163,-0.35984689941144693,1.0673296342174086,14.453329282058213
-0.2633807533806863,-0.8740141668741968,-1.1623374534174955,0.11384335403534793,-0.2198574116572076,-0.9111052989698301,-1.1942976227221156,0.05696834865945985,-0.18411918040500508,-0.9407875008543065,-1.1675452363083179,0.03169867180448835,-0.11860475823759611,-0.9005922405085343,-1.1691810483958267,-0.8959254695732458
-1.6657787583199177,-2.0232106026729255,-0.5610636802967688,0.23020290493925194,-1.5623580693444454,-1.9517214464134531,-0.5642418363332039,0.30075270528507214,-1.6932495209409502,-2.041580901697386,-0.6170546573126758,0.23034796445611166,-1.7052458316724335,-1.94039304346588,-0.43985691076336425,1.1917414986450325
0.4266379580290046,0.8928037047819589,-1.5119440178971741,-1.7130470239397428,0.3350057600353443,0.8899120114390194,-1.4716025001779895,-1.8015319672988512,0.4871662874323168,0.9813157126296214,-1.4860750135243832,-1.7545726558286012,0.48141169137173057,0.9039003498774671,-1.5486042417772163,-15.280968821274023
-0.12444324427814642,0.8574172835590024,-0.38020170730431985,-1.1463194453183736,-0.054939528670733956,0.9577277073584509,-0.4577505794504681,-0.9918936802490417,-0.19287596020466308,0.8165985565394582,-0.3925708121611695,-1.1418015161258968,-0.10416333077972567,0.909643713899203,-0.4607417061681792,-2.1668923478776945
0.32050565214473475,1.0909981560493869,1.7319050795130244,1.2497109866963296,0.43587701746107166,1.1286882571917547,1.804785262425966,1.319606712504701,0.5775596977700403,1.1334796699510539,1.7661275521483386,1.3195069955812992,0.3505953881468133,1.0882922161712099,1.786831841520552,7.164910752081029
-1.083849188361079,-1.2526706182744343,-0.26661714418866755,0.0647104251122065,-1.0882435613671844,-1.303761349253736,-0.15780005432362182,-0.007007993727126794,-1.0100747288641077,-1.3069714541387298,-0.26857717314619745,0.0013393828697305706,-1.1029569048270724,-1.4225243283181266,-0.17292132702211258,-2.043621511921882
-1.3373932286393553,-0.6465866016801551,0.3122471969955043,-0.6502189487732348,-1.3552006780664598,-0.5820202725023498,0.270844535778681,-0.5738075123328288,-1.3851283183869134,-0.5839213527532027,0.1559893119336676,-0.5247303060546346,-1.3743058760117404,-0.6388974831099918,0.26493497779778813,-7.528547057381973
-0.44273681730655007,-0.7245647697514034,-0.7640753587162277,-0.7983577810213347,-0.4506727560997739,-0.7936780909126638,-0.7138825125131364,-0.8015484113832312,-0.42785891424069195,-0.7366865501987291,-0.7307561732932577,-0.6994879104641207,-0.39145983455941247,-0.7752898808196145,-0.7747621120342102,-1.6980514371034954
1.397872021684875,-0.29334683814981144,-2.0650480005367022,-0.26211700107256153,1.3857141676975389,-0.2813914250321637,-1.9904346840368343,-0.08332097490907811,1.3709905438157544,-0.2428458492049451,-1.9915372771100368,-0.33011718237504656,1.2718693621888304,-0.3075931833826976,-2.0646428982024903,-0.08601079244100157
-1.5661487610036586,-0.5644122098014006,-1.0248068870029055,-2.00791878747849,-1.6406638024203242,-0.5415939834145261,-0.9221300055743941,-2.087144459422896,-1.5480547410048668,-0.5017445925650152,-1.0174185805827143,-2.0048316484899438,-1.5921813959991762,-0.6300460504979417,-0.9439586400093667,-8.707688857992999
-1.274352678345105,-0.655855799942118,0.29446754007075493,-0.484903861377177,-1.322591564666957,-0.6950143430778646,0.22536286937485137,-0.5036652889411555,-1.3177454607503398,-0.6631483488691559,0.22990609611573085,-0.5731179993696852,-1.3741589989466305,-0.641326371457151,0.15092606134576786,-0.7007638717221445
-0.4820955454036755,-0.19596147497948188,-0.6648111632259287,-0.6568104891976323,-0.49050660267151264,-0.2964264033039423,-0.5408968218057865,-0.7431632846226164,-0.40868956753785834,-0.2310861573039547,-0.5338199584909583,-0.6388399369026276,-0.4476304602169067,-0.18644543198996721,-0.6025714539374538,-5.953680429677103
2.1899121779383846,0.2874407566054307,-0.5389030647792911,1.6424024982168832,2.1049316308873336,0.3560557940045483,-0.5750778347147292,1.6921715537195066,2.13688985598132,0.2954016054640092,-0.44743258941664155,1.6291229855992695,2.132198701728642,0.28188537190637786,-0.5612628034981486,8.270072500104757
0.041912590068078764,-0.4380378031269103,1.6234122821784425,1.741451462802657,0.08945802912589759,-0.41783288365693366,1.534994137053845,1.661866259571142,-0.05817661308709887,-0.3365043829160597,1.594342404044414,1.8243190191482068,-0.06660301485531697,-0.4901518084745477,1.554279006793677,10.184854521035895
-1.3829528651404561,-0.07488956661589541,0.9981122066203456,-0.49878587763564103,-1.4275850008664162,-0.14238660153915117,0.9177302800108479,-0.4512478470078284,-1.4658807370003197,-0.05602147242967828,1.0023664896978144,-0.3843507387146231,-1.459202366385693,-0.12563261991754893,0.9930516806001226,-5.820323877853417
0.5909274703604801,0.5278269236836588,-0.48630925584374396,-0.7150086590730227,0.6761978272649739,0.5497468450984484,-0.4741808120631216,-0.7575056591513795,0.6884532116305231,0.5523270995835019,-0.5899857616255416,-0.7673829695902404,0.7473366916739224,0.37555468787735335,-0.5743595149040996,-3.5250747783301777
1.5269243568767037,0.8090667243882702,-0.2946820580571105,0.557046335681131,1.5964969997872558,0.8742694773255401,-0.30228537720369586,0.5397218673752617,1.557867212768955,0.8378218985075215,-0.10461113774294022,0.5872411807157234,1.5187631789478533,0.7898897319611101,-0.22105327031189737,3.3779837785131357
-0.9335913837063666,0.6910906837881401,0.3798451013833645,-1.0133002843966348,-0.9874006456998041,0.6145426913683597,0.44343904797471256,-1.008635390221013,-0.901768965149364,0.7896107743730814,0.39155683251692264,-0.9561874116504212,-0.9683834093480661,0.7577974532831421,0.5361990314524718,-12.314271927460949
0.7234990760622542,0.05257278359155005,-0.15072384559826302,-0.17299382677264147,0.7866509447645395,0.09321495324831133,-0.16557351722541674,-0.12983005332711484,0.7387980617712969,0.12943951247770125,-0.2067874204216412,-0.09794875145331036,0.728208027766236,0.08359751996828269,-0.21441934681667035,3.9158389677834977
-0.08913659769036533,0.04063480491925497,-0.0808285231666117,-0.32852320591542783,-0.2489021343658458,-0.07563111363822111,0.015262165323790967,-0.37382738223467094,-0.22600689583378475,-0.02713009238379901,-0.054230126389243107,-0.3082952379749791,-0.13063050891223982,-0.08250374127166775,0.022805205156958802,-2.858886614709071
0.3485055926262827,0.40066402346647073,-1.303189677233843,-1.3665867297906293,0.3520119058256435,0.4237347201502216,-1.346953515757031,-1.4015858215451231,0.40595366752132706,0.33102489152152426,-1.2377739795245097,-1.4153899829629877,0.3196885297842459,0.4100200316448483,-1.3106248441881465,-10.89967250075526
2.231931496274475,0.3627822193684751,-0.5858983024966213,1.6132893764749636,2.2055879869196833,0.33620200600774713,-0.6301513872082537,1.6346802557826319,2.239468015022314,0.33325582092587125,-0.509583170560201,1.5656386547594052,2.3401143873387515,0.27773408239579106,-0.6501333633814493,8.908746289785768
-0.3452838538502456,0.47564983968932556,0.14285976731100686,-0.6737293671552856,-0.21520131899391348,0.41911057599497137,0.15084478968567022,-0.3591871088401478,-0.16084708317740354,0.3464451703340593,0.10100505699479399,-0.48953519240270305,-0.2619114345217712,0.3467007580583272,0.02870254004451145,-3.2838058241192285
-0.9692399135687784,-1.0502176876813123,-1.293355825213895,-1.176099693823532,-1.0304012505517985,-1.1271103718664859,-1.1628900749843532,-1.1118377249585436,-1.1177665629720561,-1.1548990289106122,-1.182142648693078,-1.073994316997959,-1.0602306365569405,-1.0662514218506198,-1.2250627590589993,-6.097510318568702
-0.50881733753977,-0.15871883497604233,1.5478216485205998,1.1299114513713266,-0.49153936254085495,-0.25703875745198707,1.4039817274840611,1.1036268681302643,-0.4053392938870974,-0.19939068069042604,1.4401495482059274,1.170881843265931,-0.4752068579105304,-0.06267106569304225,1.510659201062386,7.937216482664117
-0.3176066957825833,0.4657852081002756,0.7213234180216184,0.10482297384381029,-0.3209997600061944,0.46881625704722857,0.6920385124232697,0.011214163409778224,-0.3166294363285749,0.6156003628367464,0.6310596771430026,-0.009100874417357019,-0.23389405431436622,0.49390260455019597,0.6634888935340736,2.2465765978868033
0.49089117964930024,0.7558178264933773,-0.3568839989353061,-0.9985569075312924,0.4574725141725749,0.9038376880531612,-0.3420773423676505,-0.9429773268045569,0.5308231418817055,0.8903015379999644,-0.2829611077124384,-0.9121381382266964,0.42238639902275354,0.8426405333641604,-0.3608463624886916,0.09605407503128927
1.2850007326221344,0.2434417611826021,-0.5333893529204721,0.5599837378966411,1.152837734147255,0.3026306237400059,-0.5691835117932467,0.5343726594598601,1.3114952932519326,0.26995639912429414,-0.6189725560921235,0.5324946650477376,1.2414986463424909,0.26129452968174466,-0.5373476395647875,5.317437278417478
0.2791995804313697,0.4600351482052753,2.394976323584425,2.3758469068689223,0.45740048361804164,0.41774420797249145,2.263577152018645,2.346248299718977,0.4491129659015173,0.41521763264590505,2.3534824736530204,2.3456157916414724,0.5254385105909201,0.523287230871075,2.29374947455174,8.560707799775136
-1.4582461051165463,-0.9030262154403257,0.6040563745067432,0.04000995802256184,-1.4227302823734416,-0.8711915038164436,0.7400615494657684,0.1165320586706367,-1.4373971735271227,-1.0147321730997259,0.7409194460480408,0.23200890543635574,-1.4509791539632684,-0.8914946468664576,0.5973785905733577,-0.7517593757746586
0.6819723610419205,0.35174978947414387,-0.6663965980842002,0.4355138354116477,0.7664880176746584,0.32705143634055217,-0.7496186401407098,0.4612076933639211,0.6993778582069213,0.31849241866693795,-0.6244316527617721,0.3978737555712501,0.6254965999516314,0.4966006944460656,-0.6501891051668733,-4.351638348829717
0.5242562677376792,2.5549922838948684,1.0150967468708194,-1.0169553543787404,0.507437232276503,2.589134030946435,1.1129618181244316,-0.9925639521968959,0.5227641803675445,2.6429213161271456,1.2254670676772035,-0.9367615046956959,0.5160182444692307,2.535244658411975,1.2096300753977658,-1.7449926994530607
0.1624183507427986,0.36642197318477177,-0.3273186739585534,-0.39129494300540035,0.11074778397606308,0.42989722206685116,-0.31455471395230733,-0.29978824490487577,0.0746825672354973,0.4721056930139589,-0.22533394893166775,-0.4033329224928251,0.08645114994885647,0.46800349370609773,-0.3387983099143296,4.59830985048837
-1.1758596302274542,-1.591039564072171,-0.40663714921763705,-0.5767047086235587,-1.145678493702902,-1.5349326412290625,-0.4020456207164269,-0.5448734461399702,-1.167268795590803,-1.514111418042448,-0.43366902946210967,-0.5421623552854579,-1.0649529615026725,-1.4665952749437574,-0.561981332787763,1.9752594556134702
0.510270753023254,0.4248340182475254,-0.5192405091467568,0.3180975905377243,0.531204693421145,0.4455953479360113,-0.4496444518438807,0.30613096250161903,0.4694525991901968,0.4379297681676006,-0.5577221092954404,0.3561685703021237,0.45471415194066783,0.47530942805842413,-0.4978716537950652,1.9528505043141702
-0.37321380592764325,0.336210384390994,0.8036016150327879,0.24075888485135188,-0.3399283065290404,0.18906429896993246,0.8962395632427678,0.21352929650813832,-0.5078229802157023,0.22084753384444536,0.7431148017198799,0.09497909445380821,-0.34969385549132587,0.15291110650814022,0.8264054716055016,1.001153116483327
1.1004771567221172,0.5708864293290142,-0.7348644730607246,-0.10519879567089845,1.047961664056564,0.5417674036789538,-0.6466658285166695,-0.2386704766225376,1.058853172473719,0.6451609777149637,-0.5201546344797955,-0.024270904835730536,0.9656327527429969,0.5755948175142963,-0.7238434679473692,0.05897987604873656
-1.396726193472487,1.125518784880777,3.1247599728596405,0.3997402417440611,-1.380343247066911,1.1183763605691752,3.171076850865582,0.30771641238950426,-1.369453601922793,1.0774878512409618,3.0840991882431297,0.32932369492083147,-1.4355526577133644,1.1833542694945058,3.0221228841863628,-6.74253807751968
-1.910982711968747,-0.721222820516121,0.7866234519973397,-0.3482331074806144,-1.826287658082146,-0.6487675453122436,0.6781496406127008,-0.40418417441395893,-1.8911444538458972,-0.6985351104006335,0.7706035706566604,-0.3434902048831958,-1.8984743014468066,-0.6243145788438044,0.7626070849660139,-3.4136694464189996
0.3409370874955428,-0.31978188765471094,0.06681338370662265,0.5113210810978066,0.3184788182845012,-0.3223966764530398,0.14290867563288612,0.7170492341707327,0.29712149631868007,-0.25712208303793144,0.05930153811782009,0.4951295770517329,0.358035028215336,-0.24404739665715752,0.05974516921354025,0.7125705137052671
-1.241599753197351,-1.8949793743788723,-0.672680568565186,-0.6098414451160874,-1.2970878387181657,-1.8113133822432985,-0.6041574410952936,-0.5392463994249271,-1.3345440147621286,-2.0027723342554604,-0.6177702829707414,-0.6079895154637722,-1.2594220866381682,-1.9317132412279685,-0.7400583840531428,1.6737817815006415
1.8540776693550176,2.571671696050703,0.02746030500500224,-0.09205041686744374,1.8649346030148841,2.7089173665510695,0.16661472601875324,-0.07100049041070118,2.0277880365199197,2.5712957270372843,0.0708616410852341,-0.08859416797519873,1.9458150964671865,2.5582360437454414,0.10408559262942134,-3.7995136735603734
1.000088683184166,0.6814482259630256,0.7230466014755014,0.9958914020569325,1.0126272888732397,0.6333414465033954,0.7054744674670819,1.0220284426400714,1.0219155608329495,0.5489600773948697,0.6405999916100085,1.0121815086299355,1.0409579136860059,0.7491441719150175,0.6679757983748787,13.574810225231307
0.986020923360487,-0.6129613497762734,-0.19659213142699225,0.5410875682705503,1.0424724814354944,-0.635439128483855,-0.1935119551283655,0.6141301351045827,0.9594095690194745,-0.5623673955341496,-0.18734833808744691,0.36731012786047335,1.0221621897974205,-0.584094422850572,-0.17192058515087213,11.417719199431259
-0.06491357874052847,-0.9704467066528542,-0.549068296956957,0.13245246690772786,-0.04947743188120601,-1.0199725572851608,-0.5873769642397757,0.11565325660707247,-0.15507160032450404,-0.9866060683920462,-0.5375361844748932,0.09530306797365765,-0.13731282444475063,-1.027772643696197,-0.5210834008986448,3.7512494637378437
1.2977645091815677,-0.05179680058482906,-1.0016316166180048,0.7220393226473879,1.2761096683576865,-0.016076997230533057,-0.9480864526614882,0.6783004889218606,1.3329233609636786,-0.12408399271138862,-0.9337984452841378,0.6302965129259808,1.3661402972656271,-0.022824689030588662,-1.0236132135618805,3.5866000731345453
-1.468479629695386,-1.1016625408143506,-0.37838389251463866,-0.6934232942398404,-1.3811547009995349,-1.2073501304228678,-0.41446417481153414,-0.6635493745588491,-1.2534188356908746,-1.118226814708907,-0.36127305977261437,-0.6363303910769442,-1.3643109633972952,-1.1215048329534547,-0.3842632033410574,3.0727340175975737
2.2273102435796877,-0.3759669941024346,-1.4218367373213285,0.9493301393567731,2.26488327677681,-0.48401459103001526,-1.480615136286652,1.0017373599043968,2.2529448947644375,-0.5070608532834014,-1.4095732833783592,1.1047558402412312,2.300312717088874,-0.4530123074695795,-1.4188207370405,8.963156163755109
2.009156265568275,0.6687686461817549,-2.4623494409335698,-0.9091909363222244,2.013390504827582,0.794008244645708,-2.4562785709106274,-0.9036984645499161,2.1128941876225014,0.644973938201499,-2.411292354528059,-0.9101122133836125,2.030152744850639,0.6741832980758756,-2.394645378861863,-2.8512745822250176
1.6296737068138476,-0.226272247611473,-0.39371250040602473,1.6220609237791987,1.7560054129020686,-0.2398385503529327,-0.3968763504604648,1.5398003744500595,1.7578605943033319,-0.12538600538066194,-0.4071121023785723,1.5074679679380036,1.6864211815660373,-0.23999381813537143,-0.37795385794722364,10.418574358811902
-2.2481891835044125,0.21097348269198454,0.8147454330972087,-0.933452825821961,-2.137376448022022,0.18735689378412743,0.815420551272817,-0.8116079493459589,-2.124500013633336,0.20475740228840889,0.7876409946023624,-0.900378421848435,-2.079089396580803,0.11674638086493196,0.9136882340561353,-10.921578359931587
-0.7190054219821278,-0.4473847359132742,-0.6420614086696725,-0.5074493526076205,-0.6788522187659307,-0.5717620702264272,-0.5734287183847944,-0.38567057689729944,-0.8322126233438499,-0.5013766166287307,-0.48486250754152826,-0.3941266359844889,-0.7557150434203986,-0.43471693203282596,-0.5505575711738028,-4.496243381055272
-0.9547066888663035,-0.9519472224667874,-0.3161373106542382,-0.01182903601230817,-0.9996588013434458,-0.9052668037957617,-0.43599590250868725,-0.017872368469073027,-0.9711894999798836,-0.9439411472516148,-0.3947120241266423,0.007668912982036265,-0.9447949410735051,-0.9410508315408298,-0.36334850749692194,-8.297215643297998
0.5347057323152714,-0.30640517349705104,-0.8812392268151709,-0.6659319263515439,0.6031566278611754,-0.15152957474234535,-0.7851002674923446,-0.5683262620778933,0.5341949781242001,-0.24041763244780265,-0.937752563284756,-0.6710852314309653,0.5573542411254999,-0.14143757653074943,-0.84686287320185,-7.298138830710748
-0.20041287048233847,1.6002716356927904,1.3959824116778077,-1.0689932147646188,-0.2606211559274583,1.5354972789728776,1.419043994459984,-1.2177172628604396,-0.2174243666469145,1.4670847160053837,1.403443806686778,-1.0304454721371137,-0.3243836985708485,1.6034250864134054,1.4404615168770458,-5.030815204728516
1.801323289232588,1.0038941674459354,1.230766016618064,2.332668319169363,1.782066797793149,0.955027508955621,1.240295292445913,2.3108970930036294,1.7849265772044256,1.0301147007104825,1.2845247157329829,2.3086719344485283,1.8501250015354087,0.9768623685854255,1.2581264146329043,18.868793916062632
0.6119948976223434,0.19230758819948257,0.7815688113940461,1.1744899221930771,0.4326644664186775,0.26481706878519307,0.702959420399312,1.2380053248319687,0.6117954718814249,0.25576082123452987,0.7839147910996592,1.2042799739812642,0.575857005780703,0.2738064409263624,0.7305222953133467,8.895253608559608
0.4321322409426297,-1.3224685863452081,-1.1495408766864341,0.40184673882347355,0.3916233468906936,-1.2669951350711965,-1.0790084964392173,0.5528451737827631,0.5616434415528883,-1.290986761709387,-1.1257512023219132,0.4503762943327983,0.5697165121143354,-1.2823940729120336,-1.1827061333213604,3.0452147060832266
-0.6798731274850285,0.7700523425945658,0.6687399143830554,-0.7436403848480226,-0.689173893300696,0.6902023910387682,0.7323275430219933,-0.8491080347606879,-0.700970376762535,0.5894266973081457,0.6694836228711417,-0.869957678482256,-0.7045621407428515,0.6948029013107108,0.7266884021417652,-11.436749279295109
-0.08028073291162349,0.6278665380927801,-0.6140773166835369,-1.873066910346568,0.01290023900660782,0.5712253107476535,-0.6875316759952157,-1.8128094926054312,-0.08920152399521619,0.4895721153801116,-0.5484711069479128,-1.9446932608587564,0.021381113071535802,0.6177849670637842,-0.6613583295187769,-6.087863766799785
-0.3700591370373272,0.9360063288136421,0.67495663135221,-0.8104939909647471,-0.41484991183143993,0.8998234685524222,0.5885486288318308,-0.7082447156984062,-0.28931125874747976,0.9195649536734325,0.6633636783976922,-0.7457527816542405,-0.3487215973328192,0.9046162475566344,0.6640133525674933,-7.353067008519094
-1.1418460899421512,0.10574610177953826,-1.2092272354591451,-2.022478950211284,-1.1838499677776344,0.1707230878323195,-1.2330605225633238,-2.0031066306834044,-1.0614460360922802,0.13343731148322308,-1.159773415960973,-2.076347886460042,-1.073015165943742,0.08733167249858577,-1.0751805031569317,-10.517217889675795
-0.5788608445009354,-0.5063177139069818,-1.8243592263276345,-2.158284535559266,-0.5821178948727823,-0.47661737997885456,-1.795388959635606,-2.1540868787661283,-0.6785021059092003,-0.42279832491139147,-1.864885790760007,-2.129636129952716,-0.552179119772608,-0.45807463200311976,-1.8404663297647479,-10.245078678824205
1.484856176334034,1.404266937570375,-0.19886460853113394,-0.3750783108093146,1.5107207062997956,1.4204563199841906,-0.18077285374606378,-0.35856002905119605,1.5580399832683143,1.4779610444082425,-0.2813019639458302,-0.346692867429346,1.4922305224248449,1.4723374456445988,-0.1951793856912199,-0.3792216895065845
-0.13393565938169347,0.41047157071702156,0.8969281098331067,0.43791697680896985,-0.1719930693150856,0.4299806830861887,0.7967705729683265,0.4977061688233918,-0.14600015776606334,0.34252403292933853,0.8096182303619586,0.4330685449275651,-0.24100357288785185,0.2871430502125565,0.9147446422209644,2.179646818883192
-0.5029696985177156,0.2961725675752375,1.2120633554804732,0.7783327336058157,-0.49913161911535653,0.36097811435282107,1.196789447505081,0.6179522246563733,-0.5301074302683777,0.36361236613565656,1.0768010431704673,0.7186344194180142,-0.44915861082027586,0.4166038821383983,1.2095592670264939,3.293280209652931
1.1447856781542471,0.6412513439138214,1.0041745709443461,1.5343982053985483,0.9783291294990827,0.7467894610975526,0.9860637125099788,1.5165706100669076,1.1177784069974563,0.665711154512878,1.0189412558282362,1.5535046422157746,1.0648386159695968,0.699776915318456,0.8987664713981462,8.486117233691807
-0.20460734210085055,0.20366538327805875,1.4779733843614142,0.8801778959026355,-0.20663925519089288,0.18349878435558986,1.6131379898100924,0.8774720945370686,-0.12160825067501359,0.2558921448681904,1.55216458556789,0.733964474772112,-0.21926436140610145,0.16731515144358788,1.4871173919557885,2.7557031207478753
-0.6891821323756508,-0.20786711961051574,0.5919791519159074,-0.0020685688997618412,-0.5597371170531482,-0.2977450007815148,0.4708393548129303,0.1593483152173936,-0.6095644497425717,-0.14819831203231765,0.4689391123507587,0.07553539125250715,-0.6218038904289972,-0.1553178152551119,0.5397492092432896,-4.354871931821509
0.35692319733651656,1.3379447312728265,1.997325848562146,1.0135992430142864,0.34803512306768697,1.3342631016661026,2.036529630362007,1.0017321417129672,0.36827986986129524,1.2775056180430238,2.025522992501042,0.9781334338508055,0.26906433914806993,1.2406725439499222,2.0281046532262432,-5.029537035255427
0.6771808201155323,0.09995851214843571,-0.5723086061528911,0.39074661681557893,0.7236104472018594,0.14029293456459646,-0.6461915320924551,0.4102931510610058,0.7481145359990274,0.14355386174128057,-0.5777961910449381,0.39593031592084377,0.7700624748460616,0.18124234820700919,-0.6030224958501186,0.7871235223433648
1.3907155809728906,-0.6857559915022913,-1.0277025877196324,0.632526264795817,1.4319148718494508,-0.6856148120303889,-0.9991446619513565,0.5198217740161464,1.2966146708569375,-0.6107745591223597,-1.0383138062704047,0.6069202387590448,1.243056955337106,-0.7018558469722428,-1.0336196416271006,12.236173901572538
-1.3567244766977944,-0.8962350348983779,-1.1712591551294302,-1.7711312138068194,-1.4125306830429711,-0.8360469682817013,-1.1274848979844965,-1.8077942187104654,-1.3453186472371488,-0.8211354933004877,-1.0792701203223949,-1.811165041796098,-1.3536052993523868,-0.9238619196416971,-1.232652941065888,-6.496107268040389
0.5255821530379712,0.17753616501234398,0.22857782930245676,1.1911528726827068,0.5936824897637762,0.15991887284331224,0.23284748499835162,1.3021985503241114,0.5087451137019435,0.25509943179466993,0.17086935241627418,1.2356134098455926,0.5660836939119481,0.1272802169858189,0.15002273999180776,5.379849640390947
1.0034162361389543,0.35583638933802375,-0.14892969961079913,1.023237489420931,1.1101813361869153,0.44111517920741095,-0.09930717420086721,0.9586733003120821,1.0103300334095644,0.32008133987502,-0.057544472146789594,0.9959237176106162,1.078924007795615,0.458114827833125,-0.022051466152286786,1.7115792350610195
-0.3034777486407632,0.7909199334975776,0.4334227271645982,-0.1678999468889983,-0.3556415161392726,0.7857078012281711,0.5033040589219395,-0.207488216037378,-0.3577303137477919,0.8383630176202657,0.510810964544291,-0.1752454845688404,-0.3340713859926266,0.7680281875455929,0.41080807898054744,-0.24254814739489472
-1.4854049390274184,-0.4295316361156588,-0.1374293682988659,-1.4319404606113397,-1.4345360505231017,-0.2940053299325344,-0.0916099311160378,-1.501720548997359,-1.5092828583469273,-0.38349068610332215,-0.05110958903758933,-1.4189956080528565,-1.4457694461852166,-0.2772151367097705,-0.17866187980274872,-8.929418348141237
-0.48180099120336806,-0.5501095559086329,-0.12364991934635897,-0.7595796885369864,-0.49881862505739416,-0.5904851232492483,-0.018378165188228747,-0.6659561750503821,-0.4428803250644258,-0.49698681818679613,-0.05593782832170363,-0.6733932460069365,-0.4511259956193266,-0.5253415448962137,-0.07636941697969324,4.616568564812238
0.9004861062123957,0.11827112284703836,-0.21894925639677143,0.7728003600943911,0.7828818905528515,0.0633124637229341,-0.16245812458793138,0.7700649022581733,0.8010194677961902,0.15976159021854724,-0.09932380505878524,0.6917009062063386,0.8156092127840049,0.149113614160704,-0.17350051013978676,0.3242432446610688
-0.1577597950818857,-1.122719431924133,-1.965131663855429,-1.4140388371940016,-0.09570298224641648,-1.0824525861858794,-1.9811299277907763,-1.4187148898456505,-0.0898395670311995,-1.0345645049448502,-2.006310268407596,-1.3541277879372735,-0.11067744053138333,-1.029967366416045,-1.9203137426931882,-8.549273031108857
-0.6573833212758284,-1.1279414101498306,-0.0466605701713376,-0.003031527118486123,-0.6192332913219486,-1.1811969079674272,-0.11183505205109863,-0.08513765113812438,-0.7402776556421664,-1.1178541484843076,-0.1267864686780663,0.07539686672374679,-0.6686145210200969,-1.1817426165601113,-0.10915796425657154,-1.7001862488865294
0.39470222823714946,-0.3144343150791535,0.1876080313553246,1.030469502465471,0.4181337462769502,-0.42994971639389157,0.21454900260427895,0.9123138168833067,0.35641918095127295,-0.3501493454005209,0.1964687648706343,0.9688760144774802,0.27775840850256617,-0.49899066411236004,0.2122249853763839,-0.03716908512386219
0.37617324205610736,0.5367856389681555,-0.5792138753221198,-1.1281679427405447,0.5362214269239357,0.5539065503152137,-0.5489369270476988,-1.0270392214491388,0.4643175795858358,0.5382056532276458,-0.5796760949231173,-1.0155905354815717,0.41932382289212966,0.5842744951392129,-0.5141021001736591,-9.497501731521778
0.9969252454680432,-0.15209055494624865,-0.9413439651744603,0.2755251817805033,0.9695398924699878,-0.17139743631027285,-1.0034340347421007,0.19255097129294,0.9573807584059029,0.0035618466865764836,-0.9350189608584738,0.214267245046289,0.9851509624533319,-0.10104316918316213,-0.8988643783489938,2.408990719163688
-0.16489928451716704,0.23393508196988694,1.1321223270960805,1.107009985166536,-0.05246331298451516,0.01265949247915596,1.0799004307806537,1.2267633848550932,-0.12076353573360613,0.0911514947862485,1.084257629561566,1.0240901275517604,-0.12459995091758051,0.12108383368434764,1.1083984908358377,1.8680912228684696
0.11922100512111938,-0.7424817854766214,1.3418187923628855,1.6702816614128273,0.060966623906961795,-0.6452537954361678,1.2211577631504655,1.6091305366264124,-0.001180434457073623,-0.6872594080782912,1.2750038698194903,1.6752709289549057,0.07029141197032392,-0.5921177699888517,1.2050909592068508,-3.5880171191413144
0.9159025210669934,2.0811519309126876,2.262888919371377,1.0139284104106268,1.0091396372423556,2.154378700663058,2.198527526246648,1.0110439843659014,0.9818589268964169,2.1234402369984497,2.3185841052267593,1.024045797325926,0.9478673881910065,2.0498484583718573,2.2275513768459385,8.462607086907495
0.8611384125566782,0.9319845927575336,0.13177591314451767,0.1579807087871035,0.8368744008568443,0.8716857980064427,0.18538669475220515,0.1695426353763792,0.8588802600925887,0.9053139425688218,0.10997272461110229,0.1509650554454109,0.7833200413276443,0.9166964016320716,0.07956240540000008,-7.072754779099076
0.7122082800430145,0.8269308685231066,0.2198150517452055,0.8349913830912775,0.6792005220823751,0.8391455516785709,0.2735691920385401,0.9967889914244642,0.6815934914384673,0.7639404762902307,0.22473512485240354,0.967099933813954,0.6322616536794642,0.7760070335775943,0.22850244660016797,4.268828719774788
-0.39662057960722746,-0.880868415290361,-0.9985439779894413,-1.4151672104166542,-0.4185170121877658,-0.8846598111098813,-0.9923848554939892,-1.4353100047102727,-0.3877560529167586,-0.8283836428441549,-0.9073625307625122,-1.4167739902179386,-0.45503399310829745,-0.9456271343196357,-0.9809574274004963,-3.928971171931936
1.0441111356701285,0.32783991821053815,-0.4272456149301951,0.43035222563077263,0.9513100527683327,0.35241846777241925,-0.3595133500392894,0.4262465748883239,1.0416217835473485,0.35373255561082423,-0.45230824446262813,0.47359265078166696,1.0318024602853157,0.34339167193611875,-0.41670252851575057,10.929101697962718
1.2483128772965821,-1.0875011341629075,0.026108655136465965,2.384464342686382,1.2036718315000285,-1.0598193504707987,0.0002481407461093141,2.3082924783452885,1.2838119834756139,-1.124692805292275,0.007224810324925349,2.3193138330647436,1.2795468416665527,-1.0152944251201612,0.04894993517706848,20.500274052019165
1.543466176716602,0.5927432677109848,1.6274584990247014,2.2104567126176558,1.5774142275242202,0.5406084577520418,1.6188234913618527,2.2363969620021784,1.5800916924561867,0.6282003281157514,1.6428840336706634,2.2779092633706832,1.5632596409890573,0.5935632951546501,1.6492137934661946,12.191563379411777
-0.8116191527105729,0.2999336715512891,2.0314668972552967,0.8917651934352527,-0.9695348412334865,0.3996664653947763,1.9867266591126178,1.0001173379196484,-0.8507933512718034,0.31546536064592656,2.0426287489425583,0.9366039160136492,-0.9366536500360491,0.4157295100850019,1.9773213985850953,1.413912700712216
-0.11255868497013079,0.4907764502072554,1.2685104160216056,-0.009934370761893685,-0.03602336880176083,0.4496048661461411,1.310022881951792,-0.0831513373170483,-0.15644540576835475,0.5316487420827485,1.3320901702264283,0.03197118516326569,-0.14748802595768779,0.41283895612717153,1.2908512260027747,6.8830272598230895
-0.11456082792188835,1.1781567110275375,1.7565201618981772,0.5318156885296791,-0.019129725928981448,1.1673761862336818,1.6768525039571784,0.5412431370082841,-0.1073865726422891,1.2411760058118742,1.7183528308921292,0.538382109145081,0.06716433612537268,1.2625050820322288,1.7564547229996788,-5.006079912029055
0.6431339651120336,0.3220377356160771,0.37686075887587683,0.7405444818291239,0.6262240460042816,0.4463359407749124,0.32718555633514385,0.7207797291233583,0.6892105012120466,0.47030964268889075,0.39949587727518265,0.707586064748372,0.5533747668471639,0.4297988990213649,0.4164701634197989,4.808964794591002
-2.2414193777566465,-0.02973551688702493,-0.5233461678948965,-2.46354093503273,-2.2576692382352177,-0.18664197863935644,-0.5794631851930061,-2.3828541936130767,-2.324634328702132,-0.04711619126613527,-0.5208563122154884,-2.4695605283455717,-2.2275437876605406,-0.12093423568359965,-0.5069804947935953,-17.458012198439842
0.13887274678426875,0.8648248160289447,2.301922780899158,1.5173613848233036,0.25538286860100085,0.8135285516669883,2.3352125576908422,1.3502115557291419,0.1793670251663079,0.9442206563832999,2.3179096121057743,1.5048971384425212,0.21222593678327187,0.8434880137888968,2.344246059992578,5.773411794106167
-0.5353272953430357,-0.22844554886715746,-0.41792563304802316,-0.6525058124212755,-0.3612865502486296,-0.1659454207937959,-0.26958236300086613,-0.6560338234560072,-0.40453333425414406,-0.1984935466252775,-0.2699930990678734,-0.624481124402778,-0.44510405175626344,-0.2690528394805144,-0.348873760582433,-2.5630180019029165
-0.3230947460830786,-1.293407812796965,-0.5656230015137036,0.605379309003244,-0.29159541273775397,-1.2703306346223453,-0.5561378940925363,0.6805407406946266,-0.3036122873871409,-1.2447955312780628,-0.5583432534028393,0.5895183150868079,-0.27290596948197404,-1.3247536066932797,-0.5389779606077848,5.281465850271783
0.01689846038662864,-0.10282077097205128,0.36099497977427025,-0.10706016561185117,0.046560980504015116,-0.08200261687198802,0.31180351020109837,-0.15613122393664533,0.0007836580089184246,-0.007816784802419693,0.3512479369119299,-0.08835786296153478,-0.0011016418951554745,-0.05388051652028437,0.2981633006935872,2.7462170241351425
0.7068931843808934,0.5487843349887854,0.21080892361973183,0.48584219311464966,0.7048255307376607,0.6210177465979245,0.289540716730917,0.6038155307791768,0.7012096818386235,0.6016751758358988,0.2537334689832421,0.4457869718016025,0.7066665015298359,0.6333033849538034,0.20182463121453453,2.7857529497778946
-0.4834583529519415,-0.2641065419143938,-0.6245249044997125,-0.832470308342574,-0.5045052057169758,-0.1541704418385975,-0.5592070747056506,-0.8329259558763461,-0.548679674167038,-0.19070201068432704,-0.6661722714453407,-0.9193404553416097,-0.5279564819548725,-0.22253988125108987,-0.5738462833642793,-3.328578055998052
-1.0442454136275838,-1.5859447658107735,-0.5405267293648705,-0.34197139954510275,-1.0765682476421934,-1.5449815153145519,-0.5682768470989258,-0.35742142837157903,-1.0690478351730266,-1.5610543919363267,-0.5155436509676703,-0.30617196959933557,-1.0861968781879379,-1.5645804409074877,-0.6180083778947163,0.6881747253455038
-0.3593858804964304,-0.14470503615316105,0.2642880257846686,0.26076339128460635,-0.35157048151096154,-0.24179578421783654,0.2724892936660298,0.20468718701930524,-0.3840113213447779,-0.27285503886519913,0.26626759564748287,0.21546615559201823,-0.3375717824302044,-0.19490116860737228,0.22229764647864,-1.9203049561038736
0.2998447393780718,-1.2155346691082636,-1.6417639742654793,-0.23614526135210395,0.3550404032219261,-1.2815820281527943,-1.6416350587010746,-0.35960557743269234,0.365188244194844,-1.2269226725443585,-1.6871018622506984,-0.31926300548643244,0.3625228005345932,-1.2776076248163215,-1.5370201923436275,1.1733158366983631
-0.575407254200088,-0.7635296934771474,-1.3438138836852205,-1.277632395388113,-0.4836339195510252,-0.737339353145628,-1.3247681348116318,-1.3606947957100617,-0.5297518815925641,-0.7077391731652412,-1.3797957959460354,-1.3361043771764858,-0.6020251388176134,-0.7918134442821736,-1.4113018912580828,-9.724051237643764
-0.19241218176453925,0.46490058707664844,0.19793724527123335,-0.7900568941056961,-0.32604425163105466,0.5329070371948548,0.24900505550031166,-0.7812403921796156,-0.2627102060165489,0.5477464817911293,0.10292106909512802,-0.7613910010055571,-0.25681804759314647,0.4968026147339822,0.1830067634877378,-7.621988831229023
-0.8801015330489738,-0.7654705346808957,-0.5907010096752379,-0.9042968058882179,-0.8916078672432821,-0.7000432465760414,-0.5081477272548737,-0.9051010416170618,-0.9557417140576959,-0.8083102703413746,-0.4793547514936785,-0.8678465540600018,-0.8330091912793345,-0.7934704748687142,-0.563760802850652,-5.173589343950004
-0.6364741872780271,-1.613831459939602,-0.1482311779289824,0.627298529021146,-0.6720406688291107,-1.7189352102407773,-0.21125591551406475,0.5119602346307921,-0.6392098030831764,-1.622743992156052,-0.17930932628596263,0.5338606757019729,-0.564949626576566,-1.7216121044706272,-0.1595975147644344,5.734910724193043
1.713244511392024,2.3630322394958823,-0.2630382042935705,-0.6483498165720682,1.8424890563751055,2.3520071790073573,-0.3505042515707693,-0.6627563168705946,1.7536883784411532,2.330029217350967,-0.3404165868823573,-0.6770350013096114,1.8420846334944756,2.3551912108892927,-0.40233403119592115,-6.363512151637827
-1.2143794609717407,-1.4802148567080609,-0.571656109700629,-0.7793881355597824,-1.1715060962171242,-1.4470217358107609,-0.5336721675543978,-0.6923194590090384,-1.116842253905969,-1.5438030291547469,-0.5462122060884406,-0.7030409989399321,-1.2299307094751082,-1.4640351455296536,-0.4986772301742308,2.205792420960237
0.43590153929298464,-0.5067732546126812,-0.585736334851432,0.007936130361708087,0.3304280160015188,-0.4803388924238492,-0.4958215873371575,-0.04227232804662184,0.35218739453227454,-0.5561285849302152,-0.4720304227717456,-0.0066432028478740635,0.44784401484927794,-0.44627383857877256,-0.5315909965605601,0.6656939323529891
1.2272343479938959,0.8123470666313437,1.8845526168176872,1.744360132593693,1.2302447717543468,0.8428674460834185,2.0181466197668265,1.772123151123029,1.1598773058798104,0.8049949948954006,1.99268460489002,1.6982874335256493,1.228414424082027,0.8893802970498446,1.991896021560576,12.599304792000371
0.6357614465141539,0.5141046004416149,-0.8540341902929888,-1.2909860456093887,0.6941088259959763,0.5583860952603719,-0.8121578458125714,-1.2272175623544952,0.6324270771517612,0.5573446548013922,-0.9174868083348291,-1.2983796357124915,0.5626106503711575,0.5922620567454083,-0.8915630603740338,-5.823925724549535
0.2775550950723849,0.5424984449177437,-0.9403837873756596,-1.3064667167665298,0.31716796081802584,0.6063398722167039,-0.9175554298997194,-1.2539970128610705,0.3309335089919656,0.7043987500164274,-0.7996359380180607,-1.2219297901805168,0.29656746328992994,0.6828059417826694,-0.8163624589644385,-10.228043351016257
1.0508864865859067,2.160105753867843,0.9396397782763345,-0.0022520873642085937,0.990779643155415,2.1893147139411426,0.9619242073467191,-0.11897913791644568,0.949460047032785,2.037759110831461,0.9865681997475702,-0.13798502468811774,1.0330958366792191,2.128050080272723,1.0706501030389115,-1.6399308328749418
0.5170492846963973,-1.3005886793743846,-1.9161570516549289,-0.17109318678803107,0.5617122555644379,-1.2658971632415013,-1.9624685233710624,-0.13758426834513565,0.4745943567280884,-1.29793051468007,-1.849790951689063,-0.2013980789803898,0.4997972633013682,-1.3769758137140673,-2.0021033653236247,5.672938948733499
1.133678627569336,-0.40389764529012573,-0.3014973710632064,0.661523997193322,1.1566571988502536,-0.4324712424417128,-0.3837393451855649,0.7541823765711174,1.25012107577337,-0.42405976237699955,-0.33089809280328075,0.6366514536672352,1.1080432871601162,-0.3577312431916905,-0.42884792297288354,8.08423949989209
2.4969474761261665,2.7269720214262936,1.665074364707087,0.9713649175806178,2.4551746573749362,2.5782801199526935,1.6518673984968488,1.0103153654735293,2.5380498327300796,2.6634895428092316,1.6790165547957243,0.9473608490803855,2.5424523046621945,2.661874961225072,1.7182536537086377,6.938304963779328
-0.7039034768887654,-0.32280255984604916,0.5345069001124967,-0.7402129812868317,-0.6790782938591142,-0.3794994713710138,0.5396179001455106,-0.6567528248036729,-0.6868361267431501,-0.3582899129158559,0.4166698995883007,-0.6772881832219764,-0.7270369167813729,-0.2542814863971467,0.5065319563021494,-4.701702200656589
-0.4553345502037151,-1.2829692967482529,-0.9020129119189385,-0.6064020070060433,-0.5075955729950798,-1.1972636196046664,-0.8676503171792272,-0.537541374836536,-0.4415095017930612,-1.2837285690506568,-1.001628579083212,-0.5126058728865547,-0.49207535019186055,-1.1968476910629022,-0.9346048272827675,7.4517123833741
-0.7892920244958418,-0.7174225684007062,0.13310079459572643,0.2895751748239342,-0.868167095794627,-0.8244958277951024,-0.010174105533664976,0.3589812630413788,-0.8159966619157626,-0.7202762137068504,0.1408634777712515,0.3089566443037823,-0.7947254115979209,-0.6982402677439581,0.03269753360790381,-1.3943640664972383
-0.7337167402783497,0.9271110438198915,0.6806872328056875,-1.0568132406987278,-0.7679841412125361,0.8906574162840244,0.5702886888259215,-1.0588243270852962,-0.7082075337866867,0.8778625027221737,0.7357213922192283,-1.106303615615575,-0.7913719535188437,0.8556087384261665,0.7658262111875775,-13.64510815749982
-0.708585966603422,0.5431444241464364,0.9620802878686341,-0.21050773865849157,-0.6572638329071095,0.5461506446930641,1.0479861241680135,-0.24618915304303157,-0.7046802278174208,0.5076172273045905,1.0292647462553983,-0.23008463913353652,-0.7566075476609092,0.5070945435648206,1.0661472185950716,0.6051376333290595
-0.13654009905909653,-0.29556174918400174,-0.44997677033317673,0.2597364356082992,-0.1063153375536187,-0.27758226567874394,-0.5489387985448041,0.14279241820806077,-0.13008185006487633,-0.385273423329241,-0.6139332279134789,0.18514790962142672,-0.1413976750663937,-0.25280643326835867,-0.533866142445546,-0.7540452792476814
0.2616193631216056,-0.7268734697905441,-1.1504571977371822,-0.4998836091048143,0.17441628848349372,-0.7364538801938105,-1.2005666119443135,-0.44562766629493716,0.13652167006654425,-0.7020706879082722,-1.2135116788431153,-0.4244983884892002,0.1822827493232683,-0.6913506214423178,-1.2155346171300065,-2.16050826830259
1.2244550028299739,0.5877118392629179,-0.23886753076391615,0.7465207305269195,1.172565951152831,0.5475096182065348,-0.19736736980184894,0.6508510095858702,1.0928731038970108,0.6418451798324281,-0.2491993198986011,0.6439742008184517,1.1974288706297707,0.5935383214820267,-0.2949925203035869,0.5167371982851003
-1.9842509085266995,-0.45853247166600875,-0.48342800298205924,-1.9949386966240819,-1.9942260641395455,-0.4565868255784386,-0.49595010162248043,-2.022282860035592,-1.923487508306318,-0.48605665203423515,-0.5831458270878409,-2.0121883298404915,-2.063462889735292,-0.4904518422057585,-0.4911101285581164,-5.121739637962046
-1.1442828758028392,-0.4541552308798171,0.1643484496906466,-0.7735521907013277,-1.1899023508304138,-0.389568602803085,0.13142649955303778,-0.6245618803755584,-1.196949529726396,-0.4352870552470731,0.1477837317088438,-0.6738529202929613,-1.1172644394572244,-0.3245509928791362,0.0883402084772679,-2.6303061933608776
-3.012647218211184,-2.082372901971318,-0.18246652179596992,-0.9853915391154153,-3.078480572537379,-2.0769102125422556,-0.22053795189608807,-0.9874779835552591,-3.1310062570565473,-2.00021076990562,-0.16706956168752596,-0.9335981039443533,-3.1048020670493433,-2.1169727701796144,-0.186256016416378,-4.030888481861727
-2.4719422410515937,-0.6294250999413474,0.4663234172714236,-0.46592422301109726,-2.4882417680227324,-0.703646268436458,0.31308513588247755,-0.5879977746171572,-2.5084849740089847,-0.7488460241497967,0.46151935906610797,-0.5079590363735443,-2.5783504697708377,-0.6351626273405857,0.38847072446202274,-6.565847228909911
-0.07691382088703211,0.35279209907520565,-1.148665683251306,-1.9272042683702324,-0.06434826558163938,0.3962993829217631,-1.16402491835506,-1.9534228522789223,-0.12629764920125922,0.36847779934019126,-1.1430487188075815,-1.9879499766613185,-0.09658123707809546,0.34718866718983643,-1.1961035413024754,-9.393452676150186
0.728625460315867,0.44708647329512474,2.6377170106317,3.602540588344593,0.7598130693252564,0.4784773891205637,2.7659218986289402,3.536891983682008,0.7412180370511491,0.5928805909877606,2.6723190005053357,3.5795781518419623,0.7999521451584495,0.38134891699181894,2.6668448265374147,23.555427963046178
-0.6365182286253404,1.1848907412461747,-0.08251762045199719,-0.9387440579416028,-0.6393891258430248,1.1697574670698356,-0.02561283216784164,-0.948910416766932,-0.5980841693141175,1.172106985963212,-0.07462065951314369,-1.0127597031168198,-0.5996743341351373,1.2077921585948024,-0.02765194272895055,-11.647585337564648
-0.4494728830737226,-0.7420291304561223,-0.1983026998848088,0.16473189892494067,-0.3098227663363363,-0.6962662942216497,-0.29358550632365604,0.20151560406933625,-0.24118645125335866,-0.644178325540365,-0.14295661206974197,0.19383559318215743,-0.2910301866484795,-0.5963658885429118,-0.19320203861574228,-4.300474973742288
-0.7528614148594021,0.2403326522748475,-1.0513766943373324,-1.8786396449379323,-0.6055028926720691,0.3508558706281119,-1.0327497573442106,-1.7878946925381103,-0.7226549207432,0.378851304190391,-0.9922862905922937,-1.745811551228829,-0.784226731003837,0.38006934760294064,-1.0567955064006753,-9.695468979449595
0.36985543971537477,0.6729890013541436,-0.22436952394905335,-0.06403714377813359,0.4396186073675127,0.61576405962197,-0.2870960114524156,0.08456051548072428,0.3789976409816087,0.7040269309243286,-0.19480492026501314,-0.10334216742731928,0.37479113691507115,0.7220728484305059,-0.29045735443713994,-0.7860596922399254
-0.05037841070406274,1.024435094417101,1.6053296753148563,1.0589457105318478,-0.10935453682057582,0.9945154748973493,1.5430068506658066,1.0153056671471088,-0.12753231923512764,1.0317421503407438,1.6755457879987028,1.0013763254393875,-0.12457266532516713,1.0197114113283738,1.6977372931469012,3.3709539157375734
0.26170892999595924,0.5911391141027593,0.9451732305090526,0.9396837145466385,0.24908130154505181,0.6131483614813343,0.800552246209125,0.9579601798045215,0.28113567900024605,0.612583795624152,0.8767460818742636,0.9058807330473907,0.20731985216308008,0.5861454926661331,0.7736650332936517,5.420961498275109
-0.1875108933373637,0.47194194453442156,-0.11019612028754322,-0.4055131558880476,-0.15062366370780944,0.4153140424395487,-0.2727870338710948,-0.5341542769972579,-0.21595209355771924,0.4927829021788429,-0.3134263522127402,-0.6248471574906248,-0.14546808962068047,0.4019404041521601,-0.13329409636103107,-5.942077547620984
0.22225221770829884,0.13420693481068643,-0.008348769352287212,0.2389957910622833,0.21820619572835695,0.18988397384787903,0.05268029017577981,0.349110515661129,0.2532754604206977,0.129458973329364,0.023868459559195823,0.15701058069363527,0.2139677523467163,0.01908557837295774,-0.009375080742981767,1.6042624719191851
1.8014582031657533,1.360994577567851,0.4293648584026491,0.562231355744249,1.8684056995982128,1.3733331671203048,0.39609325554985203,0.6292582204490453,1.780899293039687,1.3854166601958497,0.4201053167934604,0.6137036893453176,1.7862105344963037,1.3196661209123557,0.36683532124196355,3.1595964713042335
-0.11454195685438447,1.2803462128116179,1.5504151370862225,0.6446817873076963,-0.23223410484316187,1.2276109933100745,1.5575279829706854,0.6349617217257507,-0.03619499769468332,1.2242354940681148,1.6485146094370955,0.6461062254914391,-0.18013474018488654,1.35549598182509,1.5968629605309894,-1.8017281502523543
-0.6063663257746177,-1.1960335506579016,-1.5163227617053021,-0.6704798895071882,-0.6993831737603261,-1.0994484401510312,-1.5962906459656316,-0.7150069469746843,-0.6411394482236766,-1.1162565166027694,-1.5446863489257563,-0.5977084593280909,-0.6003883544172728,-1.150122736562135,-1.5989769579074429,1.1488973180607367
0.5652511624820525,-0.002964700506468472,0.42356612642408875,0.36195175788301087,0.48551506147969126,0.003912494302329125,0.23645370093635062,0.43983999390743794,0.5081154220669095,0.05220868867231343,0.31575640323187526,0.5228011438436602,0.5178347729236888,0.042271550090536514,0.36272641849731185,-1.186609937279048
-0.4689133008968801,-0.8380601040843545,-1.6859287442526496,-2.062957977570898,-0.4190122394732234,-0.8461017141143405,-1.6510984853959354,-2.2154737459052183,-0.4678545662740446,-0.8321074860057233,-1.7050095650247252,-2.176822240857445,-0.44480730087182097,-0.7878415647902163,-1.7088149261997625,0.5149085615293618
-1.1261004679472646,-0.5101805411168603,1.447835947281554,0.5357817382195137,-1.1397645301162644,-0.6056144376504351,1.3812264987573202,0.6074354150143935,-1.1592993743514564,-0.5249329136620163,1.3910487924840225,0.5254500997644537,-1.17337224463557,-0.5643435424719698,1.3097844080378274,6.9297177865691655
1.2176894320971612,0.616047882274143,0.43605501240888833,1.6883935629132245,1.3598465831734672,0.69360731059394,0.26866369859696954,1.61661641140135,1.399645200325655,0.6428250994691822,0.228445420035394,1.68118970294104,1.364783013147954,0.6413223142172209,0.371405664385881,0.6575382074778569
0.638894818173176,0.4970745478860538,0.1933238220488379,-0.29496167215914754,0.5297002397271517,0.5124325594770429,0.1719754020349093,-0.31897980020856637,0.6508385635081051,0.39867915474326576,0.2030120579635458,-0.4584739722670511,0.5619211183429743,0.45120161825210636,0.24690201692266175,0.4019273070833952
-0.998821604143953,-0.7873405313333715,-1.1426469198291895,-1.304484062095476,-1.0623324366461275,-0.8449660662600496,-1.0085202349353322,-1.340871514456492,-1.102225285423351,-0.8078730364158937,-1.0299915406241382,-1.4096825867911102,-1.0121855228028722,-0.7031477752815651,-1.1217650527275402,-8.34672313716276
0.8479440645057397,-0.04520943961817874,-0.07986135519777776,0.270541072851129,0.8991584005039162,-0.05384063928000202,-0.05303539831083847,0.2716982321090071,0.8983644584886226,-0.045140250162965315,0.0027312168252987407,0.28260252228119725,0.7987603590506713,0.030746849675946427,-0.11106911362704677,5.421515182085518
-1.2943672738361136,-0.9302862401780825,-1.6493838212651164,-1.1788312740095201,-1.2878922591702033,-1.0043222202991895,-1.6123026722503964,-1.1527000499444022,-1.234786111646889,-0.9679000590316316,-1.5468379107282235,-1.1164679317601016,-1.2926342607720438,-0.978487184334695,-1.5214020890740627,-12.968439359652391
0.11845221301167588,2.063354739822375,0.717919339002366,-0.7064134559664168,0.14195569761229426,2.1460355215111173,0.7729309719354645,-0.7421895307885261,0.08365294535782192,2.0745174489978586,0.8241436136835167,-0.7219024996755949,0.12059405556925495,2.0780800492994174,0.8225950992563709,-8.201703174117913
0.5833927110597233,-0.4394176699575028,0.5046040304574042,0.9373578955943446,0.6057381028077666,-0.32234158418154607,0.638578759273546,0.961725656884377,0.5185106027457854,-0.3748323976927246,0.5783220268092026,0.873449105181989,0.43466292618389923,-0.28831196842408724,0.6240087960315631,7.459307517925062
0.960373452278896,1.4757153821479085,0.7131184346472744,0.3488964741057502,0.9399379442359056,1.4899263456922678,0.7555794083247919,0.41984020138484235,0.9738809611599429,1.427546877054123,0.7642942387618792,0.43626129318369533,0.9742973529233223,1.4055059769328793,0.7250907376786441,-2.2143003517554787
-1.8930054669648106,-0.8608561334475446,-0.08987462740809159,-0.8472827817472935,-1.9049034430399165,-0.8475614511113744,-0.05123039919138387,-0.8972889817470173,-1.8013087309279683,-0.9605408878773606,-0.007297190562450692,-0.8441123608779248,-1.8404012937013228,-0.7489706885058944,-0.027314530453048436,-9.245279303362933
0.488536710648843,2.849291793995942,1.600297183960619,-0.18175997667421834,0.52922168056137,2.781327950831663,1.5273171621313852,-0.34812704659763094,0.503028516158309,2.874188869178995,1.4534474630848775,-0.1495280984758005,0.6309181202825137,2.7013546337603453,1.5957146320275324,-2.963187447994264
-0.11310894099361182,-0.7418130007846803,-0.7403559099607377,0.14169749969871842,-0.167425543137859,-0.775021991835452,-0.8097755144300861,0.12019627529349508,-0.06239536242490887,-0.6299021590340186,-0.7094920393412293,0.15468649806486043,-0.07619659157645177,-0.6697884920447639,-0.6802830818938591,-5.850887938255986
-0.5339636485201087,-0.8417226124715509,0.16520997575744467,0.10004032940984733,-0.5543741533625726,-0.7352851780902647,0.16618377082210145,-0.05233768298265275,-0.5602615797244143,-0.7625907503635466,0.1219394527699561,0.0024829951280908313,-0.5367702528139286,-0.7685578694802628,0.23054976067267216,4.316824598178856
-1.987280375434519,-0.9387340437748048,0.8464398063918455,0.3665600322039596,-1.998423943400581,-0.960702756906592,0.8180024232830295,0.3977815993025091,-2.114129073000507,-0.9466175265032994,0.8598732962940057,0.4192622972807578,-1.9319104013395376,-0.9305416075237443,0.7658649723745813,2.614024002584627
-0.36886048304550684,-0.8384185468800737,-0.577869488067981,-0.8880637160812318,-0.3290169647423162,-0.7695926000952571,-0.4845741386125262,-0.8301864480519118,-0.24646452908017885,-0.7795008014131417,-0.5469111270897526,-0.8966233844640547,-0.2993002277529683,-0.7855364033814191,-0.5452618752169337,-2.2092045852726105
0.5716822255533254,-0.36353281679773536,0.7073417425987413,1.750753312291302,0.6144322104883321,-0.48686395887654976,0.6081442108089946,1.6639399947365685,0.5243997230638109,-0.4541307280984642,0.7221164419473689,1.7358297267920964,0.5526138235561706,-0.33854494226810394,0.6900615502549702,10.498181872036952
-1.8883460281604136,-1.5356526611409942,0.17443584883943178,0.02216188547490073,-1.8867772149671698,-1.4510249916250442,0.09989303318363454,0.045315903547768,-1.856995306560806,-1.463352064704648,0.08089425582209582,0.0766765318061388,-1.898950938479501,-1.4325012009779359,0.1535172558669672,4.294393424026576
-2.9415080527900317,-2.546209057082283,-0.12696099681165787,-0.467512422215069,-2.947575081048097,-2.559304021617808,-0.05891966130846932,-0.5001827906100189,-3.001805249566832,-2.538270198237516,0.02095893766999577,-0.4762893606293896,-2.866942746158452,-2.5815799739786267,0.0050390323225019615,-4.339579660624576
0.6970611553252651,-0.669498633340283,0.24395387941311725,1.6495550665804526,0.7457753661347551,-0.5650494182491325,0.36302511243198626,1.7050492260357353,0.6623590555776694,-0.6594374754578354,0.3945655608743368,1.6002775134917802,0.6317607260375375,-0.7033305517393648,0.28049737984761125,8.606963292252212
-1.8037687071250743,-0.168041227523333,0.4391762111509529,-0.8102729703733945,-1.7537716821840257,-0.15788440088103212,0.41461866013464566,-0.7577186485256212,-1.7078073837944694,-0.1124178667439812,0.4497177388280919,-0.7665768759669271,-1.6745194872991995,-0.18769742553400737,0.47733892318403104,-8.881631008048236
-0.3231337686958649,-1.4820151712471956,-2.361010216102356,-0.7166009063479143,-0.3724766455895406,-1.4902289000118656,-2.3916953644150643,-0.7460662767532915,-0.42841744650431945,-1.5398013144686091,-2.4262620727391417,-0.783144664907467,-0.3704657493416509,-1.4654971593599913,-2.4425700363438883,0.484270789546537
-0.25984056541570677,-0.7763780304310458,0.4185218844959172,0.5592385560002187,-0.21840271647535686,-0.7567778958173684,0.3357156806817939,0.6502909383222082,-0.197229357972451,-0.714528117290273,0.2766288855063902,0.6075294379091933,-0.20068341230788014,-0.8264380963187608,0.29994236176843514,10.392403760994966
-0.1356659238163624,-0.39860844512093296,-0.8862480762519773,-0.4357237394558542,-0.09867524727541353,-0.4688243343755421,-0.9393174755842733,-0.35869603523970534,-0.18521315268267358,-0.44632840373938726,-0.8829728473230225,-0.326151181141089,-0.1845977882622721,-0.44403819864762745,-0.8319557237970115,-8.393521643641385
0.5188567823827448,-0.2248688633797363,-0.2937081872137679,0.6112141539713468,0.6309273301360565,-0.2973120527908644,-0.2879881009649879,0.5489131643163097,0.6403608378723692,-0.13129880221032666,-0.3694200935890752,0.5823563587170515,0.550865472040118,-0.2550371246173239,-0.31829468717750237,7.092961291125169
-0.6248349281098815,-0.9186763615916456,0.7157327765767764,0.1954253959769403,-0.7230398656705485,-0.9873807053658048,0.7471790308410491,0.20066168839998003,-0.5901888889701812,-0.9274653539260329,0.747251056889942,0.14481521358612165,-0.5851772930937764,-0.9440440804731092,0.742482906169258,8.378781965182345
1.0923373311700457,0.08572702375202959,-1.5081421981616465,-0.363557082871938,0.9993624424405689,0.14470418696394383,-1.5389951724473048,-0.39914315191016625,1.0294028627428202,0.11679804371874042,-1.631049189379237,-0.24281883681692026,1.0464032367516471,0.17108950116032293,-1.5820348615056563,3.9747935123724583
-0.681880965774926,0.343718281406167,0.9572488464608478,-0.8281824418317725,-0.6721455784717641,0.43022210351402146,0.953931403967817,-0.8542796948108317,-0.697254426405573,0.4015737686808175,0.8495087765530416,-0.8763242261463924,-0.7216378232039139,0.4885896259757441,0.8216817075821792,-2.493089196990713
-0.37152543071769684,-0.5524180922612651,-1.3053276888209113,-0.5764801148472656,-0.32502088699666554,-0.5503510951836399,-1.1213072461360412,-0.6533749592835293,-0.31263129330409556,-0.5557831556372839,-1.109290374643305,-0.5743952939664995,-0.3258108580216977,-0.5123340385448075,-1.1520652280811836,-4.738656600867314
0.06672377585053722,-0.33826275662071453,-0.3716279417103971,-0.23450688608844092,0.03148777717294518,-0.3374070915439098,-0.34566398682929067,-0.19672279185070332,0.0852138311423683,-0.37945997359579803,-0.3703344631891929,-0.211287384131543,0.06389747300653052,-0.3583924763374883,-0.4217659318632006,4.87693315476109
-1.07777312977779,1.341556145682433,1.5217667722917245,-0.7640197358779806,-0.9678389263413469,1.356887742345785,1.2640595972594666,-0.9033459611754115,-1.0179012207288571,1.2718909358038402,1.423327119014406,-0.8947541768043853,-1.070161576877043,1.3286801685011955,1.3902418421228637,-4.748241125275275
0.583206784113346,-0.21141551646765935,0.020146108600871,1.4109671063088127,0.6052179159726008,-0.20424299860648498,0.08499165227630265,1.445233475144081,0.6053554948352974,-0.29666729229412475,0.10530572442397172,1.4527801278353318,0.5676013721578097,-0.20426473775993065,0.05424196019313946,16.067553453810483
1.1924478316394733,0.8759194889186253,0.5869394052771457,1.610537988592896,1.143600045936179,0.9008284133616911,0.5441486832391,1.576214349645926,1.128806852851951,0.819516877038189,0.3876130761754315,1.571433804393189,1.110075572896404,0.7990592742253487,0.45191507984702695,10.186116606645141
0.9917835430927787,0.5016776147967134,0.0066417851613766385,0.3245968187723605,0.9909398787769941,0.49415798468364963,0.13842282452349558,0.21212837551789318,0.9577104400878426,0.5875420653767981,-0.0026631631015566204,0.25608242628658934,0.994212461969584,0.6027583805283891,0.05156414928216166,2.4411358943799284
1.0454003958149478,-0.9735320792931409,-2.2455700146021087,-0.12886297920101616,1.025885798940748,-1.2640739388547708,-2.182094410307246,-0.26969328491065275,1.109538258364683,-1.0529451738096278,-2.264026298481293,-0.23634499354382377,1.0003431202879318,-0.9751203093779681,-2.2418222735855386,-4.132961863519387
-0.011417540651006891,0.20583399394090496,0.6877879178757106,0.8534513941869998,0.11574873741876292,0.22823549458441056,0.7650288166311455,0.9000253045935569,0.06962695020572793,0.11507960844268646,0.7290292444065507,0.8527884093833988,-0.050465604742767484,0.21566742340185677,0.6859773964631191,0.8897360648543771
-1.4424493437190942,-0.9410378375112047,-1.1094355569871615,-0.5774133561363975,-1.5141311104894541,-1.0471554687142393,-0.954623260510204,-0.5339382034011065,-1.4396659473556352,-0.9827777711803747,-0.954773184857811,-0.6030814410406944,-1.5730834574731114,-1.0556263200144347,-1.0244777846130981,-12.309464050788673
0.1771680735457699,-0.22444638224554647,0.0181636991303277,0.9891039752153621,0.20904546497797305,-0.19326438387021797,0.1440072504551133,0.990251263860678,0.21235252786764758,-0.15447130119345853,0.0332722550737064,0.9961963051099383,0.10268000492708279,-0.1811283651791342,0.04757983144967129,2.7344360592645387
1.0674905331426925,0.40452558940231276,0.18945681971712738,1.12970835100402,1.2551979549872059,0.3740202422402154,0.3440067607230487,1.154067047768707,1.1758158741601619,0.3809794846226339,0.2941982897934542,1.1542346504578265,1.251583223196619,0.3284394843427832,0.1903823654965834,9.692736467304947
-0.013049167661626032,1.608990825634685,2.003054355348275,0.46247657900505784,-0.12104543344105693,1.7535030939316991,1.972778788365559,0.3991013126757434,-0.036239306798475424,1.642443631522032,1.9417853130805633,0.37100712337617764,-0.05137032900324936,1.7173133391552367,1.986084302748714,0.30349725932739463
-0.3680432271755505,-0.4641476805237228,-0.64747139301731,0.07215366159576439,-0.3839983442746884,-0.466751244789526,-0.7696905755054193,-0.051404940082467834,-0.42109026939885313,-0.507359129689117,-0.6304970670190544,0.10576615347444106,-0.34176913114170576,-0.4605078228504499,-0.7244865078773496,2.6860961728475106
-0.7012845110301137,-2.2107220821924414,-1.0831085910408247,-0.007092567530827182,-0.7042967037849894,-2.184630426633216,-1.1146834581769085,0.040349441482107354,-0.6979666906134194,-2.2199615457220108,-1.1509425480822542,0.037423378603253094,-0.7345826870732008,-2.2014688806468867,-1.0508731821177888,5.28155303984804
-1.0211374849060844,-0.7327347855269557,0.5032722936888395,0.009274489911732197,-0.908511731577393,-0.6923447529920504,0.4815644288152261,0.0032880238826184065,-1.1055219805811052,-0.7660308386791369,0.45590156889274625,-0.02808803037901178,-0.9635647630443281,-0.7507525240165251,0.4508393967665216,-1.002033397200429
-0.7677253963376331,0.05948977722975258,1.8240024983501393,1.160763414677337,-0.6174649856972451,0.043015955065199646,1.8359543482048057,1.1656494254450211,-0.6132476252946044,0.03328225198549012,1.8077016032173998,1.2456519502939336,-0.6126292705103985,0.013979360642470365,1.779287444515176,5.734656725397326
-0.7401951444528628,-0.2566359500376729,0.23824508795838248,-0.5958660329098184,-0.7908828920539651,-0.21789278412608054,0.11582040617343399,-0.5805528517799011,-0.6971045385126085,-0.07962452308988634,0.230950023059691,-0.5988831180182637,-0.7019230158792151,-0.1945952097595429,0.1662578103739843,-0.6946766211199122
0.34685231433831415,-0.5881157176552784,-0.7360640529626291,1.02176458407491,0.3800709216207536,-0.5003173346119105,-0.8180568563539817,0.9404232821739656,0.26408073382274844,-0.5910761269698976,-0.7626425359225413,0.9669167056826202,0.3395739262198475,-0.5925028821917157,-0.7570463350510565,4.704332796598767
-0.27328504865415765,-0.3598687941282753,-0.09103650799351008,0.01895099465028123,-0.1295740121447548,-0.4382225145770273,-0.13098784379658937,-0.07824846555382178,-0.1687624713929925,-0.3986421398156849,-0.0960521368154357,-0.006662113596584161,-0.11879659331066432,-0.45212266223268543,-0.043474539778445266,1.1677172320726221
-0.5369230835773293,1.3256570350522972,0.2855821524217993,-0.5539761195515666,-0.5462312737096187,1.236908320701638,0.33924876188412745,-0.7063779122487431,-0.5220364286129503,1.2181610643561982,0.32420235396807234,-0.7251559743023,-0.4569566090195057,1.2776809086596923,0.28041177462234324,-11.670355670379617
0.28630322910904926,-0.5397509433601773,0.25241538857072804,0.3664873079848766,0.08834665947473513,-0.6102253163339187,0.2972098532300551,0.29999823129019787,0.13010217866361073,-0.5672145483450178,0.24545578884021263,0.39301684124548597,0.11765252824900276,-0.5521168754519511,0.20438234562889038,3.2812533685773086
-0.6142003627453922,-1.731681710529761,-0.4620277744940378,0.0287905345317137,-0.5876569979385221,-1.7510413235501578,-0.3951394529745071,0.037388344083273024,-0.5516227840057302,-1.7063267262497863,-0.3966202032897336,0.011490870358017526,-0.6237765332311989,-1.7528863612175005,-0.37039049838877036,13.335845662489152
0.6643848217470565,-0.053888760491577925,-0.9445834655033436,-0.3050721749883308,0.6593049045996903,-0.03889070491000745,-0.9405336700075402,-0.3431830588723743,0.6377397192225032,-0.16708445566397584,-0.9828487955210137,-0.38221391056930387,0.5914636326055317,-0.03427608944027921,-0.9679916682900795,4.153159325474205
-0.6590506226034075,-0.11501128484307545,0.3954551790574336,-0.3936554161353514,-0.6414710854964911,-0.1283008164851573,0.44802185743505607,-0.306183407785302,-0.7282354246292065,-0.23867652309982423,0.4311501903292424,-0.33421197528155794,-0.5656402301374526,-0.19602254059812974,0.5351979368934088,-6.956105147898883
-2.654998954373055,-1.010345021152091,-1.864546358688155,-3.052105414580621,-2.5165191184312796,-1.0012326324759173,-1.8967046688370435,-2.9690202805983477,-2.5993050864169773,-0.8820682509878301,-1.8270854832196828,-3.109492701512929,-2.5707363570776747,-0.9816748376587494,-1.74664829574855,-29.365594922594987
-0.9328091398180712,0.8894423266487826,1.2851946846738982,-0.43551900248597714,-0.9598030578201451,0.8546669156226241,1.2280623178734376,-0.45793933519096414,-0.875529440733838,0.8700065589958831,1.2521069626779535,-0.5495714124753224,-0.9642198673182576,0.8009192661877224,1.2064652174994301,-4.289037099785089
-0.22494042148447543,0.007991968327064045,-0.7884596804022309,-0.9138837948535709,-0.31739487342385697,0.1304032913338743,-0.7969706902666992,-0.9971336373591254,-0.1892130575605203,0.04822722206265253,-0.7715528458693611,-0.8599520180110937,-0.19567129141382916,0.05983454377056749,-0.7345349269530749,-1.7241838716704025
-1.9945813305708375,-1.7607458478638784,-0.2398014421031336,-0.6058477954978587,-1.995782472254049,-1.618651406517177,-0.2419594956372613,-0.4909150090597331,-1.8871806400112048,-1.6133794316151044,-0.224465453687899,-0.6259918039641957,-1.9794457739560443,-1.615631692716195,-0.14084170669174761,-4.078911337970001
-0.33261113455564656,-0.8853480761200647,-0.3471462469226708,0.3823685203151092,-0.3237174854546719,-0.8912059262090803,-0.3889143902777125,0.5074087738577292,-0.24274671307966209,-0.854904017006098,-0.3906889624981665,0.31280050849266644,-0.31215066715156875,-0.9366186721496712,-0.31500847693027284,7.182033124323064
-0.5748753740689011,0.026467009526118482,-1.2835978282575051,-1.4147374364336711,-0.6018807856460057,-0.02831466542918143,-1.2311637695585533,-1.391287816284982,-0.6052010441585225,0.03002389197949846,-1.329097450581806,-1.3610842676023043,-0.4935980924564907,0.0017460520337838556,-1.2038299583743663,-9.925006175713396
-1.481775288186614,0.16982391069116787,1.0796167571337383,-0.463875471893697,-1.532199603806898,0.15452484017370646,1.1322775792609316,-0.4014223355974644,-1.3491075503704493,0.14400473958763377,1.1229945840714908,-0.4827618150882975,-1.4286159003274805,0.29043062826575633,1.1380029695942158,-4.701652890588875
1.0328229087854213,-0.24979756487306048,-1.0114479999172719,0.38210121452858825,1.0052407683888487,-0.18223580995991,-1.0953153906391466,0.29483813085244126,1.097247200675385,-0.22167769441348567,-1.0723537829763583,0.31153913169786934,1.0973737448978849,-0.3367590546112996,-1.0965424496046074,6.646120990396319
0.1984948787075509,0.5013017070790082,-0.34425518621705037,0.17981424197248927,0.14848119891105904,0.3438112756877489,-0.5164002737898126,0.15352637729833163,0.12605221240900266,0.3262842703617058,-0.37111878283052846,0.23111365437330111,0.10376446991915352,0.30863503557992034,-0.4630814077250616,-4.220792616798295
1.7146666293505466,1.2049754488935995,0.17826393215801573,1.0896387358349533,1.857018005699155,1.236652190602395,0.07550013567994263,1.0676158277983114,1.780453223821139,1.2551435498898627,0.09965204701485361,1.1172135466803275,1.787137092256236,1.3127144092238678,0.08203315569962653,2.9342075127749325
1.3522185902066461,-1.3896312720038695,-2.370144507217242,-0.12780142423115148,1.5175463350415404,-1.420896906505197,-2.353852698520947,-0.0485518819006676,1.3419002078063853,-1.3409745458235436,-2.4429580972966356,-0.17265288729805883,1.4902887681981214,-1.4173674236661342,-2.4392776684421844,6.336876194436565
-0.5227614770110068,-1.7623798391903147,0.026067815122261667,0.6857924785664956,-0.5003348325391624,-1.789065873972109,0.025673065979708566,0.7029237707673937,-0.4793695513336212,-1.8601904359940473,-0.0533896395922956,0.8512835106762555,-0.618272553729176,-1.7652108564845663,0.03167243564412342,7.428371581663455
0.42875836158120245,0.4884914335798804,0.8977037312402852,1.0925180586003425,0.36261187121700694,0.5204203261316,0.9167609805195139,1.1341740368452375,0.4831454474266278,0.4792831784876319,0.9351548764727984,1.0603864487331929,0.5104558627909523,0.5321682506784062,0.9309867246578336,13.431268134416026
-1.1709199559198582,-1.0171034616821004,-0.16535761283519623,0.0587691940600007,-1.2257355038476747,-0.9800301587026947,-0.0943852876791231,0.09447081571382063,-1.2188255596068225,-1.091978474776701,-0.08286730382741325,0.11500736688066618,-1.167329359534379,-1.002430256105264,-0.0554459326458452,2.737076298640353
0.9212816370694021,1.0505505314522767,0.12244762045489582,-0.4419920595565914,1.0158857930561505,1.1863582974571227,0.2544748080678855,-0.42784225306245705,0.9796598478880605,1.1931658848552518,0.13645673586044413,-0.3700874906702373,0.99349648196763,1.053661035836563,0.1783954342250339,0.5859775023294571
2.2123269152345606,1.750909022327271,1.74122035315416,2.4353680711986128,2.2794774628481607,1.6091850267347276,1.6597719697154028,2.4035975139556744,2.2525028394738933,1.6365578690274452,1.65963591890668,2.387791005905861,2.2143902026203657,1.6695825420691304,1.7117081891093437,12.41010166212892
-1.6531047852841354,-0.8018813372600759,-0.1985541667449599,-0.42481844607587943,-1.6199589676397854,-0.8196119393592689,-0.1088285083249264,-0.41317800888897943,-1.687985100506916,-0.8234219233280242,-0.12967141350149067,-0.4679771878646805,-1.6151305600610244,-0.8936460258884312,-0.18009920720012196,-1.2336408799205056
-0.46541020050793086,1.4351551382379781,1.5072240262604173,-0.10168642882413972,-0.4863186657911134,1.3627406075661666,1.4805085954101411,-0.10203024079082426,-0.47337060364278327,1.426551962888272,1.4804762609836943,-0.023063412985580088,-0.4435155924053368,1.3774432527236127,1.4493321848323115,-5.444103150541617
-0.40267461851241027,-1.4136198491930165,0.026774353181294043,1.1913438697618657,-0.409067414855422,-1.2905419240121643,0.04353124779553243,1.0988428135758375,-0.3762410658000942,-1.338563481431771,0.0760219707685506,1.1204027007333983,-0.25747855615617576,-1.3040890987775555,0.15364647288569613,9.568713166752865
0.6326840084065735,-0.3000118041241981,-1.5150540980630314,-1.0668831602635898,0.5985830519834406,-0.23313601350841137,-1.5504074016342497,-1.1422852989987295,0.5840135200247771,-0.32806399532044095,-1.5811641859370307,-1.1833700931834306,0.6659350567303401,-0.33251119096536996,-1.4944467770124996,-6.641734977934419
0.36153478555074375,0.896013305330553,-0.9294582471051921,-0.40896476839671114,0.3145304270678043,0.6572551713054744,-0.94268388932401,-0.4372592651115501,0.2707489552868442,0.8401458857653368,-0.9471552107303446,-0.4465621461108114,0.33938433959613523,0.7613965927001228,-0.9000869430600359,-2.9119208724353935
0.03202984012185589,-0.9046449328651696,0.6452768578096122,1.2586602253225263,0.09136694588490776,-0.9033584732452645,0.7359183168839897,1.3982774398583142,0.06413738088483166,-0.8453149465242686,0.6900967098246938,1.3565358756025943,-0.016519872534707047,-0.8753915211594672,0.7122145965880078,10.364396980443214
1.7688657086416661,1.3487237678091806,-0.6775591609629259,0.8833360262432103,1.7382539670399633,1.2654024025043666,-0.7353019043905356,0.8139956436819628,1.8025172738521609,1.3907420935753758,-0.7351768887955794,0.7646252336699981,1.7413119544487488,1.3362159120090782,-0.677666788231273,8.657170455779385
0.22920769945546016,0.9544175349865176,-0.15853449814711265,-0.6991071646290677,0.34144989331174536,0.8472225499741315,-0.0755327865193445,-0.7527673958947596,0.3097560670002472,0.8850930816467726,-0.05266708130978459,-0.6028530428982002,0.38536502288553376,0.938716664164729,-0.07711656801073066,3.9017293202014214
-0.8985711948158196,-1.1134244649829947,0.6196227937856559,0.38368237541129246,-0.9273004839534449,-1.105112028162826,0.6564844416120926,0.36171521416028574,-0.923021606935432,-1.1099766797134936,0.6247454862096616,0.34942407032902634,-0.9018884869036132,-1.1446594858574062,0.6218792823428569,7.594636638127735
1.105601709230398,1.024975482602139,0.2776050683154304,0.48175348534735496,1.1800800986776963,1.1231008495166765,0.3936958222855697,0.5800572125142656,1.182142656154019,1.0537069859127823,0.33780402369433804,0.4815297725291615,1.0956936747350832,1.0920372945925003,0.36234691055748836,2.279900866162321
-1.1168198466830659,0.02049854459801337,1.7399910339555715,0.6263067540623676,-1.1165438449439187,0.13560022542570002,1.7882018698123,0.6527072265159848,-1.1044799811928268,0.12791005103140732,1.8995853729074286,0.6332165351843257,-1.164691815283897,0.16689033349747562,1.909224831167387,-1.2151815975455413
-0.17527432160966427,-0.47175826676319266,-0.011110934348522193,0.8029095842303244,-0.15959981769531442,-0.4956921058156394,-0.036991807560887435,0.8305374482664352,-0.1936078769200709,-0.5580607738175087,0.027999607756655685,0.8265930542769272,-0.18548350759797833,-0.4895754914028412,0.11357044429685462,7.398666884876731
1.7630846213208642,0.9852423027219784,-1.0276900030598677,0.06789618713304725,1.6836454808748034,1.0316955405161183,-0.924662737754869,0.14133662258976815,1.7018827769873743,1.0301806124093735,-1.0225388691876816,0.19489898956506674,1.666892029107242,1.002007132315633,-0.8513297758931873,0.29271847053834255
0.5293286782389244,0.39659857024642176,-0.7703680505414119,-0.604319696238876,0.5771150319080443,0.38788122296985783,-0.6862070390022605,-0.5384629907216877,0.600427451664373,0.3483287179077273,-0.7345491788029528,-0.6425047263179018,0.6494894024414356,0.3363876570288316,-0.672399567302195,-0.7199590574111339
1.1691875555442974,-0.03534718728123773,0.08012795440567703,1.590763974107565,1.1620368096081697,-0.02732330218737483,0.08003630444275964,1.619229185619218,1.081389673790667,0.04923927580644062,0.09236954879845298,1.6544963686848364,1.041756583725043,0.05224392415155847,0.06335894857722069,15.113681213687865
1.0027614925411321,0.14193403820034603,0.3689326077657208,1.1570784056335264,1.0301106351508618,0.21061814531000078,0.4813810703960276,1.1784807872430865,1.0799138162457842,0.16369642617286662,0.4123007059319481,1.182515927113192,1.0495328226889007,0.06985278711420365,0.3562036578755251,4.5464369659380015
-0.6792588426070405,-1.26571899068919,-1.0964316165876178,0.21409249133280675,-0.6523022477892946,-1.2526451750263006,-1.2455702943226474,0.15683436903769254,-0.5997641234458517,-1.2530208412504564,-1.270558091672428,0.1772844287048877,-0.7359587374529799,-1.2807969150626581,-1.2326475689070933,-4.088924409095249
-0.3563353755540487,1.018093485415544,-0.2994014370306476,-1.0635620701430497,-0.28000658782852894,1.024407880863458,-0.3943064540795021,-1.1769526695783732,-0.38328169366831294,1.0884203033478403,-0.3331679896907503,-1.0668658342692459,-0.39520525526864164,0.8769822555808992,-0.4187596472662044,-11.35844904322165
-0.7172941044455561,0.5649465985835401,-0.4012562409401761,-2.3915967700321126,-0.661752253083521,0.5803622264998817,-0.4365415689084676,-2.3307374221475508,-0.665326948303442,0.6188018104628812,-0.3165988968435371,-2.3201735679969397,-0.7754971175642863,0.5538675867832477,-0.2503019157313299,-9.188732582883677
1.2236814492362413,-0.39394865639489507,-1.5829478731951412,-0.07987845442134084,1.191936471507917,-0.47675522373242474,-1.592200680181946,-0.032183777499016415,1.2565003103651264,-0.4159578536902913,-1.5867096725132983,-0.1631688220358279,1.1969336759736318,-0.4976509007553339,-1.5204906392961852,4.297390097534164
0.7706778826948327,-1.4782605495483592,-0.20282755521395746,1.9638125798143702,0.8179906331006322,-1.4572225201972995,-0.2960540098767707,1.8597758532489035,0.7465295859844862,-1.3458403371074814,-0.17245525852232396,2.003175775510747,0.8493468763778845,-1.3935795999302965,-0.20297776356116032,10.154665067068262
-0.27985103247277143,-0.70408894900901,-0.4720255727616913,-0.559190676383467,-0.3602229617765538,-0.6970717106587903,-0.4560671426543,-0.5763743470198784,-0.26783235260870314,-0.5550346225215953,-0.4195371302319253,-0.6954085337975805,-0.27867183276986895,-0.5859600747661343,-0.49018228868111247,2.122516227190478
1.5217049549466073,1.1628493201934995,0.5678245189808543,0.9468800453446001,1.4634090286249999,1.083898774931789,0.6239983795391982,1.0338599737205858,1.5256424789765726,1.225958976114415,0.6650306397683569,0.8930558739892376,1.4575616203120094,1.1406037569995606,0.6872543921413163,0.44670920407208214
1.4486620238074461,-0.7076566478905775,-0.6764298751026597,1.4052454189392891,1.4255546595628377,-0.7394128098738288,-0.6617703963071984,1.4161796950984138,1.3353663874448942,-0.7247098241179255,-0.5979309890461447,1.403202621505065,1.4596196800458,-0.6729069235854129,-0.6877458040627872,7.05062004346796
1.1061573745205484,-1.0206557829064853,-0.047944874235022576,1.5943412718952499,1.0858017771075088,-1.0025592162429537,-0.06694213637157603,1.543884950966343,1.0829400095171078,-1.0172031017866834,0.01575838854206841,1.6810320858627832,1.1215471568966142,-0.9843041063960535,-0.14695306242652312,12.463156850033966
-0.6850371935223701,-0.04462153037931525,2.2677224933462012,1.7662042945654937,-0.6947585886061798,-0.14538502006006626,2.259745433310033,1.8298406018867017,-0.6875131482445318,-0.1786419651650663,2.2474353452491553,1.8082768367226947,-0.6273037033790257,-0.12076139298230529,2.303865750064795,7.3504196801762
-0.3420971815929358,-1.664453388657678,-1.0622669879018474,0.31437918483951366,-0.40467668067181184,-1.7035712067004207,-1.0125900081057768,0.296532961981254,-0.33857566403937195,-1.6276852267726643,-1.0527230723764758,0.32246296588874857,-0.28379834871484483,-1.7218498540315696,-1.1264784833517745,7.215226284343874
1.1088857011947424,0.3727109114265545,-0.3930225441589467,0.22813840448196607,1.137898330939252,0.33795760998310953,-0.34125772428494044,0.1600725790604895,1.1346419687935405,0.3924149015256851,-0.38869945705659587,0.2625130147535377,1.2092807287814658,0.36829627714168733,-0.39588873526316865,3.128949500690146
-0.34348731597265575,1.1609048148296024,-0.2540204522849285,-1.8597846525112554,-0.3972139265236223,1.1932969127339916,-0.2244731175070847,-1.8702228056198633,-0.38094438206259973,1.2172332901490661,-0.1712128473584574,-1.906897916111714,-0.3387474850149131,1.2111694136326503,-0.2089409745843717,-4.9921657937334345
1.6473008543160914,1.3400414389470718,0.31985321554305746,-0.13331219209787634,1.6634938038945952,1.281320815661672,0.30185738343500434,-0.19998528563117668,1.6849278607532767,1.35037350321482,0.33822974237655656,-0.17872064752621566,1.5761449797226335,1.2373910442611658,0.2894829183784452,0.307569934174029
-1.2776067547758545,0.19171066152718416,1.4993425399007771,0.628480075146666,-1.1467156370153668,0.2907712809336068,1.5623117828858706,0.5453977189676963,-1.1572218278662871,0.12210646720205914,1.4108706696495341,0.596732423330392,-1.1506709859116624,0.20084754796977738,1.4783311943171331,-0.15989806765334014
0.4239033272913558,-0.83096793241387,-0.14192726969622635,1.3664152894498647,0.41829825597219994,-0.757235514624796,-0.09485326641377854,1.4086123504830963,0.3652806689861581,-0.7282234034911444,-0.08918730306677546,1.476187398154688,0.43009392884511,-0.795975953334044,-0.08721155000208396,13.065777697687057
0.18189198659480527,1.0369103193806786,0.7732460544350568,0.7288170100551027,0.17801869590707467,1.1833827596680382,0.6923776927278833,0.6925269756982299,0.15457096372286688,1.177232288450966,0.7401043750645229,0.6971856524966082,0.2313082423963724,1.1543961890486611,0.6330510692431212,-0.611575359323234
0.423009475485179,-0.34901360489688815,-0.7085858807573531,0.13074140035187945,0.3934652548709407,-0.3628051964359735,-0.6543116313748688,0.1518102010106999,0.43098259895076146,-0.42476591363224125,-0.641876333418257,0.2311653851115161,0.42671845742488124,-0.40728805979127036,-0.5440479244244074,7.992245796398678
0.4564898681657703,-0.3559456460898526,-0.6033336455813256,0.1106873145862298,0.4599564985699175,-0.34450269133375216,-0.6018842966950223,0.21824615659520613,0.4086794557986534,-0.30199812725791936,-0.5586924755260054,0.16138163348414447,0.3953521958487694,-0.25806949611130053,-0.6235968087929774,3.5648330184468984
-1.2470627899054383,-1.457650307127116,-0.2341986698090055,-0.754716953746625,-1.1847731378593216,-1.4892046374079926,-0.25102312912046115,-0.7314050601381646,-1.196463842126929,-1.404055845896201,-0.1810033541490716,-0.7688712087616298,-1.2552219078843154,-1.4370528080522824,-0.2689181622556487,-10.596249793891356
-1.975391377286925,-2.4082937508555022,-2.2801936857942824,-1.7795021377582714,-1.9704059860346794,-2.4815544909860052,-2.312364892579148,-1.7464488368965387,-1.9772276460641658,-2.3501684148061135,-2.2499121533732236,-1.7738036291900245,-2.042429135829324,-2.4161217210407546,-2.2648101627512007,-4.4132316741544875
0.6085234634118031,1.1872516080532982,-0.3423067006329039,-0.30560637181046707,0.640718691292793,1.3138048111510243,-0.3702636818026932,-0.3319891363446007,0.5463782421308304,1.252159890418633,-0.30282370311993134,-0.3258733954709631,0.6546539448404676,1.2271924902718558,-0.31947041932380904,-1.2002433513879796
0.433303708249493,-0.01628941637557437,-0.685577302624936,-0.6830390271754704,0.3955130399058409,0.03102648309295825,-0.8205970454584103,-0.6775492957997716,0.4131033911888639,0.06558761763604411,-0.709959822812543,-0.749367830508037,0.3239047718500963,0.029161111755985285,-0.7061820358987498,1.7387024816386045
2.2379775955055945,0.3299647193016635,-2.0030883142819214,0.03156947885761442,2.230704549562984,0.3735942893247324,-1.9309655589073214,0.025014113002889565,2.2359670215165925,0.4370680223179903,-1.936884280668715,0.27528786880971134,2.2504193480452215,0.5030745799748005,-1.9470729372272313,-7.132066688212477
-0.744252423564257,-0.43200105620935214,0.08987020744432009,-0.6708557625501251,-0.7808103744332395,-0.4896007138656246,-0.05125274304291929,-0.7469329257224395,-0.6947101564753329,-0.3789496982195603,-0.02214966419555193,-0.6995727418498037,-0.7859208443752677,-0.5702393389309588,-0.003867604473798896,-5.058080412576352
2.472922793949644,1.0527239816178897,0.8081073214841639,2.193883176513816,2.409299098355803,1.0680530172684743,0.7758928980429093,2.115180220086289,2.4482041936795933,1.0615391387073545,0.7383470135155432,2.1636775507900805,2.462702161644592,1.123821293311919,0.7999777918767753,10.864997132405218
0.4374412806643297,-0.7945248325481069,-0.6014852009861837,0.6814775304973781,0.5291640206753957,-0.9274676734870453,-0.5425835565890386,0.7777034167358049,0.637064488035915,-0.942363717102727,-0.5725366572823409,0.6948956892247002,0.5321978929709887,-0.9719153809440565,-0.5945148787268447,2.7241556843104036
0.7462717906150554,-0.8846673236734078,-1.71947983445392,-0.12179266699044346,0.7788181920003832,-0.822402019356262,-1.6785414946263824,-0.19077670818065745,0.7142259588851888,-0.7617777876788144,-1.7267843546537063,-0.04679867714785352,0.7863057125544045,-0.8724514792740202,-1.7278053769689528,7.70473859807746
-0.13266975843858556,1.0769202714417745,0.8729373634550455,-1.1857069031426353,-0.12955021311526127,1.0815837944195452,0.732334728835561,-1.2673360038065775,-0.18323830044908596,1.1303433642938638,0.8106279476775182,-1.0982032919861786,-0.08102929998174249,1.136071696816491,0.6498042688640009,-6.306724769517349
1.3219073061371447,2.525890685402039,1.5248416922312877,-0.036496771605074876,1.3313935189790498,2.588443153541995,1.5429781668936897,-0.03083602830004053,1.2419350018393969,2.611013276918585,1.5768652695930256,0.07391667102224425,1.3346874992532727,2.479679853298759,1.5620254181858837,-1.6478716869306802
0.6037589236766424,0.5852540574478164,0.041057368552229585,0.3159028840229149,0.828453101679261,0.5411376480033842,0.053856748815372155,0.2392080734859312,0.7944562655680213,0.5275333218457441,0.006264939492349256,0.30743721806059743,0.8216718434645611,0.5322961710935818,0.1551913200276069,3.258271499022323
-1.0431168540958882,-1.6400653410774353,0.5836190244186893,0.34714898577381126,-1.2082822461621314,-1.6243689909734218,0.6560011227326973,0.37014102541997623,-1.0827622600470976,-1.6268198002195953,0.5363562908058723,0.28857309222472516,-1.1588576319568642,-1.6590121564638192,0.8184788847876197,9.010918530959046
1.0766887047538327,1.2631459560014406,-0.7801856511232322,-0.4379344274651124,0.9668811351939199,1.2668680488264827,-0.7920281701475747,-0.3943355174482883,1.0110284273114905,1.3067510472233266,-0.7450087702834736,-0.5114377037824792,1.0533398422600073,1.2214594323920602,-0.8420082550984358,-18.166040480926384
1.1014496990497578,-1.0446476331412413,-0.6145960366483698,1.1043777072785743,0.9939188504800601,-1.0278092838390256,-0.5476322249238806,1.0991802762871439,1.0709775573658953,-1.029535199429986,-0.5568171602926488,1.0271222518049785,1.0486694105863685,-1.035925098049843,-0.5071534823915235,8.022665379785426
0.8563474759365848,-0.6784127883318859,-1.3522844536321936,0.028674370151815884,0.7897456830408783,-0.6378007735877637,-1.3940846443550017,0.05051342218298492,0.7388200446050024,-0.6168981543971922,-1.3315630280425992,0.031508806609356066,0.8190664063105942,-0.5292772681267434,-1.381953744491841,-3.673144629247234
-0.4150334710629652,0.10381862202900563,0.67627573710733,-0.07260282893740935,-0.5653744032099055,0.22331276148411755,0.553115059986077,-0.14611906292393312,-0.6227981660595158,0.20656362054403493,0.5973100126617643,-0.013675437003929588,-0.498847018546568,0.2835801848243587,0.693980975631489,0.8822347937986517
-0.7389074784727879,0.8915153892497991,1.0403446748848812,-0.018282532924322206,-0.772051785648854,0.959807438816408,1.0487772149283048,0.030152973936322824,-0.7465242258133766,0.9532363717470096,1.0244323219689464,0.013678413041292858,-0.7920599699162895,0.9015944215092557,0.9650851673140683,-5.321693787528374
1.0635930912975757,1.135082102084933,1.1663374299329867,1.299201064641713,1.0227823200752997,1.1417459518784823,1.1151997895873875,1.3948975514494917,1.027303451622103,1.140295047127591,1.1761536386023395,1.4471295283747279,1.0433830616831965,1.1882016882969728,1.2122186773975445,6.16921808489571
0.3655858621716996,1.2700796194941448,2.3204620272912595,0.8820785739687216,0.27889051861777564,1.3129157440159505,2.4011134844148376,1.004977690301225,0.35957576008217423,1.2907604692050878,2.3081005744731793,1.1198140735386626,0.3444255512710134,1.3280618070676846,2.2810094947502315,-3.1723377954688248
-0.3138634007878183,-1.8255999550829507,-0.81009121945814,0.605648158355812,-0.39753130459354125,-1.6913234816369926,-0.8817090368764641,0.5798350515000188,-0.37678993997763993,-1.7916940170006934,-0.8558056891307017,0.5780959586121787,-0.2732374805150247,-1.7668788435892362,-0.8709451380887598,5.131217730809167
-0.2758463529906421,-0.34453814238005886,1.024670677853903,1.4609239531586247,-0.2372599187730923,-0.37643820700127967,1.0584805193032158,1.3792822738111568,-0.17005874669896404,-0.3426908311975602,1.0367376448760854,1.4559805719033108,-0.20642646508890988,-0.4396141068940017,1.064246649978315,12.070040770941212
-0.16958872579713102,-0.9183105936075502,-0.47986715419592907,-0.21934066300004312,-0.12151168447540607,-0.9560801159384563,-0.6390358481329192,-0.2774963186643603,-0.15345096311387757,-0.9026392443463442,-0.5907997762321767,-0.1523249685898594,-0.08335173287487965,-0.991916882195884,-0.5187023661389111,7.1535992755791025
-0.5926800374896094,-0.6342200314383425,-1.0385297018815232,-1.307541690390883,-0.5796202324229621,-0.5909398028824809,-1.1358159861793593,-1.2055664525919116,-0.5316480112638108,-0.6602841256661629,-1.1513801415026992,-1.2592635753827155,-0.5524371161975695,-0.6548936148050022,-1.1890560305751674,-2.9452276441864056
-0.5060161255400872,-2.295851379138807,-1.0989381973677275,1.533645991545419,-0.5213455065795534,-2.259814837182561,-1.1281917844353448,1.6476409001905017,-0.5112163975851743,-2.2005918975208343,-1.1231104007957529,1.4653240434891384,-0.49048673490379063,-2.22716852503715,-1.0786065848584476,3.3704052809999077
0.6414417158840889,-0.31808440549839045,-0.6885131230018906,-0.30700552757529614,0.6688048515565896,-0.2839693131616424,-0.6904413985408816,-0.2927023529187166,0.6357090289373383,-0.2560367346743996,-0.641828695772704,-0.29496010457208277,0.614639635786249,-0.35024740152899664,-0.686998482428661,6.186592392287414
2.41071814025124,1.581856123070551,0.7910063595205044,1.7853790031741263,2.5585464963837565,1.610358868349584,0.8130588140265209,1.77980502094318,2.5095202419244886,1.6876645660563638,0.7329838276481917,1.8040271354808715,2.524709385306796,1.6061077516846765,0.7531130384227254,11.959132429758322
-0.6522600139712337,-1.3493311205928415,-0.19556198999638535,0.25372357269767776,-0.6479067181674731,-1.3003951454603009,-0.24141701281823963,0.20738438942682128,-0.6454520792757539,-1.2805498576130823,-0.1991167982782467,0.22103972203521147,-0.5393652248914079,-1.3916144580441923,-0.20238527937349457,3.4705663990308953
-0.4966466718578941,-0.2646483016484097,-0.1619463312795391,-0.29691842731966883,-0.5372038359840302,-0.2239369538297039,-0.16137970393385853,-0.44865063496887897,-0.4870977142939457,-0.2152166863738809,-0.044753997160244266,-0.33297001519469804,-0.511866180032381,-0.23976908416490433,-0.18577457937683273,-10.204825871153508
-0.5872094825206395,-1.3113668873802828,-1.3706912353791658,-1.0540849079523684,-0.5923286391614163,-1.259708758723187,-1.379929474249659,-0.9794671550626547,-0.5698301228375353,-1.245366615994911,-1.301616246169523,-0.993161435316524,-0.5717643635205669,-1.3411228270490307,-1.303833730064901,0.8910157599394619
-0.507242303856234,-1.0116904282769925,1.6885645412770816,1.7320228998443703,-0.5494414294019186,-1.0079367072270644,1.7844384723069346,1.718382566504424,-0.5376617481568825,-0.9586749057652915,1.7814053397646719,1.7219530846909532,-0.5089383532292046,-0.9820225293925342,1.726236670356775,9.926186090754012
-1.649783703773451,-2.3310730623829907,-0.3071056994304211,-0.156315048041765,-1.7507286865905365,-2.2963655615736234,-0.2626242817974528,-0.14887386652835016,-1.7937580920104932,-2.3456817220564314,-0.3112173358729479,-0.2932817785748122,-1.8523250744949313,-2.3332669854893577,-0.2727652735982827,3.9271483312491826
-1.049603817219061,0.5163585297026961,1.6564438506445702,0.020710708145522727,-1.1135173955015996,0.44455097596856696,1.6372083575092782,-0.08411694174428652,-1.1119217280540628,0.51558234389673,1.666380391924229,-0.05384918823746987,-1.1514254054069446,0.5204714216651435,1.6398403381986197,-1.4421279947264618
-1.7604379182639753,-1.4562712904469652,-0.45718420359114353,-0.5822432909529124,-1.7866186388474008,-1.490285090142354,-0.3552522844703414,-0.7050796251998871,-1.6866271590499862,-1.4013316765327737,-0.3852198847682679,-0.7474846997580609,-1.802334392094873,-1.4202106898239693,-0.40016434077393265,2.570334559572697
0.08741272672140259,-0.1668858791961349,1.5475321390848187,1.8007431119940134,0.060735604327873546,-0.051811947428178226,1.600778970492462,1.8027783393468784,0.07938658321601677,-0.13172146327171064,1.6195205766234866,1.8558418544593578,0.1434410754954452,-0.04188127803177499,1.5407907858710856,10.146105038366317
0.5931474064100805,-0.08480782219624321,-0.42788695322962594,0.3451731274424207,0.6467127890686581,-0.13242067151518208,-0.2895710366826824,0.1861407500964066,0.5598870748612768,-0.14188875636922266,-0.3298189670860743,0.25183259838427,0.5120412009112159,-0.2747613179476194,-0.319359507632792,2.241937242804249
0.5174006760555633,-0.5237202464530835,0.021956917816445376,0.7316325495507155,0.5514722813421579,-0.4757631832302066,-0.03058260030766438,0.6730835971430451,0.5022346747854852,-0.4868429538373539,0.048904885289617867,0.6881228803151035,0.5549332508709023,-0.5164268360547419,0.12994449260268365,13.091140957749811
-1.2919102865358827,-0.9850777668274465,0.24932807279221936,-0.37949696594025173,-1.2387014690516946,-0.8093815723239624,0.2551381667461308,-0.3596131742353878,-1.3356200922739134,-1.0198807109170234,0.2665697637860447,-0.3639383758047045,-1.2838130777471888,-0.9193420399922804,0.19513464273789516,-3.3786499664938807
0.10164302622371846,0.3246514377047477,0.4139186669894175,-0.3849211245636417,0.01881208133339217,0.23757078522144112,0.49977957251850963,-0.41654020098346217,0.12090891717802064,0.30664204299822906,0.4551667706222099,-0.40720145500897714,0.035813180917645536,0.32862892505556923,0.3939424420342616,2.460788501784108
0.2869813095638785,-1.1781175758491917,0.6180331633598721,1.3784656497273837,0.34937737067144004,-1.1927199469007856,0.5661382758547083,1.4225287047364792,0.3624331968041172,-1.122157572595831,0.6277678607808712,1.3818552678535023,0.38987645430429063,-1.2197648943362012,0.6677850133087483,11.737597892416842
-0.33341799043483816,1.123290925682775,-0.38784195420167744,-2.2308371052154543,-0.41423275163705525,1.1928619227087192,-0.35075977700463246,-2.2819691562644127,-0.33963177707499237,1.0816016826008603,-0.330286325824261,-2.205797837441133,-0.3717559421345288,1.0581217318048948,-0.37890291490599665,-16.756894645560042
-1.0440775354788727,-2.6941989684330134,0.2143174866082338,1.53897611702838,-1.2015889150556465,-2.5717174915755403,0.1624288386905929,1.6091472439639996,-1.0784271480823222,-2.6317473858222233,0.21326891851572918,1.5689605584752215,-1.1420364541644799,-2.567497678245131,0.13969235424285198,12.807885100539806
-1.1010578860984543,-0.9882438118438337,1.0801799537181533,1.2933182203924376,-1.1883164738925465,-1.0699957607324768,1.0459541098915166,1.288586847715226,-1.2764095662449322,-1.1018969319070695,1.132216750481035,1.2774858305234924,-1.1992294619838522,-1.0536221968416537,1.029258605933991,9.40639938638681
-2.138751083052133,0.09102575099832029,2.276118790164682,0.4514316382246545,-2.04707425896991,-0.002549135658481985,2.288480900119564,0.3705775570915948,-2.147467269337691,0.0956204614030784,2.357013752945992,0.35165656985896726,-2.1344058057705317,0.07629200091730483,2.291794228514403,4.178169695163826
-0.802408320413612,0.19124011160603124,2.623889521612722,1.2106421142536292,-0.84552307327821,0.28864875238393195,2.645470377149593,1.2175132951233385,-0.8176558300685569,0.3648901777165266,2.6510099263697935,1.2680979493971272,-0.8283538845521565,0.28844772540858715,2.5665236420360733,12.66603579674529
0.08733889167944942,-0.7532783398450724,-0.12642477727215562,0.28615991715846933,0.1426154301035104,-0.652116490176385,-0.09215578873895935,0.28110627493732565,0.062492080986924145,-0.6102178166074864,-0.10545733926107607,0.25445792220086433,0.064360765086719,-0.662409761996965,-0.23237951676640672,2.232931611030037
1.1115729978160656,1.772064670392387,0.016364579273600376,-0.6396271485825944,1.1567303039986896,1.6337266571457658,0.11117383460749442,-0.6253313768658781,1.1241444959136628,1.621234074945983,0.12069282629519548,-0.6403878092742822,1.2300606452326919,1.698134141019085,0.00033577700221142093,-8.734077543159227
1.2504878461538795,0.6258761943509761,1.3557640250542056,2.0576636389004883,1.3060143521375418,0.6557314102483526,1.3876859991959054,1.9930984057281134,1.3075223041689357,0.7054765550534092,1.4220788376957516,2.097915812496109,1.193261405723638,0.6655321781921925,1.4617008745829256,10.10892052674863
-0.8302835135459201,-0.38924243621733057,-1.2756005746723047,-2.0039969256099672,-0.9171794601305993,-0.3643089853823527,-1.4081144462417947,-1.9387299574566457,-0.9101769614504566,-0.38069131257116384,-1.4216502964831559,-1.9249766110180246,-0.9125001625726165,-0.3142950392944812,-1.429456499912984,-15.86970702696273
1.7956767068211927,0.7918959898566231,-1.5230941974697982,0.21142770031524744,1.7808876026463756,0.9179974518850258,-1.4256394702334734,0.17316112546901438,1.7903404363121582,0.8760852414386484,-1.426374069625356,0.23780453172503355,1.768523528407864,0.793232461235876,-1.508444046131993,-1.6656210431069443
0.6180796565891145,0.013046819535422978,-0.8748702652394315,-0.6684542866738835,0.5731100872975523,-0.02537678229553151,-0.8376950633091547,-0.690780535553845,0.5543280024119267,0.007486949916936485,-0.8965211726816229,-0.5714796255071389,0.6336086954393666,0.10780240416406242,-0.7726973369618089,-3.613291311874117
-0.3089327924488212,-1.9307501853416604,-0.9846400449235888,1.1036777169406746,-0.2829424614615512,-1.856766831874215,-1.0310387895811548,1.0773502674967492,-0.21872844255134535,-1.8840608571071014,-1.0696989378417998,1.1467054001771033,-0.2500880859485052,-2.029588307143889,-1.0376407381759591,10.32542160776073
0.7367410186581722,0.21454824924275961,1.0043033175724232,1.4874834105657935,0.8242486000876393,0.2245647834841656,0.8515173919716472,1.5360438377313361,0.7761666615502627,0.2267362632267373,0.7380406704271713,1.4336458362787876,0.8272233523900292,0.12481550355906076,0.8449771076803785,0.07028109167560181
0.6934097695546493,0.4747708018755176,0.4869801599508444,1.1244814523554147,0.6750906967897266,0.5265659453481006,0.5477142933527157,1.1385568468912135,0.6553498041282235,0.5398231697207521,0.5777686351035025,1.2162961728759376,0.7391365675800089,0.5333866834522342,0.5019024815327101,1.8783465995011457
0.36685867754017165,-0.6828094379545505,-0.8213839977022749,0.3714038969288228,0.3192650554734585,-0.6176160339244385,-0.8176461242362196,0.40810330230701186,0.3345097962687351,-0.6108486353929212,-0.9249479896162115,0.35766718934421005,0.32646019064549453,-0.5731644537880278,-0.7357016157035933,-0.2005760036404598
-1.101744570253525,-0.9773034264736441,-1.3274190760571374,-1.4489323940017411,-1.1046933224564264,-1.0066726657263487,-1.308844796617719,-1.3715353291795351,-1.0659568794807566,-0.9766383710506783,-1.329554402177019,-1.3911630539235482,-0.9879702950880068,-1.1496149027524487,-1.3191061862493536,-2.4758256364348075
2.498128319174092,2.2676282544386326,0.7756174747532352,0.26908887907753687,2.600903286990469,2.178376323226954,0.8159972367040322,0.28418824555350575,2.5483206990250533,2.2456914778534913,0.8319688297078236,0.2663130670841297,2.5385458048373946,2.215885534680188,0.7911517557594949,-1.4647437718821492
-0.8035268345971686,-1.5307806440374092,-1.1434426928579358,-0.6252277195677837,-0.6925844301102145,-1.4743944973932668,-1.182959394326071,-0.7083113022306442,-0.7212149751154832,-1.3934117411435887,-1.0713360291871776,-0.5797187307780103,-0.6733250856075064,-1.4126032745107282,-1.041579157909228,-0.6929197537436639
0.6979270271686997,0.378119562049989,1.1608932523182947,1.2210177561120776,0.7691540083762005,0.31053033935127144,1.1827867859670522,1.2410091205968012,0.7446219873439108,0.25982525895954195,1.1845907932974122,1.1864178898229878,0.8171319068175515,0.3737697635364257,1.208089288465643,7.907921729849777
0.9887900302138406,-0.42613834256535876,1.6931865459806426,2.2323297028007163,0.9023687342853253,-0.34737201610434343,1.6614005552303583,2.2138271925138655,0.8928112965618654,-0.42701406764949834,1.6885434477202554,2.257962110020364,0.9761282228325948,-0.46288191756457275,1.6976455532036363,21.698982703015133
-0.14423354252383733,1.0619839139479974,0.058705080096526654,-0.7902922480076993,-0.14325595350399062,1.0547245624107868,0.11371071278859272,-0.7141497371523468,-0.13514893904625322,0.9539924281997062,0.08880048812863078,-0.8182043597913962,-0.10037344833185739,0.9923518826465134,0.11834579840948195,-4.185044433230777
-1.1102078987164545,0.651088678236326,1.687599746328824,-0.5682081221917448,-1.0964426277697776,0.701332431679038,1.593933705264243,-0.46218589703510377,-1.1232116681482807,0.6520525823590366,1.6128395286126713,-0.4658244489206756,-1.0717320818577791,0.6237922898675754,1.626517749100369,-2.8111982713707477
0.10027615677078781,-1.2267451689414233,0.028058675374322932,1.2786065432322713,0.16187281928122296,-1.0821349924168062,-0.001368652718499893,1.2727222690156725,0.14616297927756866,-1.1119400374510637,0.03861929158029955,1.3419969179522735,0.14021144282340503,-1.12026500574333,0.04383362911405879,6.972134161031175
-1.380159407560689,-0.3193529367966799,0.11516723860688909,-0.7012066999456917,-1.3776202457775664,-0.36762091812743974,0.018324786841911064,-0.8341015091064975,-1.2547800761402954,-0.3140920403760131,0.06896315602199421,-0.6663096966075491,-1.3291194255085568,-0.36334589521729976,0.12169264942172238,-12.828696094430473
0.07555382834756312,0.7853764693009889,0.971757701332536,0.42156039904246884,0.10223068351550767,0.7302947231385564,1.0225021557495921,0.4314004580507002,0.11965540719709405,0.6923821339618987,0.9828563799210638,0.513817048661638,0.09302505223782301,0.6879066702438795,0.9629047103692189,1.9823809515118838
-0.926910181109275,0.4448463378289392,1.4742384053352864,0.17986718011856695,-0.9803277826018638,0.5380580617637939,1.488472926100304,0.11210214178704574,-1.0405488080772984,0.41516914912275343,1.4193632679649952,0.055215972522198495,-0.9851056717960668,0.5112524848845433,1.4542945792385271,1.3285134304654036
-0.8409873364063141,-0.9251494777884973,-1.5400410630052601,-0.7897237637818594,-0.9256801788250397,-0.968664460811489,-1.6396796386524273,-0.6571531543058038,-0.9758751327911539,-1.0104731056788698,-1.4977714500233197,-0.8265316377408611,-0.8058051785550193,-0.8991704606794876,-1.5848760627065046,-11.968905892686085
0.9246513962612914,-1.2677146762876872,-0.26724309906984134,1.7541637705031004,0.9861832998257524,-1.2270803407664752,-0.2507820629768837,1.7770468835545876,0.9462624605294275,-1.2654670088233804,-0.1835372377909968,1.8181504727196651,0.9642927513105732,-1.2343286757306147,-0.2791032681595385,8.250657734239814
-1.6715688513979794,-0.2933150353524039,0.07868187973109352,-1.4470282356577047,-1.6907796205252403,-0.03220888009584144,0.11341147282986866,-1.5234890697363828,-1.6745312608424805,-0.1698893966506267,0.1362266700436204,-1.4432744995061502,-1.609157306307095,-0.1376386218739379,0.01705988852579543,-7.820155545400939
0.2711276183135601,0.9318435971458382,0.4543472289125674,0.1105151166369247,0.285974249635951,0.901367050673451,0.4701768072872006,0.03738994946469135,0.2901627738018933,0.814479335133773,0.5618491708373332,0.1312523156106392,0.27714914916656513,0.8834931484313442,0.5121862619677355,0.3212533511697979
-0.09043790278595024,0.1767405001604516,0.13116878134611482,0.2019291147674551,-0.015036847577007961,0.2925107409334097,0.14085014886876068,0.1601104985649554,-0.047148001006408806,0.28793670729689336,0.1344365780983797,0.1552870729828387,0.09973157158219959,0.2657199840630601,0.22262701203442112,-4.0147327924917695
-0.5329996366651674,-0.7147430834112013,-0.9184627120766348,-0.30941258548016704,-0.5510691884996692,-0.7291129175127332,-0.8167004338957565,-0.3134811253608708,-0.49881776627091406,-0.7830017643746068,-0.8308905241967539,-0.3745481244902017,-0.5636732141520902,-0.8271156860281464,-0.7694185353880918,-4.221241218547782
-1.25096475647842,-0.7403755282237723,0.4015391132729067,-0.2881692421957962,-1.3582449840568953,-0.6876438739781123,0.3517526605578175,-0.38214614050669976,-1.3525657200823895,-0.6651987673094217,0.23983106541979615,-0.3315717363745139,-1.3594804865860857,-0.77875595393708,0.21547322014207376,-9.18090878766153
0.40897941764208706,-0.03718779474005786,0.622593883175914,0.8997578152920528,0.35647236215047856,-0.13596140827572764,0.5851031979816445,0.903612787389221,0.45469282897813396,-0.018876560344563004,0.8139419663387144,0.8619598090105892,0.29859509534144885,-0.11163754543252781,0.6446675664814394,11.955387210512963
-0.13167444780343687,-0.5506020507575964,0.39614376620792546,0.5852866718881383,-0.12547135289289843,-0.5311116662619391,0.3654813875106419,0.5222945646621588,0.0025565229845135318,-0.6684498802184694,0.3304956976838791,0.5298988834225647,-0.15120312533778374,-0.5720387331533674,0.28287036567011997,-0.0637778983071371
-1.3097397715519334,-1.5846345658888283,1.5093499388868439,1.7574380228888686,-1.2537865710870084,-1.5401689456097416,1.4158956587367604,1.7191439835324431,-1.260073057684133,-1.5682692793628312,1.507846717812875,1.7843781969908212,-1.2338678993299292,-1.6063928810036814,1.4630971947081721,13.538865186997743
-0.7143078453452459,-0.4031282970833821,0.42180578872323693,0.033990588227187875,-0.7031995507091849,-0.34395698375553496,0.4852093756365717,0.04685878945401547,-0.7072257112980288,-0.37843736699921765,0.4241977168322887,0.0594592616375188,-0.7481437996358328,-0.3128513589080028,0.46521459810859256,-0.02441116614916157
0.25260010332717525,-0.5275738381130078,0.8849368770272297,1.1742465607827046,0.2876162214146689,-0.5016660021961898,0.9375864317762965,1.2266726069231606,0.20433810594101456,-0.7130565704179781,0.9891768600930224,1.1084691820883046,0.17248089888021043,-0.4684689547675849,0.9689530341231014,14.937153935193933
0.0707134779123003,0.7949522780986354,1.4749803612635404,0.5897034548924729,0.06410932274309139,0.8616851014039969,1.3206019073837674,0.6546164457065137,0.07651081802852365,0.8163922806429456,1.4398347571282393,0.6116959814829778,0.0966154045319837,0.897932441075453,1.345997558775689,-0.2618068644541487
-0.35476483310635654,0.6496079073986711,0.07951987187965162,-0.6619678987179144,-0.5080795361408633,0.6079605105611934,-0.05920941252324129,-0.5987929912751311,-0.4639240609923321,0.6560601917403003,-0.011040462668104632,-0.6568430956098125,-0.44742592884717713,0.6215304379947871,-0.10282651996260002,-5.820693795325456
0.033049063998309966,0.5398778696478874,0.9015592961097196,0.00032833191459135866,0.009707978673932277,0.5996032092935458,0.8888508943715117,-0.04792464993536606,-0.08583659985162426,0.6957900698611943,0.8525911469466447,-0.05547691372629354,-0.01607940911845848,0.6373029199808475,0.8547809281361478,-7.09679538008932
-1.0485681746811986,-0.14499287159166574,0.8933532993474782,0.3771744460484123,-1.0475890874919958,-0.2590876032439678,0.9617511594803705,0.34737163848091446,-1.1885346795646483,-0.16247314755453532,0.873544823979334,0.318278381364393,-1.076043098951242,-0.3008990424496696,0.8807738997679434,-8.08900233077803
-0.012583262962591754,0.8187507041428346,2.115474799782542,0.6322321583351618,-0.008207001136603179,0.8220323241997122,2.0789333684067195,0.5891297816568982,-0.007583418011702127,0.8268673506353487,2.03567904368204,0.5461544661172232,0.006006104200880921,0.8121091740316203,2.1515226413914554,7.155928069231814
0.958653515243175,0.23085018835399174,0.9519861341854193,1.373980979616861,0.874896496485191,0.11269747931379394,1.0149841494306462,1.4435063405617332,0.9033002063426926,0.19757738087993193,0.9284741634243103,1.5059161461564663,0.9733345976111345,0.24759579123486214,0.8600846580902023,1.782911915212689
1.6796861170468942,1.3733122850376027,0.4728464663057936,0.5433075946676104,1.6027821344685798,1.4215605710677772,0.4957195027880905,0.44826278601217673,1.4800621101233133,1.4533459900787724,0.5497539183075669,0.5382505359098196,1.6632726732056757,1.337055144486311,0.431882576164611,2.2148728543254137
-0.2354626305168818,0.7383439969069499,0.511252349191972,-0.5371321108758189,-0.3137585015809122,0.8282947199922979,0.6146386082613232,-0.5460679921619989,-0.23558941634041444,0.9333748117618816,0.6110821551882155,-0.46213277109782047,-0.24369091936439544,0.7646348226689014,0.6156823042855503,-0.09572325982261454
1.6986459144737063,0.5692643867751248,-1.3012869468620563,-0.00039673285111251066,1.7558503945613642,0.5862561997497036,-1.28954469810574,-0.026739036802164395,1.7217945557400092,0.5829587109686823,-1.249416135270952,-0.055178893382907185,1.7157755685610618,0.6030105644399028,-1.30539252283903,3.0631848721922292
0.04984041196285561,-0.03503060682830431,0.39272263369917515,0.9522263411481532,0.004703033654326949,-0.11036875432362953,0.3531045254727717,1.119530831099789,0.13960120385930597,-0.168649401724388,0.4180464021122474,0.9494121660045476,0.033654900245088895,-0.07168434536896948,0.3082365249816065,2.0051115780042323
0.37484946584789164,-0.8216552848605326,-1.994770470726456,-0.7911135405372347,0.34791527881779466,-0.8417170272094843,-1.9633625914532273,-0.7831504122263655,0.3815778380137551,-0.9348974488920849,-1.908015866603849,-0.7941110397615292,0.3433628099774186,-0.8754206898242978,-1.9604741345828935,-8.83361234100972
-1.1192780465647676,-1.0394445598721422,0.7118537478461885,0.05776863381607288,-1.1049668667821522,-1.0640810695988052,0.6629328725479696,0.011523049558713225,-1.1286836552829715,-1.0324000055294358,0.6322223429666061,0.03456505635691417,-1.0809342521013015,-0.9936859913348782,0.6907953165249328,4.495798735935757
3.972061180277244,1.757627287096237,-0.2626945088884456,1.786555940135805,3.9855653603022017,1.7648505078812566,-0.21940735478534598,1.8191667074833155,3.8677402940089545,1.7351106319056593,-0.20452030880286298,1.8303450216106194,4.0158077423764995,1.7135287398939814,-0.2528814807837675,17.2675565246521
1.873196133063959,0.3313855589376872,-2.4213662212867253,-0.8013381055653221,1.8000516932955586,0.3444437561088971,-2.402599319751964,-0.8563397945153418,1.7823951579355495,0.38888274899575603,-2.2604492689501634,-0.8905381862158797,1.8357079048821563,0.3220376859014917,-2.4174353729978737,-6.140687485774256
-0.25754798709745064,0.7245110139576181,1.0820200107170472,0.5498930310463671,-0.1391471893766734,0.722012237212268,1.1319008025181745,0.5914609530319046,-0.1792406655738692,0.6747816711958141,0.9726109331139865,0.4805203821910478,-0.1131474014034715,0.7596331548901192,1.0400535315575075,-2.8574784042861894
-2.2727202353838467,-1.3329607036676525,0.20186761984458088,-1.391107932675454,-2.3483268127252543,-1.3052616378778321,0.13119488317855257,-1.4023383676886707,-2.3022863804235643,-1.3757660188332377,0.18522265082092232,-1.4025790079039964,-2.40746118327858,-1.29271354130859,0.15348544727858465,-8.009785378683477
-1.4716333330001234,0.4762542063987064,0.5608230502365082,-1.240730017788804,-1.577084995321487,0.5558390394679602,0.5664407971396049,-1.2633948975996905,-1.5281955905497602,0.5771823690036726,0.6583935774047607,-1.2743210724783036,-1.4561645697232275,0.5928271221486232,0.5648411223854175,-7.176776341428823
-0.48488427902505915,-0.2661673488760457,-1.061346278431194,-1.3626313959342478,-0.43055219505708425,-0.34684395445321975,-1.0929021629896354,-1.371943133535195,-0.40521162332860994,-0.3394475239889914,-1.0500857192575428,-1.3198914186855533,-0.48324506680887347,-0.3255597471549948,-1.1243179038905933,-2.6360298953860495
-0.23180705719046626,0.6321183856558295,0.3822091463486596,-0.25188133486847203,-0.26141488117621253,0.6162187809631654,0.3046626892487004,-0.2813013343568215,-0.32521825136918847,0.5901014468912636,0.3325088826424892,-0.23932057114966707,-0.3139774306877899,0.5664555191202937,0.36656122445062506,-8.37226065385192
-0.9048632964187876,-1.390089827721803,-1.5622378742604817,-0.5652362563012708,-0.954447133157399,-1.4358384509879096,-1.600224664050408,-0.4147204943032797,-0.8567574635450815,-1.5033078674893137,-1.6242592698419198,-0.5172725355977177,-0.9269815710051946,-1.3770571352540708,-1.5906557605512177,-9.37426531039064
0.3201064054475248,-1.6098925066647964,-0.29427103454388354,1.2415389366219172,0.37065321483588026,-1.4879487881152442,-0.29119442207220797,1.0920049051657477,0.29465634469713664,-1.5700906592544641,-0.2713836554273677,1.1406529630409254,0.38279518665496604,-1.5027767582284157,-0.22931567915859677,20.30748001193193
0.7824734949003944,-0.7117016325818946,-1.7566358977887424,-0.7486600210142286,0.7571608460977536,-0.8370780374430234,-1.8597736314415203,-0.855488515984015,0.6324276321903375,-0.7135137263022957,-1.7725577390784504,-0.8598062185880601,0.7139534944373189,-0.7215448121557768,-1.6707436253090628,-2.0042546604524283
1.237992591373581,1.9116508548451885,0.14346391874194547,0.03000841902520923,1.3003330998627662,1.7045179430307766,0.241511862666741,0.12718317896065967,1.37412701959577,1.812315140273976,0.20480677668685862,-0.016781016302661066,1.2917413039591852,1.8183339409175594,0.25042672690637074,-1.8182659941314006
0.280373766917636,-0.5627261442838254,-0.17789258427010177,0.7532688676701648,0.3217708725795183,-0.5250545905763772,-0.21229059260659897,0.9011029637471455,0.2556835708327448,-0.46607438616718194,-0.17044185504180726,0.8304432071549201,0.24140541221294334,-0.4554380246285203,-0.14451567182439057,1.8382637299032343
0.18089577696743553,-0.5325589250748357,0.05005043205337775,1.1926646778301346,0.28326795011892825,-0.4810525944284148,-0.05057680996869949,1.2177968753493964,0.2107793948430232,-0.6160727053638906,0.007449384242092949,1.231698508421591,0.18374615047802514,-0.6147816428038855,-0.019859644543751765,8.476337214819013
0.20415132237201172,0.15881373954968536,0.5679167485275323,-0.07143130086198764,0.19274222273041247,0.2598669473196896,0.5373124840590454,0.04012879114784591,0.1567648882246856,0.01106706804528948,0.46549822087987386,-0.017850941186824003,0.16093589055604401,0.13418772148084257,0.48352933377361434,6.122675344597422
-1.1178332595454925,-1.7476253182494965,-1.085914155815216,-0.06972551429418317,-1.0640547901752637,-1.57884476905879,-1.151287488340472,-0.0689894167565043,-1.017662313850903,-1.696558841181309,-1.1977603242317825,-0.013695458174101949,-1.0742640103366954,-1.6030795960592827,-1.17781827954134,0.7594809204661088
-2.1145753479740956,-2.2034636718671368,-1.8018218162648343,-1.1469643952775102,-2.2513823423302846,-2.2377569388477645,-1.6662236154097874,-1.0666538905769711,-2.261274817892081,-2.271436398181005,-1.7141762616069809,-1.1400987554597077,-2.148202456020221,-2.150120773095532,-1.7118857583847846,-0.12311379926642996
-0.26427100513418733,-0.8452234271095695,-1.4832451471654082,-1.0750494373625366,-0.3236337336677167,-0.9760093414506784,-1.476894103030179,-1.0257838638185774,-0.2746694952106188,-0.869452973920033,-1.451646496889506,-1.0476838028614641,-0.30055963035538075,-0.9442568673373908,-1.5025330338628482,-5.850862561672418
0.004176173613518366,-0.2806828800785457,-0.36998848560922115,-0.3735286795907147,0.031211604124173238,-0.36777850752769536,-0.3103089774617325,-0.4007139124113876,0.0821951056076003,-0.08634036676101123,-0.2739524081324778,-0.37157460932611314,-0.01439353313283255,-0.23813974905191274,-0.31434593458976867,-2.541050413836442
0.8600864862609925,1.4526177361012822,0.26639021559045584,-0.1810146737702263,0.9360583682875868,1.3636200020110505,0.26114747418209,-0.2938390553402356,0.878108645197893,1.4290802109694338,0.20490466043776118,-0.19902357030482065,0.9095997213598186,1.3727747200642597,0.21962345645114975,-2.265637393931302
0.04207644001772169,-0.27114219914679344,-0.2074517098618724,-0.05737829264081828,0.07799809549846462,-0.19770771031480155,-0.22683552360296375,-0.1474174938348085,0.16052875153774282,-0.05100602083815911,-0.15135819328139472,-0.15279742892758172,0.03378370156153262,-0.22265560227557663,-0.22293059496940812,2.1897682151682933
0.01751297944075746,-0.5010783446123124,-1.3690875901628545,-0.9108612999397726,0.023779269577595172,-0.3613092672370322,-1.2925584600029385,-0.9713451351149694,0.007364271147068134,-0.39790205252285776,-1.4121302364893162,-0.8183640533441916,-0.001565179452067772,-0.4120985525220577,-1.3937465393501667,-4.033380014042255
-2.0589864135698837,-2.003756629155818,-0.9447710670886342,-0.7763317302011087,-2.059114572952197,-1.9671962259581335,-0.9127964999204667,-0.6418523476796159,-2.0383020752536436,-2.0420808108138915,-0.7847470034459505,-0.6925815857010995,-2.004474122189079,-1.9535383523169854,-0.9056178188914035,-8.746690298488744
-0.3434046926164373,0.4329890845350277,-1.0947731474254756,-2.0615822664350167,-0.4665984651863077,0.44309007458599514,-1.1020271570127826,-2.238102887646611,-0.4824173736216373,0.4491156245424583,-1.1535271545255368,-2.109536070446299,-0.41350547365589363,0.4543029443006238,-1.1903070576254855,-11.358899424759088
1.0499556408414203,0.016492637151250635,-0.6162239514361321,0.7156200148922176,0.9635362994453234,0.007829073025398814,-0.500785712836809,0.709023083711371,1.116346154882806,0.14135324154634132,-0.5079503609729795,0.6863619513537264,1.0060519112888582,0.03634568907650415,-0.576973548877489,2.4431765972406363
-0.5781179125907125,-0.6400830209757168,-2.1208853426273775,-2.0178731116328144,-0.6539167448515416,-0.7286017206865556,-2.0716582059792716,-2.098069434606212,-0.6878242108896124,-0.5890846129582491,-2.125192816204382,-1.8894071910927939,-0.5377141229373865,-0.6548196837775531,-2.06229615839244,-14.119018983497305
-0.36414834942475477,-0.3110462574778339,-1.0784668212136705,-1.1093127920471124,-0.39460314905143806,-0.32488458883505955,-1.0620892478960529,-1.2184791551199232,-0.32924679781698013,-0.3663578415907853,-1.0034076271583856,-1.1510509889777634,-0.3366808198716936,-0.3555897818676764,-1.0333995600917365,-5.6396298304258865
-0.2278073346670188,0.2314069375377658,-0.014128048379626501,0.011031763225813992,-0.10580368363286363,0.22335253293305135,0.066016319664428,-0.1184860602859048,-0.20808098405305409,0.20115916877602996,0.08734086810868616,-0.062476703784549434,-0.12963833405114256,0.20910569902759513,0.05216510776149666,-5.915780976044371
0.1571536619089643,0.22551350807244605,-0.6436761126123699,-0.014083289052124958,0.10879163912366373,0.25126439295233866,-0.756081896639021,0.057222672086537404,0.13598914832392525,0.16020698585650217,-0.6512277972247538,-0.03739744977945323,0.26484516923139817,0.3014936148628461,-0.6353322658644328,-6.358217337516215
1.28706221701274,0.29334095135913535,-0.38869315375780344,0.39445307617575814,1.2161869776087715,0.21148203997988557,-0.467776607730539,0.30632841540666644,1.273495432211579,0.3044453691947898,-0.5040854977081375,0.32820204704109696,1.2585482927570073,0.1593539549951769,-0.49972342052303403,-6.862084704814736
-0.027490980746231273,-1.7427370115886243,-0.8812888064827473,0.3081721146649439,0.022735640590703522,-1.6879211149975202,-0.9971533010473285,0.2619493020679281,0.026462801363758892,-1.6427867614843297,-1.0465355758813664,0.3491970579129165,-0.12424119141887509,-1.6805918815101228,-0.9583081729144626,12.082731629985862
1.2431381060653237,-0.17432241176910054,-0.9557634406848261,0.47532329499095843,1.2029897139093058,-0.25571779791835975,-0.9539462590860699,0.5476442761858673,1.154419375178431,-0.2750233735676295,-0.9465035968401558,0.4609071782602199,1.2596168755281543,-0.35396609235195375,-1.0093145377238013,6.726220459553295
-0.9332693263794632,-0.021124747158859904,0.015899833040696136,-1.4975113125778552,-0.8943111281250153,-0.034030778962269526,-0.18859953927730785,-1.4650967771420933,-0.8628083021643069,-0.013866661370767024,-0.008487275227856306,-1.5368378968526308,-0.9969323334730891,0.08091892687446246,-0.04928280635354407,-7.848725257957573
1.7324719062711802,1.4223656259828328,0.6065303611642303,0.6767710242200545,1.7769853965518774,1.2778847059949043,0.5316438070133129,0.59679524675578,1.836211523454932,1.3351073020737954,0.5885674894530969,0.6239855567873636,1.806562767127395,1.285249474016274,0.5246873681844534,1.8932444386099925
-0.9860108671804202,-1.4595744985053811,-0.09859285732914125,0.2659522525976665,-0.9670045011118785,-1.4268940971317732,-0.160941566209985,0.2448258712784555,-1.0267413344203593,-1.4404459442916933,-0.10917362061151226,0.22629209918676813,-1.0655308426845767,-1.5222024647401757,-0.14088073666205658,-8.581266436700599
0.38800873149527865,-1.1738045601115579,-0.400291714284088,0.6933619263815691,0.36113273215316893,-1.1167543923904153,-0.36860133506827375,0.6070977751876628,0.45248873902320147,-1.1009718240406399,-0.38508001563436456,0.6641992497747088,0.34921358882364995,-1.0702655542786834,-0.46716605661305755,4.221442648861833
-0.7946062026720203,0.10708916188558491,-0.6866726298291715,-1.0217439940100705,-0.7284685430625304,0.11814255944297773,-0.6819595308181524,-1.0350406672543864,-0.83466469811135,0.04762095057795251,-0.6915001748550322,-1.0161480574964756,-0.7800110431794417,0.0568936975182754,-0.6591106499723453,-5.698107728662745
-0.8469481632041401,-0.6294027264443244,-0.10812780029493575,-0.46667262413026267,-0.9124154213316285,-0.6106413320608436,-0.14351292512381614,-0.44133422234383507,-0.8664012301001874,-0.644388538387541,-0.14502398465911842,-0.3827240254620985,-0.8736685563228943,-0.6856571410121552,-0.09667654717497823,1.978297023059241
-0.7815364409304372,-0.34849828995548915,1.2188671112779188,1.151291570125107,-0.7527288792505653,-0.4153860542839645,1.2795523745519333,1.1036733717756624,-0.7106131476265386,-0.34125674846318077,1.2486887266901507,1.0801368908882683,-0.752005878690698,-0.45370448273292074,1.286998606407959,7.921731950607746
0.765542961096184,0.023954212763955367,-1.021395391541158,0.19113964882402432,0.7244093490526947,-0.037748863182720936,-1.0688327953116536,0.28734612431469425,0.6669024009828489,-0.0004272109049179504,-0.8826186537056373,0.2655051397386822,0.7612088012360069,-0.04661265753773841,-1.0160770525377851,1.1107731077917478
-1.7787723995753957,-1.6082650087936918,0.12072096873104031,0.27485870717720384,-1.7373648492956844,-1.6219936168690572,0.15415422496561454,0.3143512345451102,-1.750858657412027,-1.6743179438581506,0.13922418962128597,0.2693880039300672,-1.7997472573039717,-1.6853671340095029,0.07964895444541012,6.477297233939195
0.9784532734246656,-0.7548286005310794,-1.3026086728781805,0.4696252109501783,0.9804631273060478,-0.7616360739525241,-1.3201917335027122,0.2776066914078325,0.9178693001085212,-0.7757460884483683,-1.3116639908231547,0.46298452634441845,0.9330725401438835,-0.77829020693662,-1.3839458703465044,2.602526463504554
0.4231191373955926,-0.9170614975421066,-2.062527184177904,-0.451364408413775,0.3271305115252684,-1.0114765763344504,-1.990347838954624,-0.5181021736812716,0.3373280313724112,-0.9785658872768972,-1.9873243953301147,-0.42821719588301455,0.2983992628881822,-0.9600661269044974,-1.9327169728354936,2.4482192847564663
0.26646003615525343,-0.8886061896734861,-1.856753752598255,-0.13591134870890506,0.3444864224843843,-0.853574470355741,-1.863278663722155,-0.24064665668149338,0.31213236132086863,-0.851802108840957,-1.8673174833327253,-0.22154819579142876,0.2610373555717342,-0.9369375467589708,-1.7823927869778824,-2.722154734640438
0.5737837723855223,1.1296970322858535,0.9994291321278673,0.5191478281932181,0.5912550176799062,1.1376678062075374,0.9953660499167956,0.5035877707438388,0.6127881693800077,1.1028070120499733,0.9685283193398159,0.566488103060961,0.6403981723292622,1.1167311058567597,0.909956616522771,-1.8778634170403035
-1.8890485815221987,-1.86991989262506,0.3447398971053121,0.2958107311808087,-1.7183213670582997,-1.7320442904578388,0.3111966739005092,0.2807326825593711,-1.7731766341948416,-1.7943908844416196,0.27197870095469817,0.4587802769411909,-1.83458010846646,-1.687726184141313,0.2607551877719989,-2.193011097532807
1.4674912297468767,0.8483928613697614,0.638715399717402,1.143780198410433,1.581966439733135,0.9018096802354589,0.5228396541102888,1.106617519047816,1.5984166772726116,0.8391197053555604,0.6240091747200943,1.1431138765685773,1.475507061752682,0.8186160047742398,0.6396876184078923,3.089497784681736
-0.5916229147857296,0.8654641893956511,0.7709424091948408,-1.0716711495936866,-0.5686041025224077,0.8703048188523225,0.7821360909727383,-1.1564751222919847,-0.4833968630395045,0.880852954676789,0.7530104672826167,-1.084628239178487,-0.49833726601185213,0.9039010337521818,0.7349956591166986,-3.8699777758423943
1.1675296212457213,0.6203022237223268,0.232306559761841,-0.20597802867910833,1.1139581017352371,0.6213502801669568,0.2538808504312508,-0.14641063299950535,1.1379070044133566,0.5816610648746068,0.1682580556203378,-0.11715978580456876,1.154760159839678,0.6385415785051747,0.22769914198233523,-0.649706972491936
0.03245250872449347,-1.4074220565181554,-0.9509815197576362,0.5625216516065393,0.024099487586536586,-1.483622479840318,-1.030498758038998,0.4558296403729981,-0.03079770074769285,-1.4219235021592578,-0.9828235176809729,0.5284237978322838,0.02270802838877755,-1.4979564797814775,-0.9334954628228596,0.7491330637974505
0.3200927939252766,-1.563369839857373,-1.1763068504911476,0.536482928171597,0.33189179740442726,-1.6259970053182624,-1.1998560146211392,0.5500406420521095,0.3268521964957433,-1.591126636522445,-1.3095530447727994,0.44684596196108944,0.27774692239284204,-1.5158009673908008,-1.2961365519509256,8.39846596578073
0.14802246306419803,1.032727944529803,0.6264464026839498,-0.1857787582162104,0.24787993408928885,0.9204145007548294,0.7431282336138947,0.011855211568777557,0.2151185739624791,1.019988383464615,0.7508085595789246,-0.043378973542356994,0.26682728289537366,1.061955324757916,0.7654877276099497,-1.1929218802022057
1.5590451770957225,-0.07839015061974226,-1.3098536856197087,-0.22239822252874097,1.603581187273499,-0.0507578736672472,-1.3612055371504839,-0.24241985135240768,1.5548727495676842,0.03728429500030374,-1.3037895530717822,-0.2760993190989641,1.6217174944948547,0.014247758982782813,-1.218053580475023,5.838408424959539
-0.3676057946773016,0.38823615596637595,1.111206216535421,0.18718475338119944,-0.3435050543614734,0.28188720459850053,1.060717610332185,0.19816567184682152,-0.41554510081386437,0.27859181761265434,1.029783609941646,0.19155160450686554,-0.39981465646405334,0.37166071397660483,1.0437581843537107,2.4638761254397594
-0.825803959840342,0.6402907330871073,1.4401992852275023,0.5111607300886432,-0.845078710182255,0.5670190761789946,1.4337422952953067,0.3886307464050724,-0.8853574247920508,0.5608550612486201,1.3824572681897054,0.5751749019885283,-0.9665549204751571,0.554750960464193,1.4043720730592866,-4.174468557199305
1.1591509025838544,0.6643745957456912,0.24746995948329678,0.9376159245623952,1.2078322827277226,0.656923467299303,0.30791498967328745,0.8281052201386887,1.2060420524601332,0.6412059031949806,0.4222643494163371,0.8253248633550561,1.113055951959836,0.6155824454383171,0.24483401094103685,5.2345937092937564
0.22817960000714327,-1.1963653358852115,-0.8058007603770894,0.14355650672568404,0.18866990782492715,-1.3355341828648502,-0.6958819690147184,0.16378379905027682,0.24066425506190334,-1.2545363301207884,-0.8257906890081248,0.09696311679548242,0.15767597680529444,-1.221156849752865,-0.7286201573847761,4.641204798658894
1.1232456906781627,0.5975357585543591,-1.9395128849357275,-1.7267902172348073,1.124788963332748,0.6063568565666949,-1.902003947501431,-1.6487196611720127,0.9463244885497998,0.5932649214081993,-1.9112713628387017,-1.640788427481548,1.04899918179695,0.6826352790736305,-1.9829288896025912,-13.098786994438687
0.20725552001401523,1.0135012490726039,0.6168972068750581,0.106248091449137,0.18439091172409308,1.0347838263294686,0.7702782827434842,0.09908473774798368,0.17689251621202326,1.0588736990418217,0.74418088476275,0.05266081189205951,0.22760153737198108,1.1086226224585174,0.6935528639971619,-6.148745334892117
-0.9879445930985521,-0.7120017585647026,0.01622108491542293,-0.8530258165250818,-1.0221202597938148,-0.8028471083492434,-0.09726897294937571,-0.790958257914439,-1.0644024168273556,-0.6586568318803088,-0.036514333291849665,-0.8965327151319854,-0.9596040587972539,-0.711822891885187,-0.06128107951811777,-5.700459870537915
2.0992115576536396,0.12976383706963707,-0.8324715930753666,0.8375877540940482,2.16580757077287,0.05896944880057366,-0.800108899323644,0.9486525689145107,2.06645024788743,0.061166436088936765,-0.788782684367681,0.8350755414920352,2.1024607991775963,0.0722070594705758,-0.7820887818358828,15.773820893961677
-0.09845103674022086,0.45879939363841665,1.0024191951822552,0.12239479617886484,-0.24030383804868313,0.4399580461698682,1.0455638509522585,0.17898164619896406,-0.19529773501047928,0.41202847253431857,0.9894553028593174,0.08422024690645456,-0.28309327202328727,0.4880668404061532,0.93539886854738,-0.855442588599384
0.4439912067456959,1.5688259565551839,0.5301543045559077,0.23655422979119756,0.6290127352748669,1.6136187980278072,0.4958831723528795,0.14996665095951883,0.5368446150577277,1.4773647688124116,0.5683049181143662,0.11390904172055857,0.6213092508459002,1.5890490479151516,0.5665628356555799,2.255046132784676
-0.23455067856965303,0.49247797098520657,-0.836784323879807,-1.877869662927279,-0.2241198003293528,0.48673103267940354,-0.8459628669442463,-1.9492105374671147,-0.2981997913424502,0.4186253703715264,-0.8392320278030263,-1.8448077111440344,-0.2051159141379751,0.5283760863745341,-0.8001334076341386,-12.465513358435711
2.3808666524840874,0.7442830402858924,-0.9318236893625714,0.4092973002916912,2.3788742795939988,0.8273068167478201,-1.008851746548412,0.3070417030830094,2.4516155912626973,0.8239645434450784,-0.9685031163072796,0.35057365419056125,2.323696900420694,0.7727145726967155,-0.9586105188046237,7.915555071666525
0.3584064970006886,0.30869917954204096,0.4531626937624159,0.40720001836421243,0.23940323709062167,0.2078277538119943,0.37835317561597637,0.3144497469565355,0.2148250520616652,0.21246654437618162,0.4115106344533669,0.3438111344071213,0.34670317541018875,0.29852817347582444,0.34757916749580425,6.041852986530084
1.2405075833800885,1.541882894716709,-0.20685301278259055,-0.5713517827850066,1.272410295866233,1.5584172067413324,-0.24093516975986337,-0.5134124281511656,1.335219805755736,1.4838117153534562,-0.19050686762381638,-0.5505464058506446,1.243604991817674,1.433267567366335,-0.1917161996610598,0.45398521365826916
2.0719707687200115,3.2122991573774002,1.8326556274180663,0.029235268323216018,2.0795005229396053,3.268780794649085,1.8596194234844117,-0.1403171919356821,2.04720460560516,3.234640156663416,1.8020663663742575,-0.05773787786374936,2.0813622197229615,3.252973196648173,1.845169105409984,1.07795132334728
-1.0193830824198975,-1.27615706356058,0.15205072897541752,-0.2764813049797482,-0.9965927247279537,-1.4337067170808957,0.12986172999602094,-0.29647215227277024,-1.0588590618988118,-1.3129565156962348,0.17545669497723956,-0.2333129596556498,-1.0022880974110788,-1.3729549065599176,0.1271223216398316,6.850370076780461
1.2296331639010056,-1.6940719884700701,-1.660474127877302,0.7353002591343444,1.153410012660819,-1.668467634991015,-1.5751415168663596,0.8189571870597717,1.0476194869628082,-1.6524797477933468,-1.5684942751152446,0.7629168238274899,1.1804928671648616,-1.5939390308166452,-1.633005597163141,10.57814042513361
-1.0893287347992207,-0.6147727430413515,-1.6352472198965224,-1.0798809452222342,-1.1639799032265115,-0.6133819854971686,-1.5954348880773672,-1.1675613914246141,-1.0525861389923683,-0.6286240775601888,-1.6791973453466573,-1.129792173133348,-1.0921666590121937,-0.6956354930174522,-1.6209336311504305,-2.5733959561033615
-1.896831418508468,0.671274614533568,1.551029447726345,-0.8542798995051599,-1.8143690504075334,0.7620080725303159,1.5168514816727325,-1.0054844699024719,-1.9159770634472055,0.7351459163402851,1.5234020012477947,-0.9299087679108522,-1.8396814018514358,0.7813594451751071,1.526553921638148,-15.039183155149392
